Analysis & Synthesis report for model_top
Thu Jun 11 14:54:01 2026
Quartus Prime Version 20.1.0 Build 711 06/05/2020 SJ Standard Edition


---------------------
; Table of Contents ;
---------------------
  1. Legal Notice
  2. Analysis & Synthesis Summary
  3. Analysis & Synthesis Settings
  4. Parallel Compilation
  5. Analysis & Synthesis Source Files Read
  6. Analysis & Synthesis Resource Usage Summary
  7. Analysis & Synthesis Resource Utilization by Entity
  8. Analysis & Synthesis RAM Summary
  9. Analysis & Synthesis DSP Block Usage Summary
 10. State Machine - |model_top|fc_top:fc_pipeline|fc_layer:fc1|state
 11. State Machine - |model_top|fc_top:fc_pipeline|fc_layer:fc2|state
 12. State Machine - |model_top|fc_top:fc_pipeline|fc_layer:fc3|state
 13. State Machine - |model_top|state
 14. State Machine - |model_top|pooling_top:pool2_inst|state
 15. State Machine - |model_top|Systolic_Top:conv2_inst|Mem_ctrl:Mem_ctrl_instance|State
 16. State Machine - |model_top|pooling_top:pool1_inst|state
 17. State Machine - |model_top|Systolic_Top:conv1_inst|Mem_ctrl:Mem_ctrl_instance|State
 18. Registers Removed During Synthesis
 19. Removed Registers Triggering Further Register Optimizations
 20. General Register Statistics
 21. Inverted Register Statistics
 22. Registers Packed Into Inferred Megafunctions
 23. Registers Added for RAM Pass-Through Logic
 24. Multiplexer Restructuring Statistics (Restructuring Performed)
 25. Source assignments for fc_top:fc_pipeline|fcl_weight_rom:w3|altsyncram:mem_rtl_0|altsyncram_hvf1:auto_generated
 26. Source assignments for fc_top:fc_pipeline|fcl_weight_rom:w1|altsyncram:mem_rtl_0|altsyncram_e2g1:auto_generated
 27. Source assignments for Systolic_Top:conv2_inst|weight_mem:w_mem|altsyncram:mem_rtl_0|altsyncram_2qf1:auto_generated
 28. Source assignments for fc_top:fc_pipeline|fcl_weight_rom:w2|altsyncram:mem_rtl_0|altsyncram_j0g1:auto_generated
 29. Source assignments for Systolic_Top:conv2_inst|ofmap_mem:o_mem|altsyncram:mem_rtl_0|altsyncram_beu1:auto_generated
 30. Source assignments for Systolic_Top:conv2_inst|ifmap_mem:i_mem|altsyncram:mem_rtl_0|altsyncram_o5u1:auto_generated
 31. Source assignments for dual_port_bram:pool2_to_fc_buf|altsyncram:ram_rtl_0|altsyncram_43q1:auto_generated
 32. Source assignments for Systolic_Top:conv1_inst|ofmap_mem:o_mem|altsyncram:mem_rtl_0|altsyncram_beu1:auto_generated
 33. Source assignments for Systolic_Top:conv1_inst|weight_mem:w_mem|altsyncram:mem_rtl_0|altsyncram_4nf1:auto_generated
 34. Source assignments for Systolic_Top:conv1_inst|ifmap_mem:i_mem|altsyncram:mem_rtl_0|altsyncram_fef1:auto_generated
 35. Parameter Settings for User Entity Instance: Top-level Entity: |model_top
 36. Parameter Settings for User Entity Instance: Systolic_Top:conv1_inst
 37. Parameter Settings for User Entity Instance: Systolic_Top:conv1_inst|PE_Array:PE_Array_instance
 38. Parameter Settings for User Entity Instance: Systolic_Top:conv1_inst|PE_Array:PE_Array_instance|PE:row[0].col[0].pe_inst
 39. Parameter Settings for User Entity Instance: Systolic_Top:conv1_inst|PE_Array:PE_Array_instance|PE:row[0].col[1].pe_inst
 40. Parameter Settings for User Entity Instance: Systolic_Top:conv1_inst|PE_Array:PE_Array_instance|PE:row[0].col[2].pe_inst
 41. Parameter Settings for User Entity Instance: Systolic_Top:conv1_inst|PE_Array:PE_Array_instance|PE:row[0].col[3].pe_inst
 42. Parameter Settings for User Entity Instance: Systolic_Top:conv1_inst|PE_Array:PE_Array_instance|PE:row[0].col[4].pe_inst
 43. Parameter Settings for User Entity Instance: Systolic_Top:conv1_inst|PE_Array:PE_Array_instance|PE:row[0].col[5].pe_inst
 44. Parameter Settings for User Entity Instance: Systolic_Top:conv1_inst|PE_Array:PE_Array_instance|PE:row[0].col[6].pe_inst
 45. Parameter Settings for User Entity Instance: Systolic_Top:conv1_inst|PE_Array:PE_Array_instance|PE:row[0].col[7].pe_inst
 46. Parameter Settings for User Entity Instance: Systolic_Top:conv1_inst|PE_Array:PE_Array_instance|PE:row[0].col[8].pe_inst
 47. Parameter Settings for User Entity Instance: Systolic_Top:conv1_inst|PE_Array:PE_Array_instance|PE:row[0].col[9].pe_inst
 48. Parameter Settings for User Entity Instance: Systolic_Top:conv1_inst|PE_Array:PE_Array_instance|PE:row[0].col[10].pe_inst
 49. Parameter Settings for User Entity Instance: Systolic_Top:conv1_inst|PE_Array:PE_Array_instance|PE:row[0].col[11].pe_inst
 50. Parameter Settings for User Entity Instance: Systolic_Top:conv1_inst|PE_Array:PE_Array_instance|PE:row[0].col[12].pe_inst
 51. Parameter Settings for User Entity Instance: Systolic_Top:conv1_inst|PE_Array:PE_Array_instance|PE:row[0].col[13].pe_inst
 52. Parameter Settings for User Entity Instance: Systolic_Top:conv1_inst|PE_Array:PE_Array_instance|PE:row[0].col[14].pe_inst
 53. Parameter Settings for User Entity Instance: Systolic_Top:conv1_inst|PE_Array:PE_Array_instance|PE:row[0].col[15].pe_inst
 54. Parameter Settings for User Entity Instance: Systolic_Top:conv1_inst|Mem_ctrl:Mem_ctrl_instance
 55. Parameter Settings for User Entity Instance: Systolic_Top:conv1_inst|ifmap_mem:i_mem
 56. Parameter Settings for User Entity Instance: Systolic_Top:conv1_inst|weight_mem:w_mem
 57. Parameter Settings for User Entity Instance: Systolic_Top:conv1_inst|ofmap_mem:o_mem
 58. Parameter Settings for User Entity Instance: pooling_top:pool1_inst
 59. Parameter Settings for User Entity Instance: pooling_top:pool1_inst|pooling_layer:dut_pool
 60. Parameter Settings for User Entity Instance: Systolic_Top:conv2_inst
 61. Parameter Settings for User Entity Instance: Systolic_Top:conv2_inst|PE_Array:PE_Array_instance
 62. Parameter Settings for User Entity Instance: Systolic_Top:conv2_inst|PE_Array:PE_Array_instance|PE:row[0].col[0].pe_inst
 63. Parameter Settings for User Entity Instance: Systolic_Top:conv2_inst|PE_Array:PE_Array_instance|PE:row[0].col[1].pe_inst
 64. Parameter Settings for User Entity Instance: Systolic_Top:conv2_inst|PE_Array:PE_Array_instance|PE:row[0].col[2].pe_inst
 65. Parameter Settings for User Entity Instance: Systolic_Top:conv2_inst|PE_Array:PE_Array_instance|PE:row[0].col[3].pe_inst
 66. Parameter Settings for User Entity Instance: Systolic_Top:conv2_inst|PE_Array:PE_Array_instance|PE:row[0].col[4].pe_inst
 67. Parameter Settings for User Entity Instance: Systolic_Top:conv2_inst|PE_Array:PE_Array_instance|PE:row[0].col[5].pe_inst
 68. Parameter Settings for User Entity Instance: Systolic_Top:conv2_inst|PE_Array:PE_Array_instance|PE:row[0].col[6].pe_inst
 69. Parameter Settings for User Entity Instance: Systolic_Top:conv2_inst|PE_Array:PE_Array_instance|PE:row[0].col[7].pe_inst
 70. Parameter Settings for User Entity Instance: Systolic_Top:conv2_inst|PE_Array:PE_Array_instance|PE:row[0].col[8].pe_inst
 71. Parameter Settings for User Entity Instance: Systolic_Top:conv2_inst|PE_Array:PE_Array_instance|PE:row[0].col[9].pe_inst
 72. Parameter Settings for User Entity Instance: Systolic_Top:conv2_inst|PE_Array:PE_Array_instance|PE:row[0].col[10].pe_inst
 73. Parameter Settings for User Entity Instance: Systolic_Top:conv2_inst|PE_Array:PE_Array_instance|PE:row[0].col[11].pe_inst
 74. Parameter Settings for User Entity Instance: Systolic_Top:conv2_inst|PE_Array:PE_Array_instance|PE:row[0].col[12].pe_inst
 75. Parameter Settings for User Entity Instance: Systolic_Top:conv2_inst|PE_Array:PE_Array_instance|PE:row[0].col[13].pe_inst
 76. Parameter Settings for User Entity Instance: Systolic_Top:conv2_inst|PE_Array:PE_Array_instance|PE:row[0].col[14].pe_inst
 77. Parameter Settings for User Entity Instance: Systolic_Top:conv2_inst|PE_Array:PE_Array_instance|PE:row[0].col[15].pe_inst
 78. Parameter Settings for User Entity Instance: Systolic_Top:conv2_inst|Mem_ctrl:Mem_ctrl_instance
 79. Parameter Settings for User Entity Instance: Systolic_Top:conv2_inst|ifmap_mem:i_mem
 80. Parameter Settings for User Entity Instance: Systolic_Top:conv2_inst|weight_mem:w_mem
 81. Parameter Settings for User Entity Instance: Systolic_Top:conv2_inst|ofmap_mem:o_mem
 82. Parameter Settings for User Entity Instance: pooling_top:pool2_inst
 83. Parameter Settings for User Entity Instance: pooling_top:pool2_inst|pooling_layer:dut_pool
 84. Parameter Settings for User Entity Instance: dual_port_bram:pool2_to_fc_buf
 85. Parameter Settings for User Entity Instance: fc_top:fc_pipeline
 86. Parameter Settings for User Entity Instance: fc_top:fc_pipeline|fcl_weight_rom:w1
 87. Parameter Settings for User Entity Instance: fc_top:fc_pipeline|fcl_bias_rom:b1
 88. Parameter Settings for User Entity Instance: fc_top:fc_pipeline|fc_layer:fc1
 89. Parameter Settings for User Entity Instance: fc_top:fc_pipeline|fc_serializer:ser12
 90. Parameter Settings for User Entity Instance: fc_top:fc_pipeline|fcl_weight_rom:w2
 91. Parameter Settings for User Entity Instance: fc_top:fc_pipeline|fcl_bias_rom:b2
 92. Parameter Settings for User Entity Instance: fc_top:fc_pipeline|fc_layer:fc2
 93. Parameter Settings for User Entity Instance: fc_top:fc_pipeline|fc_serializer:ser23
 94. Parameter Settings for User Entity Instance: fc_top:fc_pipeline|fcl_weight_rom:w3
 95. Parameter Settings for User Entity Instance: fc_top:fc_pipeline|fcl_bias_rom:b3
 96. Parameter Settings for User Entity Instance: fc_top:fc_pipeline|fc_layer:fc3
 97. Parameter Settings for Inferred Entity Instance: fc_top:fc_pipeline|fcl_weight_rom:w3|altsyncram:mem_rtl_0
 98. Parameter Settings for Inferred Entity Instance: fc_top:fc_pipeline|fcl_weight_rom:w1|altsyncram:mem_rtl_0
 99. Parameter Settings for Inferred Entity Instance: Systolic_Top:conv2_inst|weight_mem:w_mem|altsyncram:mem_rtl_0
100. Parameter Settings for Inferred Entity Instance: fc_top:fc_pipeline|fcl_weight_rom:w2|altsyncram:mem_rtl_0
101. Parameter Settings for Inferred Entity Instance: Systolic_Top:conv2_inst|ofmap_mem:o_mem|altsyncram:mem_rtl_0
102. Parameter Settings for Inferred Entity Instance: Systolic_Top:conv2_inst|ifmap_mem:i_mem|altsyncram:mem_rtl_0
103. Parameter Settings for Inferred Entity Instance: dual_port_bram:pool2_to_fc_buf|altsyncram:ram_rtl_0
104. Parameter Settings for Inferred Entity Instance: Systolic_Top:conv1_inst|ofmap_mem:o_mem|altsyncram:mem_rtl_0
105. Parameter Settings for Inferred Entity Instance: Systolic_Top:conv1_inst|weight_mem:w_mem|altsyncram:mem_rtl_0
106. Parameter Settings for Inferred Entity Instance: Systolic_Top:conv1_inst|ifmap_mem:i_mem|altsyncram:mem_rtl_0
107. Parameter Settings for Inferred Entity Instance: Systolic_Top:conv2_inst|Mem_ctrl:Mem_ctrl_instance|lpm_divide:Mod1
108. Parameter Settings for Inferred Entity Instance: Systolic_Top:conv1_inst|Mem_ctrl:Mem_ctrl_instance|lpm_divide:Mod1
109. Parameter Settings for Inferred Entity Instance: Systolic_Top:conv1_inst|Mem_ctrl:Mem_ctrl_instance|lpm_divide:Mod0
110. Parameter Settings for Inferred Entity Instance: Systolic_Top:conv1_inst|Mem_ctrl:Mem_ctrl_instance|lpm_divide:Div1
111. Parameter Settings for Inferred Entity Instance: Systolic_Top:conv1_inst|Mem_ctrl:Mem_ctrl_instance|lpm_divide:Div0
112. Parameter Settings for Inferred Entity Instance: Systolic_Top:conv2_inst|Mem_ctrl:Mem_ctrl_instance|lpm_divide:Div0
113. Parameter Settings for Inferred Entity Instance: Systolic_Top:conv2_inst|Mem_ctrl:Mem_ctrl_instance|lpm_divide:Mod0
114. Parameter Settings for Inferred Entity Instance: Systolic_Top:conv2_inst|Mem_ctrl:Mem_ctrl_instance|lpm_divide:Mod2
115. Parameter Settings for Inferred Entity Instance: Systolic_Top:conv2_inst|Mem_ctrl:Mem_ctrl_instance|lpm_divide:Div2
116. Parameter Settings for Inferred Entity Instance: Systolic_Top:conv2_inst|Mem_ctrl:Mem_ctrl_instance|lpm_divide:Div1
117. altsyncram Parameter Settings by Entity Instance
118. Port Connectivity Checks: "fc_top:fc_pipeline|fc_layer:fc3"
119. Port Connectivity Checks: "fc_top:fc_pipeline|fc_serializer:ser23"
120. Port Connectivity Checks: "fc_top:fc_pipeline|fc_layer:fc2"
121. Port Connectivity Checks: "fc_top:fc_pipeline|fc_serializer:ser12"
122. Port Connectivity Checks: "fc_top:fc_pipeline|fc_layer:fc1"
123. Port Connectivity Checks: "dual_port_bram:pool2_to_fc_buf"
124. Port Connectivity Checks: "pooling_top:pool2_inst|pooling_layer:dut_pool"
125. Port Connectivity Checks: "pooling_top:pool2_inst"
126. Port Connectivity Checks: "Systolic_Top:conv2_inst|weight_mem:w_mem"
127. Port Connectivity Checks: "Systolic_Top:conv2_inst|Mem_ctrl:Mem_ctrl_instance"
128. Port Connectivity Checks: "Systolic_Top:conv2_inst|PE_Array:PE_Array_instance|PE:row[0].col[15].pe_inst"
129. Port Connectivity Checks: "Systolic_Top:conv2_inst|PE_Array:PE_Array_instance|PE:row[0].col[14].pe_inst"
130. Port Connectivity Checks: "Systolic_Top:conv2_inst|PE_Array:PE_Array_instance|PE:row[0].col[13].pe_inst"
131. Port Connectivity Checks: "Systolic_Top:conv2_inst|PE_Array:PE_Array_instance|PE:row[0].col[12].pe_inst"
132. Port Connectivity Checks: "Systolic_Top:conv2_inst|PE_Array:PE_Array_instance|PE:row[0].col[11].pe_inst"
133. Port Connectivity Checks: "Systolic_Top:conv2_inst|PE_Array:PE_Array_instance|PE:row[0].col[10].pe_inst"
134. Port Connectivity Checks: "Systolic_Top:conv2_inst|PE_Array:PE_Array_instance|PE:row[0].col[9].pe_inst"
135. Port Connectivity Checks: "Systolic_Top:conv2_inst|PE_Array:PE_Array_instance|PE:row[0].col[8].pe_inst"
136. Port Connectivity Checks: "Systolic_Top:conv2_inst|PE_Array:PE_Array_instance|PE:row[0].col[7].pe_inst"
137. Port Connectivity Checks: "Systolic_Top:conv2_inst|PE_Array:PE_Array_instance|PE:row[0].col[6].pe_inst"
138. Port Connectivity Checks: "Systolic_Top:conv2_inst|PE_Array:PE_Array_instance|PE:row[0].col[5].pe_inst"
139. Port Connectivity Checks: "Systolic_Top:conv2_inst|PE_Array:PE_Array_instance|PE:row[0].col[4].pe_inst"
140. Port Connectivity Checks: "Systolic_Top:conv2_inst|PE_Array:PE_Array_instance|PE:row[0].col[3].pe_inst"
141. Port Connectivity Checks: "Systolic_Top:conv2_inst|PE_Array:PE_Array_instance|PE:row[0].col[2].pe_inst"
142. Port Connectivity Checks: "Systolic_Top:conv2_inst|PE_Array:PE_Array_instance|PE:row[0].col[1].pe_inst"
143. Port Connectivity Checks: "Systolic_Top:conv2_inst|PE_Array:PE_Array_instance|PE:row[0].col[0].pe_inst"
144. Port Connectivity Checks: "Systolic_Top:conv2_inst|PE_Array:PE_Array_instance"
145. Port Connectivity Checks: "Systolic_Top:conv2_inst"
146. Port Connectivity Checks: "pooling_top:pool1_inst|pooling_layer:dut_pool"
147. Port Connectivity Checks: "pooling_top:pool1_inst"
148. Port Connectivity Checks: "Systolic_Top:conv1_inst|weight_mem:w_mem"
149. Port Connectivity Checks: "Systolic_Top:conv1_inst|Mem_ctrl:Mem_ctrl_instance"
150. Port Connectivity Checks: "Systolic_Top:conv1_inst|PE_Array:PE_Array_instance|PE:row[0].col[15].pe_inst"
151. Port Connectivity Checks: "Systolic_Top:conv1_inst|PE_Array:PE_Array_instance|PE:row[0].col[14].pe_inst"
152. Port Connectivity Checks: "Systolic_Top:conv1_inst|PE_Array:PE_Array_instance|PE:row[0].col[13].pe_inst"
153. Port Connectivity Checks: "Systolic_Top:conv1_inst|PE_Array:PE_Array_instance|PE:row[0].col[12].pe_inst"
154. Port Connectivity Checks: "Systolic_Top:conv1_inst|PE_Array:PE_Array_instance|PE:row[0].col[11].pe_inst"
155. Port Connectivity Checks: "Systolic_Top:conv1_inst|PE_Array:PE_Array_instance|PE:row[0].col[10].pe_inst"
156. Port Connectivity Checks: "Systolic_Top:conv1_inst|PE_Array:PE_Array_instance|PE:row[0].col[9].pe_inst"
157. Port Connectivity Checks: "Systolic_Top:conv1_inst|PE_Array:PE_Array_instance|PE:row[0].col[8].pe_inst"
158. Port Connectivity Checks: "Systolic_Top:conv1_inst|PE_Array:PE_Array_instance|PE:row[0].col[7].pe_inst"
159. Port Connectivity Checks: "Systolic_Top:conv1_inst|PE_Array:PE_Array_instance|PE:row[0].col[6].pe_inst"
160. Port Connectivity Checks: "Systolic_Top:conv1_inst|PE_Array:PE_Array_instance|PE:row[0].col[5].pe_inst"
161. Port Connectivity Checks: "Systolic_Top:conv1_inst|PE_Array:PE_Array_instance|PE:row[0].col[4].pe_inst"
162. Port Connectivity Checks: "Systolic_Top:conv1_inst|PE_Array:PE_Array_instance|PE:row[0].col[3].pe_inst"
163. Port Connectivity Checks: "Systolic_Top:conv1_inst|PE_Array:PE_Array_instance|PE:row[0].col[2].pe_inst"
164. Port Connectivity Checks: "Systolic_Top:conv1_inst|PE_Array:PE_Array_instance|PE:row[0].col[1].pe_inst"
165. Port Connectivity Checks: "Systolic_Top:conv1_inst|PE_Array:PE_Array_instance|PE:row[0].col[0].pe_inst"
166. Port Connectivity Checks: "Systolic_Top:conv1_inst|PE_Array:PE_Array_instance"
167. Port Connectivity Checks: "Systolic_Top:conv1_inst"
168. Post-Synthesis Netlist Statistics for Top Partition
169. Elapsed Time Per Partition
170. Analysis & Synthesis Messages
171. Analysis & Synthesis Suppressed Messages



----------------
; Legal Notice ;
----------------
Copyright (C) 2020  Intel Corporation. All rights reserved.
Your use of Intel Corporation's design tools, logic functions 
and other software and tools, and any partner logic 
functions, and any output files from any of the foregoing 
(including device programming or simulation files), and any 
associated documentation or information are expressly subject 
to the terms and conditions of the Intel Program License 
Subscription Agreement, the Intel Quartus Prime License Agreement,
the Intel FPGA IP License Agreement, or other applicable license
agreement, including, without limitation, that your use is for
the sole purpose of programming logic devices manufactured by
Intel and sold by Intel or its authorized distributors.  Please
refer to the applicable agreement for further details, at
https://fpgasoftware.intel.com/eula.



+-----------------------------------------------------------------------------------+
; Analysis & Synthesis Summary                                                      ;
+---------------------------------+-------------------------------------------------+
; Analysis & Synthesis Status     ; Successful - Thu Jun 11 14:54:01 2026           ;
; Quartus Prime Version           ; 20.1.0 Build 711 06/05/2020 SJ Standard Edition ;
; Revision Name                   ; model_top                                       ;
; Top-level Entity Name           ; model_top                                       ;
; Family                          ; Cyclone V                                       ;
; Logic utilization (in ALMs)     ; N/A                                             ;
; Total registers                 ; 10009                                           ;
; Total pins                      ; 21                                              ;
; Total virtual pins              ; 0                                               ;
; Total block memory bits         ; 862,528                                         ;
; Total DSP Blocks                ; 29                                              ;
; Total HSSI RX PCSs              ; 0                                               ;
; Total HSSI PMA RX Deserializers ; 0                                               ;
; Total HSSI TX PCSs              ; 0                                               ;
; Total HSSI PMA TX Serializers   ; 0                                               ;
; Total PLLs                      ; 0                                               ;
; Total DLLs                      ; 0                                               ;
+---------------------------------+-------------------------------------------------+


+---------------------------------------------------------------------------------------------------------------------------+
; Analysis & Synthesis Settings                                                                                             ;
+---------------------------------------------------------------------------------+--------------------+--------------------+
; Option                                                                          ; Setting            ; Default Value      ;
+---------------------------------------------------------------------------------+--------------------+--------------------+
; Device                                                                          ; 5CSEMA5F31C6       ;                    ;
; Top-level entity name                                                           ; model_top          ; model_top          ;
; Family name                                                                     ; Cyclone V          ; Cyclone V          ;
; Iteration limit for constant Verilog loops                                      ; 100000             ; 5000               ;
; Remove Duplicate Registers                                                      ; Off                ; On                 ;
; Use smart compilation                                                           ; Off                ; Off                ;
; Enable parallel Assembler and Timing Analyzer during compilation                ; On                 ; On                 ;
; Enable compact report table                                                     ; Off                ; Off                ;
; Restructure Multiplexers                                                        ; Auto               ; Auto               ;
; MLAB Add Timing Constraints For Mixed-Port Feed-Through Mode Setting Don't Care ; Off                ; Off                ;
; Create Debugging Nodes for IP Cores                                             ; Off                ; Off                ;
; Preserve fewer node names                                                       ; On                 ; On                 ;
; Intel FPGA IP Evaluation Mode                                                   ; Enable             ; Enable             ;
; Verilog Version                                                                 ; Verilog_2001       ; Verilog_2001       ;
; VHDL Version                                                                    ; VHDL_1993          ; VHDL_1993          ;
; State Machine Processing                                                        ; Auto               ; Auto               ;
; Safe State Machine                                                              ; Off                ; Off                ;
; Extract Verilog State Machines                                                  ; On                 ; On                 ;
; Extract VHDL State Machines                                                     ; On                 ; On                 ;
; Ignore Verilog initial constructs                                               ; Off                ; Off                ;
; Iteration limit for non-constant Verilog loops                                  ; 250                ; 250                ;
; Add Pass-Through Logic to Inferred RAMs                                         ; On                 ; On                 ;
; Infer RAMs from Raw Logic                                                       ; On                 ; On                 ;
; Parallel Synthesis                                                              ; On                 ; On                 ;
; DSP Block Balancing                                                             ; Auto               ; Auto               ;
; NOT Gate Push-Back                                                              ; On                 ; On                 ;
; Power-Up Don't Care                                                             ; On                 ; On                 ;
; Remove Redundant Logic Cells                                                    ; Off                ; Off                ;
; Ignore CARRY Buffers                                                            ; Off                ; Off                ;
; Ignore CASCADE Buffers                                                          ; Off                ; Off                ;
; Ignore GLOBAL Buffers                                                           ; Off                ; Off                ;
; Ignore ROW GLOBAL Buffers                                                       ; Off                ; Off                ;
; Ignore LCELL Buffers                                                            ; Off                ; Off                ;
; Ignore SOFT Buffers                                                             ; On                 ; On                 ;
; Limit AHDL Integers to 32 Bits                                                  ; Off                ; Off                ;
; Optimization Technique                                                          ; Balanced           ; Balanced           ;
; Carry Chain Length                                                              ; 70                 ; 70                 ;
; Auto Carry Chains                                                               ; On                 ; On                 ;
; Auto Open-Drain Pins                                                            ; On                 ; On                 ;
; Perform WYSIWYG Primitive Resynthesis                                           ; Off                ; Off                ;
; Auto ROM Replacement                                                            ; On                 ; On                 ;
; Auto RAM Replacement                                                            ; On                 ; On                 ;
; Auto DSP Block Replacement                                                      ; On                 ; On                 ;
; Auto Shift Register Replacement                                                 ; Auto               ; Auto               ;
; Allow Shift Register Merging across Hierarchies                                 ; Auto               ; Auto               ;
; Auto Clock Enable Replacement                                                   ; On                 ; On                 ;
; Strict RAM Replacement                                                          ; Off                ; Off                ;
; Allow Synchronous Control Signals                                               ; On                 ; On                 ;
; Force Use of Synchronous Clear Signals                                          ; Off                ; Off                ;
; Auto Resource Sharing                                                           ; Off                ; Off                ;
; Allow Any RAM Size For Recognition                                              ; Off                ; Off                ;
; Allow Any ROM Size For Recognition                                              ; Off                ; Off                ;
; Allow Any Shift Register Size For Recognition                                   ; Off                ; Off                ;
; Use LogicLock Constraints during Resource Balancing                             ; On                 ; On                 ;
; Ignore translate_off and synthesis_off directives                               ; Off                ; Off                ;
; Timing-Driven Synthesis                                                         ; On                 ; On                 ;
; Report Parameter Settings                                                       ; On                 ; On                 ;
; Report Source Assignments                                                       ; On                 ; On                 ;
; Report Connectivity Checks                                                      ; On                 ; On                 ;
; Ignore Maximum Fan-Out Assignments                                              ; Off                ; Off                ;
; Synchronization Register Chain Length                                           ; 3                  ; 3                  ;
; Power Optimization During Synthesis                                             ; Normal compilation ; Normal compilation ;
; HDL message level                                                               ; Level2             ; Level2             ;
; Suppress Register Optimization Related Messages                                 ; Off                ; Off                ;
; Number of Removed Registers Reported in Synthesis Report                        ; 5000               ; 5000               ;
; Number of Swept Nodes Reported in Synthesis Report                              ; 5000               ; 5000               ;
; Number of Inverted Registers Reported in Synthesis Report                       ; 100                ; 100                ;
; Clock MUX Protection                                                            ; On                 ; On                 ;
; Auto Gated Clock Conversion                                                     ; Off                ; Off                ;
; Block Design Naming                                                             ; Auto               ; Auto               ;
; SDC constraint protection                                                       ; Off                ; Off                ;
; Synthesis Effort                                                                ; Auto               ; Auto               ;
; Shift Register Replacement - Allow Asynchronous Clear Signal                    ; On                 ; On                 ;
; Pre-Mapping Resynthesis Optimization                                            ; Off                ; Off                ;
; Analysis & Synthesis Message Level                                              ; Medium             ; Medium             ;
; Disable Register Merging Across Hierarchies                                     ; Auto               ; Auto               ;
; Resource Aware Inference For Block RAM                                          ; On                 ; On                 ;
; Automatic Parallel Synthesis                                                    ; On                 ; On                 ;
; Partial Reconfiguration Bitstream ID                                            ; Off                ; Off                ;
+---------------------------------------------------------------------------------+--------------------+--------------------+


+------------------------------------------+
; Parallel Compilation                     ;
+----------------------------+-------------+
; Processors                 ; Number      ;
+----------------------------+-------------+
; Number detected on machine ; 16          ;
; Maximum allowed            ; 10          ;
;                            ;             ;
; Average used               ; 1.04        ;
; Maximum used               ; 10          ;
;                            ;             ;
; Usage by Processor         ; % Time Used ;
;     Processor 1            ; 100.0%      ;
;     Processor 2            ;   0.5%      ;
;     Processor 3            ;   0.5%      ;
;     Processor 4            ;   0.5%      ;
;     Processor 5            ;   0.5%      ;
;     Processor 6            ;   0.5%      ;
;     Processor 7            ;   0.5%      ;
;     Processor 8            ;   0.5%      ;
;     Processor 9            ;   0.5%      ;
;     Processor 10           ;   0.0%      ;
+----------------------------+-------------+


+-----------------------------------------------------------------------------------------------------------------------------------------------------------------------------------------------------------------------------------------------------------------------------------------+
; Analysis & Synthesis Source Files Read                                                                                                                                                                                                                                                  ;
+---------------------------------------------------+-----------------+-------------------------------------------------------+-------------------------------------------------------------------------------------------------------------------------------------------------+---------+
; File Name with User-Entered Path                  ; Used in Netlist ; File Type                                             ; File Name with Absolute Path                                                                                                                    ; Library ;
+---------------------------------------------------+-----------------+-------------------------------------------------------+-------------------------------------------------------------------------------------------------------------------------------------------------+---------+
; conv2_bias.hex                                    ; yes             ; User Hexadecimal (Intel-Format) File                  ; C:/Users/dnare/Desktop/289Q_Projects_Consolidated/Output_Stationary_Full_project/Full_project/conv2_bias.hex                                    ;         ;
; conv1_bias.hex                                    ; yes             ; User Hexadecimal (Intel-Format) File                  ; C:/Users/dnare/Desktop/289Q_Projects_Consolidated/Output_Stationary_Full_project/Full_project/conv1_bias.hex                                    ;         ;
; weight_mem.sv                                     ; yes             ; User SystemVerilog HDL File                           ; C:/Users/dnare/Desktop/289Q_Projects_Consolidated/Output_Stationary_Full_project/Full_project/weight_mem.sv                                     ;         ;
; Systolic_Top.sv                                   ; yes             ; User SystemVerilog HDL File                           ; C:/Users/dnare/Desktop/289Q_Projects_Consolidated/Output_Stationary_Full_project/Full_project/Systolic_Top.sv                                   ;         ;
; pooling_top.sv                                    ; yes             ; User SystemVerilog HDL File                           ; C:/Users/dnare/Desktop/289Q_Projects_Consolidated/Output_Stationary_Full_project/Full_project/pooling_top.sv                                    ;         ;
; pooling.sv                                        ; yes             ; User SystemVerilog HDL File                           ; C:/Users/dnare/Desktop/289Q_Projects_Consolidated/Output_Stationary_Full_project/Full_project/pooling.sv                                        ;         ;
; PE_Array.sv                                       ; yes             ; User SystemVerilog HDL File                           ; C:/Users/dnare/Desktop/289Q_Projects_Consolidated/Output_Stationary_Full_project/Full_project/PE_Array.sv                                       ;         ;
; PE.sv                                             ; yes             ; User SystemVerilog HDL File                           ; C:/Users/dnare/Desktop/289Q_Projects_Consolidated/Output_Stationary_Full_project/Full_project/PE.sv                                             ;         ;
; ofmap_mem.sv                                      ; yes             ; User SystemVerilog HDL File                           ; C:/Users/dnare/Desktop/289Q_Projects_Consolidated/Output_Stationary_Full_project/Full_project/ofmap_mem.sv                                      ;         ;
; model_top.sv                                      ; yes             ; User SystemVerilog HDL File                           ; C:/Users/dnare/Desktop/289Q_Projects_Consolidated/Output_Stationary_Full_project/Full_project/model_top.sv                                      ;         ;
; memory_control.sv                                 ; yes             ; User SystemVerilog HDL File                           ; C:/Users/dnare/Desktop/289Q_Projects_Consolidated/Output_Stationary_Full_project/Full_project/memory_control.sv                                 ;         ;
; Mem_ctrl.sv                                       ; yes             ; User SystemVerilog HDL File                           ; C:/Users/dnare/Desktop/289Q_Projects_Consolidated/Output_Stationary_Full_project/Full_project/Mem_ctrl.sv                                       ;         ;
; ifmap_mem.sv                                      ; yes             ; User SystemVerilog HDL File                           ; C:/Users/dnare/Desktop/289Q_Projects_Consolidated/Output_Stationary_Full_project/Full_project/ifmap_mem.sv                                      ;         ;
; fcl_weight_rom.sv                                 ; yes             ; User SystemVerilog HDL File                           ; C:/Users/dnare/Desktop/289Q_Projects_Consolidated/Output_Stationary_Full_project/Full_project/fcl_weight_rom.sv                                 ;         ;
; fcl_bias_rom.sv                                   ; yes             ; User SystemVerilog HDL File                           ; C:/Users/dnare/Desktop/289Q_Projects_Consolidated/Output_Stationary_Full_project/Full_project/fcl_bias_rom.sv                                   ;         ;
; fc_top.sv                                         ; yes             ; User SystemVerilog HDL File                           ; C:/Users/dnare/Desktop/289Q_Projects_Consolidated/Output_Stationary_Full_project/Full_project/fc_top.sv                                         ;         ;
; fc_serial.sv                                      ; yes             ; User SystemVerilog HDL File                           ; C:/Users/dnare/Desktop/289Q_Projects_Consolidated/Output_Stationary_Full_project/Full_project/fc_serial.sv                                      ;         ;
; fc_layer.sv                                       ; yes             ; User SystemVerilog HDL File                           ; C:/Users/dnare/Desktop/289Q_Projects_Consolidated/Output_Stationary_Full_project/Full_project/fc_layer.sv                                       ;         ;
; altsyncram.tdf                                    ; yes             ; Megafunction                                          ; c:/intelfpga/20.1/quartus/libraries/megafunctions/altsyncram.tdf                                                                                ;         ;
; stratix_ram_block.inc                             ; yes             ; Megafunction                                          ; c:/intelfpga/20.1/quartus/libraries/megafunctions/stratix_ram_block.inc                                                                         ;         ;
; lpm_mux.inc                                       ; yes             ; Megafunction                                          ; c:/intelfpga/20.1/quartus/libraries/megafunctions/lpm_mux.inc                                                                                   ;         ;
; lpm_decode.inc                                    ; yes             ; Megafunction                                          ; c:/intelfpga/20.1/quartus/libraries/megafunctions/lpm_decode.inc                                                                                ;         ;
; aglobal201.inc                                    ; yes             ; Megafunction                                          ; c:/intelfpga/20.1/quartus/libraries/megafunctions/aglobal201.inc                                                                                ;         ;
; a_rdenreg.inc                                     ; yes             ; Megafunction                                          ; c:/intelfpga/20.1/quartus/libraries/megafunctions/a_rdenreg.inc                                                                                 ;         ;
; altrom.inc                                        ; yes             ; Megafunction                                          ; c:/intelfpga/20.1/quartus/libraries/megafunctions/altrom.inc                                                                                    ;         ;
; altram.inc                                        ; yes             ; Megafunction                                          ; c:/intelfpga/20.1/quartus/libraries/megafunctions/altram.inc                                                                                    ;         ;
; altdpram.inc                                      ; yes             ; Megafunction                                          ; c:/intelfpga/20.1/quartus/libraries/megafunctions/altdpram.inc                                                                                  ;         ;
; db/altsyncram_hvf1.tdf                            ; yes             ; Auto-Generated Megafunction                           ; C:/Users/dnare/Desktop/289Q_Projects_Consolidated/Output_Stationary_Full_project/Full_project/db/altsyncram_hvf1.tdf                            ;         ;
; db/model_top.ram0_fcl_weight_rom_79e1117c.hdl.mif ; yes             ; Auto-Generated Auto-Found Memory Initialization File  ; C:/Users/dnare/Desktop/289Q_Projects_Consolidated/Output_Stationary_Full_project/Full_project/db/model_top.ram0_fcl_weight_rom_79e1117c.hdl.mif ;         ;
; db/altsyncram_e2g1.tdf                            ; yes             ; Auto-Generated Megafunction                           ; C:/Users/dnare/Desktop/289Q_Projects_Consolidated/Output_Stationary_Full_project/Full_project/db/altsyncram_e2g1.tdf                            ;         ;
; db/model_top.ram0_fcl_weight_rom_640a27c2.hdl.mif ; yes             ; Auto-Generated Auto-Found Memory Initialization File  ; C:/Users/dnare/Desktop/289Q_Projects_Consolidated/Output_Stationary_Full_project/Full_project/db/model_top.ram0_fcl_weight_rom_640a27c2.hdl.mif ;         ;
; db/decode_41a.tdf                                 ; yes             ; Auto-Generated Megafunction                           ; C:/Users/dnare/Desktop/289Q_Projects_Consolidated/Output_Stationary_Full_project/Full_project/db/decode_41a.tdf                                 ;         ;
; db/mux_rfb.tdf                                    ; yes             ; Auto-Generated Megafunction                           ; C:/Users/dnare/Desktop/289Q_Projects_Consolidated/Output_Stationary_Full_project/Full_project/db/mux_rfb.tdf                                    ;         ;
; db/altsyncram_2qf1.tdf                            ; yes             ; Auto-Generated Megafunction                           ; C:/Users/dnare/Desktop/289Q_Projects_Consolidated/Output_Stationary_Full_project/Full_project/db/altsyncram_2qf1.tdf                            ;         ;
; db/model_top.ram0_weight_mem_56e3bfd1.hdl.mif     ; yes             ; Auto-Generated Auto-Found Memory Initialization File  ; C:/Users/dnare/Desktop/289Q_Projects_Consolidated/Output_Stationary_Full_project/Full_project/db/model_top.ram0_weight_mem_56e3bfd1.hdl.mif     ;         ;
; db/altsyncram_j0g1.tdf                            ; yes             ; Auto-Generated Megafunction                           ; C:/Users/dnare/Desktop/289Q_Projects_Consolidated/Output_Stationary_Full_project/Full_project/db/altsyncram_j0g1.tdf                            ;         ;
; db/model_top.ram0_fcl_weight_rom_7132221a.hdl.mif ; yes             ; Auto-Generated Auto-Found Memory Initialization File  ; C:/Users/dnare/Desktop/289Q_Projects_Consolidated/Output_Stationary_Full_project/Full_project/db/model_top.ram0_fcl_weight_rom_7132221a.hdl.mif ;         ;
; db/decode_u0a.tdf                                 ; yes             ; Auto-Generated Megafunction                           ; C:/Users/dnare/Desktop/289Q_Projects_Consolidated/Output_Stationary_Full_project/Full_project/db/decode_u0a.tdf                                 ;         ;
; db/mux_lfb.tdf                                    ; yes             ; Auto-Generated Megafunction                           ; C:/Users/dnare/Desktop/289Q_Projects_Consolidated/Output_Stationary_Full_project/Full_project/db/mux_lfb.tdf                                    ;         ;
; db/altsyncram_beu1.tdf                            ; yes             ; Auto-Generated Megafunction                           ; C:/Users/dnare/Desktop/289Q_Projects_Consolidated/Output_Stationary_Full_project/Full_project/db/altsyncram_beu1.tdf                            ;         ;
; db/model_top.ram0_ofmap_mem_a5aad296.hdl.mif      ; yes             ; Auto-Generated Auto-Found Memory Initialization File  ; C:/Users/dnare/Desktop/289Q_Projects_Consolidated/Output_Stationary_Full_project/Full_project/db/model_top.ram0_ofmap_mem_a5aad296.hdl.mif      ;         ;
; db/altsyncram_o5u1.tdf                            ; yes             ; Auto-Generated Megafunction                           ; C:/Users/dnare/Desktop/289Q_Projects_Consolidated/Output_Stationary_Full_project/Full_project/db/altsyncram_o5u1.tdf                            ;         ;
; db/model_top.ram0_ifmap_mem_222088fd.hdl.mif      ; yes             ; Auto-Generated Auto-Found Memory Initialization File  ; C:/Users/dnare/Desktop/289Q_Projects_Consolidated/Output_Stationary_Full_project/Full_project/db/model_top.ram0_ifmap_mem_222088fd.hdl.mif      ;         ;
; db/altsyncram_43q1.tdf                            ; yes             ; Auto-Generated Megafunction                           ; C:/Users/dnare/Desktop/289Q_Projects_Consolidated/Output_Stationary_Full_project/Full_project/db/altsyncram_43q1.tdf                            ;         ;
; db/model_top.ram0_dual_port_bram_f9f9744e.hdl.mif ; yes             ; Auto-Generated Auto-Found Memory Initialization File  ; C:/Users/dnare/Desktop/289Q_Projects_Consolidated/Output_Stationary_Full_project/Full_project/db/model_top.ram0_dual_port_bram_f9f9744e.hdl.mif ;         ;
; db/altsyncram_4nf1.tdf                            ; yes             ; Auto-Generated Megafunction                           ; C:/Users/dnare/Desktop/289Q_Projects_Consolidated/Output_Stationary_Full_project/Full_project/db/altsyncram_4nf1.tdf                            ;         ;
; db/model_top.ram0_weight_mem_9606ca63.hdl.mif     ; yes             ; Auto-Generated Auto-Found Memory Initialization File  ; C:/Users/dnare/Desktop/289Q_Projects_Consolidated/Output_Stationary_Full_project/Full_project/db/model_top.ram0_weight_mem_9606ca63.hdl.mif     ;         ;
; db/altsyncram_fef1.tdf                            ; yes             ; Auto-Generated Megafunction                           ; C:/Users/dnare/Desktop/289Q_Projects_Consolidated/Output_Stationary_Full_project/Full_project/db/altsyncram_fef1.tdf                            ;         ;
; db/model_top.ram0_ifmap_mem_17622b78.hdl.mif      ; yes             ; Auto-Generated Auto-Found Memory Initialization File  ; C:/Users/dnare/Desktop/289Q_Projects_Consolidated/Output_Stationary_Full_project/Full_project/db/model_top.ram0_ifmap_mem_17622b78.hdl.mif      ;         ;
; lpm_divide.tdf                                    ; yes             ; Megafunction                                          ; c:/intelfpga/20.1/quartus/libraries/megafunctions/lpm_divide.tdf                                                                                ;         ;
; abs_divider.inc                                   ; yes             ; Megafunction                                          ; c:/intelfpga/20.1/quartus/libraries/megafunctions/abs_divider.inc                                                                               ;         ;
; sign_div_unsign.inc                               ; yes             ; Megafunction                                          ; c:/intelfpga/20.1/quartus/libraries/megafunctions/sign_div_unsign.inc                                                                           ;         ;
; db/lpm_divide_72m.tdf                             ; yes             ; Auto-Generated Megafunction                           ; C:/Users/dnare/Desktop/289Q_Projects_Consolidated/Output_Stationary_Full_project/Full_project/db/lpm_divide_72m.tdf                             ;         ;
; db/sign_div_unsign_akh.tdf                        ; yes             ; Auto-Generated Megafunction                           ; C:/Users/dnare/Desktop/289Q_Projects_Consolidated/Output_Stationary_Full_project/Full_project/db/sign_div_unsign_akh.tdf                        ;         ;
; db/alt_u_div_qse.tdf                              ; yes             ; Auto-Generated Megafunction                           ; C:/Users/dnare/Desktop/289Q_Projects_Consolidated/Output_Stationary_Full_project/Full_project/db/alt_u_div_qse.tdf                              ;         ;
; db/lpm_divide_i3m.tdf                             ; yes             ; Auto-Generated Megafunction                           ; C:/Users/dnare/Desktop/289Q_Projects_Consolidated/Output_Stationary_Full_project/Full_project/db/lpm_divide_i3m.tdf                             ;         ;
; db/sign_div_unsign_llh.tdf                        ; yes             ; Auto-Generated Megafunction                           ; C:/Users/dnare/Desktop/289Q_Projects_Consolidated/Output_Stationary_Full_project/Full_project/db/sign_div_unsign_llh.tdf                        ;         ;
; db/alt_u_div_gve.tdf                              ; yes             ; Auto-Generated Megafunction                           ; C:/Users/dnare/Desktop/289Q_Projects_Consolidated/Output_Stationary_Full_project/Full_project/db/alt_u_div_gve.tdf                              ;         ;
; db/lpm_divide_k3m.tdf                             ; yes             ; Auto-Generated Megafunction                           ; C:/Users/dnare/Desktop/289Q_Projects_Consolidated/Output_Stationary_Full_project/Full_project/db/lpm_divide_k3m.tdf                             ;         ;
; db/sign_div_unsign_nlh.tdf                        ; yes             ; Auto-Generated Megafunction                           ; C:/Users/dnare/Desktop/289Q_Projects_Consolidated/Output_Stationary_Full_project/Full_project/db/sign_div_unsign_nlh.tdf                        ;         ;
; db/alt_u_div_kve.tdf                              ; yes             ; Auto-Generated Megafunction                           ; C:/Users/dnare/Desktop/289Q_Projects_Consolidated/Output_Stationary_Full_project/Full_project/db/alt_u_div_kve.tdf                              ;         ;
; db/lpm_divide_fbm.tdf                             ; yes             ; Auto-Generated Megafunction                           ; C:/Users/dnare/Desktop/289Q_Projects_Consolidated/Output_Stationary_Full_project/Full_project/db/lpm_divide_fbm.tdf                             ;         ;
; db/lpm_divide_hbm.tdf                             ; yes             ; Auto-Generated Megafunction                           ; C:/Users/dnare/Desktop/289Q_Projects_Consolidated/Output_Stationary_Full_project/Full_project/db/lpm_divide_hbm.tdf                             ;         ;
; db/lpm_divide_4am.tdf                             ; yes             ; Auto-Generated Megafunction                           ; C:/Users/dnare/Desktop/289Q_Projects_Consolidated/Output_Stationary_Full_project/Full_project/db/lpm_divide_4am.tdf                             ;         ;
; db/lpm_divide_82m.tdf                             ; yes             ; Auto-Generated Megafunction                           ; C:/Users/dnare/Desktop/289Q_Projects_Consolidated/Output_Stationary_Full_project/Full_project/db/lpm_divide_82m.tdf                             ;         ;
; db/sign_div_unsign_bkh.tdf                        ; yes             ; Auto-Generated Megafunction                           ; C:/Users/dnare/Desktop/289Q_Projects_Consolidated/Output_Stationary_Full_project/Full_project/db/sign_div_unsign_bkh.tdf                        ;         ;
; db/alt_u_div_rse.tdf                              ; yes             ; Auto-Generated Megafunction                           ; C:/Users/dnare/Desktop/289Q_Projects_Consolidated/Output_Stationary_Full_project/Full_project/db/alt_u_div_rse.tdf                              ;         ;
; db/lpm_divide_5am.tdf                             ; yes             ; Auto-Generated Megafunction                           ; C:/Users/dnare/Desktop/289Q_Projects_Consolidated/Output_Stationary_Full_project/Full_project/db/lpm_divide_5am.tdf                             ;         ;
+---------------------------------------------------+-----------------+-------------------------------------------------------+-------------------------------------------------------------------------------------------------------------------------------------------------+---------+


+---------------------------------------------------------+
; Analysis & Synthesis Resource Usage Summary             ;
+---------------------------------------------+-----------+
; Resource                                    ; Usage     ;
+---------------------------------------------+-----------+
; Estimate of Logic utilization (ALMs needed) ; 6847      ;
;                                             ;           ;
; Combinational ALUT usage for logic          ; 7739      ;
;     -- 7 input functions                    ; 8         ;
;     -- 6 input functions                    ; 2381      ;
;     -- 5 input functions                    ; 319       ;
;     -- 4 input functions                    ; 241       ;
;     -- <=3 input functions                  ; 4790      ;
;                                             ;           ;
; Dedicated logic registers                   ; 10009     ;
;                                             ;           ;
; I/O pins                                    ; 21        ;
; Total MLAB memory bits                      ; 0         ;
; Total block memory bits                     ; 862528    ;
;                                             ;           ;
; Total DSP Blocks                            ; 29        ;
;                                             ;           ;
; Maximum fan-out node                        ; clk~input ;
; Maximum fan-out                             ; 11065     ;
; Total fan-out                               ; 95808     ;
; Average fan-out                             ; 5.08      ;
+---------------------------------------------+-----------+


+------------------------------------------------------------------------------------------------------------------------------------------------------------------------------------------------------------------------------------------------------------------------------------------------------------------------------------------------------------+
; Analysis & Synthesis Resource Utilization by Entity                                                                                                                                                                                                                                                                                                        ;
+----------------------------------------------+---------------------+---------------------------+-------------------+------------+------+--------------+---------------------------------------------------------------------------------------------------------------------------------------------------------------+---------------------+--------------+
; Compilation Hierarchy Node                   ; Combinational ALUTs ; Dedicated Logic Registers ; Block Memory Bits ; DSP Blocks ; Pins ; Virtual Pins ; Full Hierarchy Name                                                                                                                                           ; Entity Name         ; Library Name ;
+----------------------------------------------+---------------------+---------------------------+-------------------+------------+------+--------------+---------------------------------------------------------------------------------------------------------------------------------------------------------------+---------------------+--------------+
; |model_top                                   ; 7739 (393)          ; 10009 (36)                ; 862528            ; 29         ; 21   ; 0            ; |model_top                                                                                                                                                    ;                     ;              ;
;    |Systolic_Top:conv1_inst|                 ; 265 (10)            ; 290 (12)                  ; 272384            ; 8          ; 0    ; 0            ; |model_top|Systolic_Top:conv1_inst                                                                                                                            ; Systolic_Top        ; work         ;
;       |Mem_ctrl:Mem_ctrl_instance|           ; 253 (51)            ; 22 (22)                   ; 0                 ; 0          ; 0    ; 0            ; |model_top|Systolic_Top:conv1_inst|Mem_ctrl:Mem_ctrl_instance                                                                                                 ; Mem_ctrl            ; work         ;
;          |lpm_divide:Div0|                   ; 25 (0)              ; 0 (0)                     ; 0                 ; 0          ; 0    ; 0            ; |model_top|Systolic_Top:conv1_inst|Mem_ctrl:Mem_ctrl_instance|lpm_divide:Div0                                                                                 ; lpm_divide          ; work         ;
;             |lpm_divide_hbm:auto_generated|  ; 25 (0)              ; 0 (0)                     ; 0                 ; 0          ; 0    ; 0            ; |model_top|Systolic_Top:conv1_inst|Mem_ctrl:Mem_ctrl_instance|lpm_divide:Div0|lpm_divide_hbm:auto_generated                                                   ; lpm_divide_hbm      ; work         ;
;                |sign_div_unsign_nlh:divider| ; 25 (0)              ; 0 (0)                     ; 0                 ; 0          ; 0    ; 0            ; |model_top|Systolic_Top:conv1_inst|Mem_ctrl:Mem_ctrl_instance|lpm_divide:Div0|lpm_divide_hbm:auto_generated|sign_div_unsign_nlh:divider                       ; sign_div_unsign_nlh ; work         ;
;                   |alt_u_div_kve:divider|    ; 25 (25)             ; 0 (0)                     ; 0                 ; 0          ; 0    ; 0            ; |model_top|Systolic_Top:conv1_inst|Mem_ctrl:Mem_ctrl_instance|lpm_divide:Div0|lpm_divide_hbm:auto_generated|sign_div_unsign_nlh:divider|alt_u_div_kve:divider ; alt_u_div_kve       ; work         ;
;          |lpm_divide:Div1|                   ; 72 (0)              ; 0 (0)                     ; 0                 ; 0          ; 0    ; 0            ; |model_top|Systolic_Top:conv1_inst|Mem_ctrl:Mem_ctrl_instance|lpm_divide:Div1                                                                                 ; lpm_divide          ; work         ;
;             |lpm_divide_fbm:auto_generated|  ; 72 (0)              ; 0 (0)                     ; 0                 ; 0          ; 0    ; 0            ; |model_top|Systolic_Top:conv1_inst|Mem_ctrl:Mem_ctrl_instance|lpm_divide:Div1|lpm_divide_fbm:auto_generated                                                   ; lpm_divide_fbm      ; work         ;
;                |sign_div_unsign_llh:divider| ; 72 (0)              ; 0 (0)                     ; 0                 ; 0          ; 0    ; 0            ; |model_top|Systolic_Top:conv1_inst|Mem_ctrl:Mem_ctrl_instance|lpm_divide:Div1|lpm_divide_fbm:auto_generated|sign_div_unsign_llh:divider                       ; sign_div_unsign_llh ; work         ;
;                   |alt_u_div_gve:divider|    ; 72 (72)             ; 0 (0)                     ; 0                 ; 0          ; 0    ; 0            ; |model_top|Systolic_Top:conv1_inst|Mem_ctrl:Mem_ctrl_instance|lpm_divide:Div1|lpm_divide_fbm:auto_generated|sign_div_unsign_llh:divider|alt_u_div_gve:divider ; alt_u_div_gve       ; work         ;
;          |lpm_divide:Mod0|                   ; 28 (0)              ; 0 (0)                     ; 0                 ; 0          ; 0    ; 0            ; |model_top|Systolic_Top:conv1_inst|Mem_ctrl:Mem_ctrl_instance|lpm_divide:Mod0                                                                                 ; lpm_divide          ; work         ;
;             |lpm_divide_k3m:auto_generated|  ; 28 (0)              ; 0 (0)                     ; 0                 ; 0          ; 0    ; 0            ; |model_top|Systolic_Top:conv1_inst|Mem_ctrl:Mem_ctrl_instance|lpm_divide:Mod0|lpm_divide_k3m:auto_generated                                                   ; lpm_divide_k3m      ; work         ;
;                |sign_div_unsign_nlh:divider| ; 28 (0)              ; 0 (0)                     ; 0                 ; 0          ; 0    ; 0            ; |model_top|Systolic_Top:conv1_inst|Mem_ctrl:Mem_ctrl_instance|lpm_divide:Mod0|lpm_divide_k3m:auto_generated|sign_div_unsign_nlh:divider                       ; sign_div_unsign_nlh ; work         ;
;                   |alt_u_div_kve:divider|    ; 28 (28)             ; 0 (0)                     ; 0                 ; 0          ; 0    ; 0            ; |model_top|Systolic_Top:conv1_inst|Mem_ctrl:Mem_ctrl_instance|lpm_divide:Mod0|lpm_divide_k3m:auto_generated|sign_div_unsign_nlh:divider|alt_u_div_kve:divider ; alt_u_div_kve       ; work         ;
;          |lpm_divide:Mod1|                   ; 77 (0)              ; 0 (0)                     ; 0                 ; 0          ; 0    ; 0            ; |model_top|Systolic_Top:conv1_inst|Mem_ctrl:Mem_ctrl_instance|lpm_divide:Mod1                                                                                 ; lpm_divide          ; work         ;
;             |lpm_divide_i3m:auto_generated|  ; 77 (0)              ; 0 (0)                     ; 0                 ; 0          ; 0    ; 0            ; |model_top|Systolic_Top:conv1_inst|Mem_ctrl:Mem_ctrl_instance|lpm_divide:Mod1|lpm_divide_i3m:auto_generated                                                   ; lpm_divide_i3m      ; work         ;
;                |sign_div_unsign_llh:divider| ; 77 (0)              ; 0 (0)                     ; 0                 ; 0          ; 0    ; 0            ; |model_top|Systolic_Top:conv1_inst|Mem_ctrl:Mem_ctrl_instance|lpm_divide:Mod1|lpm_divide_i3m:auto_generated|sign_div_unsign_llh:divider                       ; sign_div_unsign_llh ; work         ;
;                   |alt_u_div_gve:divider|    ; 77 (77)             ; 0 (0)                     ; 0                 ; 0          ; 0    ; 0            ; |model_top|Systolic_Top:conv1_inst|Mem_ctrl:Mem_ctrl_instance|lpm_divide:Mod1|lpm_divide_i3m:auto_generated|sign_div_unsign_llh:divider|alt_u_div_gve:divider ; alt_u_div_gve       ; work         ;
;       |PE_Array:PE_Array_instance|           ; 2 (0)               ; 256 (0)                   ; 0                 ; 8          ; 0    ; 0            ; |model_top|Systolic_Top:conv1_inst|PE_Array:PE_Array_instance                                                                                                 ; PE_Array            ; work         ;
;          |PE:row[0].col[0].pe_inst|          ; 0 (0)               ; 32 (32)                   ; 0                 ; 1          ; 0    ; 0            ; |model_top|Systolic_Top:conv1_inst|PE_Array:PE_Array_instance|PE:row[0].col[0].pe_inst                                                                        ; PE                  ; work         ;
;          |PE:row[0].col[1].pe_inst|          ; 0 (0)               ; 32 (32)                   ; 0                 ; 1          ; 0    ; 0            ; |model_top|Systolic_Top:conv1_inst|PE_Array:PE_Array_instance|PE:row[0].col[1].pe_inst                                                                        ; PE                  ; work         ;
;          |PE:row[0].col[2].pe_inst|          ; 0 (0)               ; 32 (32)                   ; 0                 ; 1          ; 0    ; 0            ; |model_top|Systolic_Top:conv1_inst|PE_Array:PE_Array_instance|PE:row[0].col[2].pe_inst                                                                        ; PE                  ; work         ;
;          |PE:row[0].col[3].pe_inst|          ; 2 (2)               ; 32 (32)                   ; 0                 ; 1          ; 0    ; 0            ; |model_top|Systolic_Top:conv1_inst|PE_Array:PE_Array_instance|PE:row[0].col[3].pe_inst                                                                        ; PE                  ; work         ;
;          |PE:row[0].col[4].pe_inst|          ; 0 (0)               ; 32 (32)                   ; 0                 ; 1          ; 0    ; 0            ; |model_top|Systolic_Top:conv1_inst|PE_Array:PE_Array_instance|PE:row[0].col[4].pe_inst                                                                        ; PE                  ; work         ;
;          |PE:row[0].col[5].pe_inst|          ; 0 (0)               ; 32 (32)                   ; 0                 ; 1          ; 0    ; 0            ; |model_top|Systolic_Top:conv1_inst|PE_Array:PE_Array_instance|PE:row[0].col[5].pe_inst                                                                        ; PE                  ; work         ;
;          |PE:row[0].col[6].pe_inst|          ; 0 (0)               ; 32 (32)                   ; 0                 ; 1          ; 0    ; 0            ; |model_top|Systolic_Top:conv1_inst|PE_Array:PE_Array_instance|PE:row[0].col[6].pe_inst                                                                        ; PE                  ; work         ;
;          |PE:row[0].col[7].pe_inst|          ; 0 (0)               ; 32 (32)                   ; 0                 ; 1          ; 0    ; 0            ; |model_top|Systolic_Top:conv1_inst|PE_Array:PE_Array_instance|PE:row[0].col[7].pe_inst                                                                        ; PE                  ; work         ;
;       |ifmap_mem:i_mem|                      ; 0 (0)               ; 0 (0)                     ; 8192              ; 0          ; 0    ; 0            ; |model_top|Systolic_Top:conv1_inst|ifmap_mem:i_mem                                                                                                            ; ifmap_mem           ; work         ;
;          |altsyncram:mem_rtl_0|              ; 0 (0)               ; 0 (0)                     ; 8192              ; 0          ; 0    ; 0            ; |model_top|Systolic_Top:conv1_inst|ifmap_mem:i_mem|altsyncram:mem_rtl_0                                                                                       ; altsyncram          ; work         ;
;             |altsyncram_fef1:auto_generated| ; 0 (0)               ; 0 (0)                     ; 8192              ; 0          ; 0    ; 0            ; |model_top|Systolic_Top:conv1_inst|ifmap_mem:i_mem|altsyncram:mem_rtl_0|altsyncram_fef1:auto_generated                                                        ; altsyncram_fef1     ; work         ;
;       |ofmap_mem:o_mem|                      ; 0 (0)               ; 0 (0)                     ; 262144            ; 0          ; 0    ; 0            ; |model_top|Systolic_Top:conv1_inst|ofmap_mem:o_mem                                                                                                            ; ofmap_mem           ; work         ;
;          |altsyncram:mem_rtl_0|              ; 0 (0)               ; 0 (0)                     ; 262144            ; 0          ; 0    ; 0            ; |model_top|Systolic_Top:conv1_inst|ofmap_mem:o_mem|altsyncram:mem_rtl_0                                                                                       ; altsyncram          ; work         ;
;             |altsyncram_beu1:auto_generated| ; 0 (0)               ; 0 (0)                     ; 262144            ; 0          ; 0    ; 0            ; |model_top|Systolic_Top:conv1_inst|ofmap_mem:o_mem|altsyncram:mem_rtl_0|altsyncram_beu1:auto_generated                                                        ; altsyncram_beu1     ; work         ;
;       |weight_mem:w_mem|                     ; 0 (0)               ; 0 (0)                     ; 2048              ; 0          ; 0    ; 0            ; |model_top|Systolic_Top:conv1_inst|weight_mem:w_mem                                                                                                           ; weight_mem          ; work         ;
;          |altsyncram:mem_rtl_0|              ; 0 (0)               ; 0 (0)                     ; 2048              ; 0          ; 0    ; 0            ; |model_top|Systolic_Top:conv1_inst|weight_mem:w_mem|altsyncram:mem_rtl_0                                                                                      ; altsyncram          ; work         ;
;             |altsyncram_4nf1:auto_generated| ; 0 (0)               ; 0 (0)                     ; 2048              ; 0          ; 0    ; 0            ; |model_top|Systolic_Top:conv1_inst|weight_mem:w_mem|altsyncram:mem_rtl_0|altsyncram_4nf1:auto_generated                                                       ; altsyncram_4nf1     ; work         ;
;    |Systolic_Top:conv2_inst|                 ; 327 (8)             ; 543 (9)                   ; 114688            ; 16         ; 0    ; 0            ; |model_top|Systolic_Top:conv2_inst                                                                                                                            ; Systolic_Top        ; work         ;
;       |Mem_ctrl:Mem_ctrl_instance|           ; 317 (73)            ; 22 (22)                   ; 0                 ; 0          ; 0    ; 0            ; |model_top|Systolic_Top:conv2_inst|Mem_ctrl:Mem_ctrl_instance                                                                                                 ; Mem_ctrl            ; work         ;
;          |lpm_divide:Div0|                   ; 46 (0)              ; 0 (0)                     ; 0                 ; 0          ; 0    ; 0            ; |model_top|Systolic_Top:conv2_inst|Mem_ctrl:Mem_ctrl_instance|lpm_divide:Div0                                                                                 ; lpm_divide          ; work         ;
;             |lpm_divide_4am:auto_generated|  ; 46 (0)              ; 0 (0)                     ; 0                 ; 0          ; 0    ; 0            ; |model_top|Systolic_Top:conv2_inst|Mem_ctrl:Mem_ctrl_instance|lpm_divide:Div0|lpm_divide_4am:auto_generated                                                   ; lpm_divide_4am      ; work         ;
;                |sign_div_unsign_akh:divider| ; 46 (0)              ; 0 (0)                     ; 0                 ; 0          ; 0    ; 0            ; |model_top|Systolic_Top:conv2_inst|Mem_ctrl:Mem_ctrl_instance|lpm_divide:Div0|lpm_divide_4am:auto_generated|sign_div_unsign_akh:divider                       ; sign_div_unsign_akh ; work         ;
;                   |alt_u_div_qse:divider|    ; 46 (46)             ; 0 (0)                     ; 0                 ; 0          ; 0    ; 0            ; |model_top|Systolic_Top:conv2_inst|Mem_ctrl:Mem_ctrl_instance|lpm_divide:Div0|lpm_divide_4am:auto_generated|sign_div_unsign_akh:divider|alt_u_div_qse:divider ; alt_u_div_qse       ; work         ;
;          |lpm_divide:Div1|                   ; 33 (0)              ; 0 (0)                     ; 0                 ; 0          ; 0    ; 0            ; |model_top|Systolic_Top:conv2_inst|Mem_ctrl:Mem_ctrl_instance|lpm_divide:Div1                                                                                 ; lpm_divide          ; work         ;
;             |lpm_divide_hbm:auto_generated|  ; 33 (0)              ; 0 (0)                     ; 0                 ; 0          ; 0    ; 0            ; |model_top|Systolic_Top:conv2_inst|Mem_ctrl:Mem_ctrl_instance|lpm_divide:Div1|lpm_divide_hbm:auto_generated                                                   ; lpm_divide_hbm      ; work         ;
;                |sign_div_unsign_nlh:divider| ; 33 (0)              ; 0 (0)                     ; 0                 ; 0          ; 0    ; 0            ; |model_top|Systolic_Top:conv2_inst|Mem_ctrl:Mem_ctrl_instance|lpm_divide:Div1|lpm_divide_hbm:auto_generated|sign_div_unsign_nlh:divider                       ; sign_div_unsign_nlh ; work         ;
;                   |alt_u_div_kve:divider|    ; 33 (33)             ; 0 (0)                     ; 0                 ; 0          ; 0    ; 0            ; |model_top|Systolic_Top:conv2_inst|Mem_ctrl:Mem_ctrl_instance|lpm_divide:Div1|lpm_divide_hbm:auto_generated|sign_div_unsign_nlh:divider|alt_u_div_kve:divider ; alt_u_div_kve       ; work         ;
;          |lpm_divide:Div2|                   ; 38 (0)              ; 0 (0)                     ; 0                 ; 0          ; 0    ; 0            ; |model_top|Systolic_Top:conv2_inst|Mem_ctrl:Mem_ctrl_instance|lpm_divide:Div2                                                                                 ; lpm_divide          ; work         ;
;             |lpm_divide_5am:auto_generated|  ; 38 (0)              ; 0 (0)                     ; 0                 ; 0          ; 0    ; 0            ; |model_top|Systolic_Top:conv2_inst|Mem_ctrl:Mem_ctrl_instance|lpm_divide:Div2|lpm_divide_5am:auto_generated                                                   ; lpm_divide_5am      ; work         ;
;                |sign_div_unsign_bkh:divider| ; 38 (0)              ; 0 (0)                     ; 0                 ; 0          ; 0    ; 0            ; |model_top|Systolic_Top:conv2_inst|Mem_ctrl:Mem_ctrl_instance|lpm_divide:Div2|lpm_divide_5am:auto_generated|sign_div_unsign_bkh:divider                       ; sign_div_unsign_bkh ; work         ;
;                   |alt_u_div_rse:divider|    ; 38 (38)             ; 0 (0)                     ; 0                 ; 0          ; 0    ; 0            ; |model_top|Systolic_Top:conv2_inst|Mem_ctrl:Mem_ctrl_instance|lpm_divide:Div2|lpm_divide_5am:auto_generated|sign_div_unsign_bkh:divider|alt_u_div_rse:divider ; alt_u_div_rse       ; work         ;
;          |lpm_divide:Mod0|                   ; 35 (0)              ; 0 (0)                     ; 0                 ; 0          ; 0    ; 0            ; |model_top|Systolic_Top:conv2_inst|Mem_ctrl:Mem_ctrl_instance|lpm_divide:Mod0                                                                                 ; lpm_divide          ; work         ;
;             |lpm_divide_k3m:auto_generated|  ; 35 (0)              ; 0 (0)                     ; 0                 ; 0          ; 0    ; 0            ; |model_top|Systolic_Top:conv2_inst|Mem_ctrl:Mem_ctrl_instance|lpm_divide:Mod0|lpm_divide_k3m:auto_generated                                                   ; lpm_divide_k3m      ; work         ;
;                |sign_div_unsign_nlh:divider| ; 35 (0)              ; 0 (0)                     ; 0                 ; 0          ; 0    ; 0            ; |model_top|Systolic_Top:conv2_inst|Mem_ctrl:Mem_ctrl_instance|lpm_divide:Mod0|lpm_divide_k3m:auto_generated|sign_div_unsign_nlh:divider                       ; sign_div_unsign_nlh ; work         ;
;                   |alt_u_div_kve:divider|    ; 35 (35)             ; 0 (0)                     ; 0                 ; 0          ; 0    ; 0            ; |model_top|Systolic_Top:conv2_inst|Mem_ctrl:Mem_ctrl_instance|lpm_divide:Mod0|lpm_divide_k3m:auto_generated|sign_div_unsign_nlh:divider|alt_u_div_kve:divider ; alt_u_div_kve       ; work         ;
;          |lpm_divide:Mod1|                   ; 48 (0)              ; 0 (0)                     ; 0                 ; 0          ; 0    ; 0            ; |model_top|Systolic_Top:conv2_inst|Mem_ctrl:Mem_ctrl_instance|lpm_divide:Mod1                                                                                 ; lpm_divide          ; work         ;
;             |lpm_divide_72m:auto_generated|  ; 48 (0)              ; 0 (0)                     ; 0                 ; 0          ; 0    ; 0            ; |model_top|Systolic_Top:conv2_inst|Mem_ctrl:Mem_ctrl_instance|lpm_divide:Mod1|lpm_divide_72m:auto_generated                                                   ; lpm_divide_72m      ; work         ;
;                |sign_div_unsign_akh:divider| ; 48 (0)              ; 0 (0)                     ; 0                 ; 0          ; 0    ; 0            ; |model_top|Systolic_Top:conv2_inst|Mem_ctrl:Mem_ctrl_instance|lpm_divide:Mod1|lpm_divide_72m:auto_generated|sign_div_unsign_akh:divider                       ; sign_div_unsign_akh ; work         ;
;                   |alt_u_div_qse:divider|    ; 48 (48)             ; 0 (0)                     ; 0                 ; 0          ; 0    ; 0            ; |model_top|Systolic_Top:conv2_inst|Mem_ctrl:Mem_ctrl_instance|lpm_divide:Mod1|lpm_divide_72m:auto_generated|sign_div_unsign_akh:divider|alt_u_div_qse:divider ; alt_u_div_qse       ; work         ;
;          |lpm_divide:Mod2|                   ; 44 (0)              ; 0 (0)                     ; 0                 ; 0          ; 0    ; 0            ; |model_top|Systolic_Top:conv2_inst|Mem_ctrl:Mem_ctrl_instance|lpm_divide:Mod2                                                                                 ; lpm_divide          ; work         ;
;             |lpm_divide_82m:auto_generated|  ; 44 (0)              ; 0 (0)                     ; 0                 ; 0          ; 0    ; 0            ; |model_top|Systolic_Top:conv2_inst|Mem_ctrl:Mem_ctrl_instance|lpm_divide:Mod2|lpm_divide_82m:auto_generated                                                   ; lpm_divide_82m      ; work         ;
;                |sign_div_unsign_bkh:divider| ; 44 (0)              ; 0 (0)                     ; 0                 ; 0          ; 0    ; 0            ; |model_top|Systolic_Top:conv2_inst|Mem_ctrl:Mem_ctrl_instance|lpm_divide:Mod2|lpm_divide_82m:auto_generated|sign_div_unsign_bkh:divider                       ; sign_div_unsign_bkh ; work         ;
;                   |alt_u_div_rse:divider|    ; 44 (44)             ; 0 (0)                     ; 0                 ; 0          ; 0    ; 0            ; |model_top|Systolic_Top:conv2_inst|Mem_ctrl:Mem_ctrl_instance|lpm_divide:Mod2|lpm_divide_82m:auto_generated|sign_div_unsign_bkh:divider|alt_u_div_rse:divider ; alt_u_div_rse       ; work         ;
;       |PE_Array:PE_Array_instance|           ; 2 (0)               ; 512 (0)                   ; 0                 ; 16         ; 0    ; 0            ; |model_top|Systolic_Top:conv2_inst|PE_Array:PE_Array_instance                                                                                                 ; PE_Array            ; work         ;
;          |PE:row[0].col[0].pe_inst|          ; 2 (2)               ; 32 (32)                   ; 0                 ; 1          ; 0    ; 0            ; |model_top|Systolic_Top:conv2_inst|PE_Array:PE_Array_instance|PE:row[0].col[0].pe_inst                                                                        ; PE                  ; work         ;
;          |PE:row[0].col[10].pe_inst|         ; 0 (0)               ; 32 (32)                   ; 0                 ; 1          ; 0    ; 0            ; |model_top|Systolic_Top:conv2_inst|PE_Array:PE_Array_instance|PE:row[0].col[10].pe_inst                                                                       ; PE                  ; work         ;
;          |PE:row[0].col[11].pe_inst|         ; 0 (0)               ; 32 (32)                   ; 0                 ; 1          ; 0    ; 0            ; |model_top|Systolic_Top:conv2_inst|PE_Array:PE_Array_instance|PE:row[0].col[11].pe_inst                                                                       ; PE                  ; work         ;
;          |PE:row[0].col[12].pe_inst|         ; 0 (0)               ; 32 (32)                   ; 0                 ; 1          ; 0    ; 0            ; |model_top|Systolic_Top:conv2_inst|PE_Array:PE_Array_instance|PE:row[0].col[12].pe_inst                                                                       ; PE                  ; work         ;
;          |PE:row[0].col[13].pe_inst|         ; 0 (0)               ; 32 (32)                   ; 0                 ; 1          ; 0    ; 0            ; |model_top|Systolic_Top:conv2_inst|PE_Array:PE_Array_instance|PE:row[0].col[13].pe_inst                                                                       ; PE                  ; work         ;
;          |PE:row[0].col[14].pe_inst|         ; 0 (0)               ; 32 (32)                   ; 0                 ; 1          ; 0    ; 0            ; |model_top|Systolic_Top:conv2_inst|PE_Array:PE_Array_instance|PE:row[0].col[14].pe_inst                                                                       ; PE                  ; work         ;
;          |PE:row[0].col[15].pe_inst|         ; 0 (0)               ; 32 (32)                   ; 0                 ; 1          ; 0    ; 0            ; |model_top|Systolic_Top:conv2_inst|PE_Array:PE_Array_instance|PE:row[0].col[15].pe_inst                                                                       ; PE                  ; work         ;
;          |PE:row[0].col[1].pe_inst|          ; 0 (0)               ; 32 (32)                   ; 0                 ; 1          ; 0    ; 0            ; |model_top|Systolic_Top:conv2_inst|PE_Array:PE_Array_instance|PE:row[0].col[1].pe_inst                                                                        ; PE                  ; work         ;
;          |PE:row[0].col[2].pe_inst|          ; 0 (0)               ; 32 (32)                   ; 0                 ; 1          ; 0    ; 0            ; |model_top|Systolic_Top:conv2_inst|PE_Array:PE_Array_instance|PE:row[0].col[2].pe_inst                                                                        ; PE                  ; work         ;
;          |PE:row[0].col[3].pe_inst|          ; 0 (0)               ; 32 (32)                   ; 0                 ; 1          ; 0    ; 0            ; |model_top|Systolic_Top:conv2_inst|PE_Array:PE_Array_instance|PE:row[0].col[3].pe_inst                                                                        ; PE                  ; work         ;
;          |PE:row[0].col[4].pe_inst|          ; 0 (0)               ; 32 (32)                   ; 0                 ; 1          ; 0    ; 0            ; |model_top|Systolic_Top:conv2_inst|PE_Array:PE_Array_instance|PE:row[0].col[4].pe_inst                                                                        ; PE                  ; work         ;
;          |PE:row[0].col[5].pe_inst|          ; 0 (0)               ; 32 (32)                   ; 0                 ; 1          ; 0    ; 0            ; |model_top|Systolic_Top:conv2_inst|PE_Array:PE_Array_instance|PE:row[0].col[5].pe_inst                                                                        ; PE                  ; work         ;
;          |PE:row[0].col[6].pe_inst|          ; 0 (0)               ; 32 (32)                   ; 0                 ; 1          ; 0    ; 0            ; |model_top|Systolic_Top:conv2_inst|PE_Array:PE_Array_instance|PE:row[0].col[6].pe_inst                                                                        ; PE                  ; work         ;
;          |PE:row[0].col[7].pe_inst|          ; 0 (0)               ; 32 (32)                   ; 0                 ; 1          ; 0    ; 0            ; |model_top|Systolic_Top:conv2_inst|PE_Array:PE_Array_instance|PE:row[0].col[7].pe_inst                                                                        ; PE                  ; work         ;
;          |PE:row[0].col[8].pe_inst|          ; 0 (0)               ; 32 (32)                   ; 0                 ; 1          ; 0    ; 0            ; |model_top|Systolic_Top:conv2_inst|PE_Array:PE_Array_instance|PE:row[0].col[8].pe_inst                                                                        ; PE                  ; work         ;
;          |PE:row[0].col[9].pe_inst|          ; 0 (0)               ; 32 (32)                   ; 0                 ; 1          ; 0    ; 0            ; |model_top|Systolic_Top:conv2_inst|PE_Array:PE_Array_instance|PE:row[0].col[9].pe_inst                                                                        ; PE                  ; work         ;
;       |ifmap_mem:i_mem|                      ; 0 (0)               ; 0 (0)                     ; 16384             ; 0          ; 0    ; 0            ; |model_top|Systolic_Top:conv2_inst|ifmap_mem:i_mem                                                                                                            ; ifmap_mem           ; work         ;
;          |altsyncram:mem_rtl_0|              ; 0 (0)               ; 0 (0)                     ; 16384             ; 0          ; 0    ; 0            ; |model_top|Systolic_Top:conv2_inst|ifmap_mem:i_mem|altsyncram:mem_rtl_0                                                                                       ; altsyncram          ; work         ;
;             |altsyncram_o5u1:auto_generated| ; 0 (0)               ; 0 (0)                     ; 16384             ; 0          ; 0    ; 0            ; |model_top|Systolic_Top:conv2_inst|ifmap_mem:i_mem|altsyncram:mem_rtl_0|altsyncram_o5u1:auto_generated                                                        ; altsyncram_o5u1     ; work         ;
;       |ofmap_mem:o_mem|                      ; 0 (0)               ; 0 (0)                     ; 65536             ; 0          ; 0    ; 0            ; |model_top|Systolic_Top:conv2_inst|ofmap_mem:o_mem                                                                                                            ; ofmap_mem           ; work         ;
;          |altsyncram:mem_rtl_0|              ; 0 (0)               ; 0 (0)                     ; 65536             ; 0          ; 0    ; 0            ; |model_top|Systolic_Top:conv2_inst|ofmap_mem:o_mem|altsyncram:mem_rtl_0                                                                                       ; altsyncram          ; work         ;
;             |altsyncram_beu1:auto_generated| ; 0 (0)               ; 0 (0)                     ; 65536             ; 0          ; 0    ; 0            ; |model_top|Systolic_Top:conv2_inst|ofmap_mem:o_mem|altsyncram:mem_rtl_0|altsyncram_beu1:auto_generated                                                        ; altsyncram_beu1     ; work         ;
;       |weight_mem:w_mem|                     ; 0 (0)               ; 0 (0)                     ; 32768             ; 0          ; 0    ; 0            ; |model_top|Systolic_Top:conv2_inst|weight_mem:w_mem                                                                                                           ; weight_mem          ; work         ;
;          |altsyncram:mem_rtl_0|              ; 0 (0)               ; 0 (0)                     ; 32768             ; 0          ; 0    ; 0            ; |model_top|Systolic_Top:conv2_inst|weight_mem:w_mem|altsyncram:mem_rtl_0                                                                                      ; altsyncram          ; work         ;
;             |altsyncram_2qf1:auto_generated| ; 0 (0)               ; 0 (0)                     ; 32768             ; 0          ; 0    ; 0            ; |model_top|Systolic_Top:conv2_inst|weight_mem:w_mem|altsyncram:mem_rtl_0|altsyncram_2qf1:auto_generated                                                       ; altsyncram_2qf1     ; work         ;
;    |dual_port_bram:pool2_to_fc_buf|          ; 14 (14)             ; 44 (44)                   ; 4096              ; 0          ; 0    ; 0            ; |model_top|dual_port_bram:pool2_to_fc_buf                                                                                                                     ; dual_port_bram      ; work         ;
;       |altsyncram:ram_rtl_0|                 ; 0 (0)               ; 0 (0)                     ; 4096              ; 0          ; 0    ; 0            ; |model_top|dual_port_bram:pool2_to_fc_buf|altsyncram:ram_rtl_0                                                                                                ; altsyncram          ; work         ;
;          |altsyncram_43q1:auto_generated|    ; 0 (0)               ; 0 (0)                     ; 4096              ; 0          ; 0    ; 0            ; |model_top|dual_port_bram:pool2_to_fc_buf|altsyncram:ram_rtl_0|altsyncram_43q1:auto_generated                                                                 ; altsyncram_43q1     ; work         ;
;    |fc_top:fc_pipeline|                      ; 6584 (355)          ; 8918 (10)                 ; 471360            ; 5          ; 0    ; 0            ; |model_top|fc_top:fc_pipeline                                                                                                                                 ; fc_top              ; work         ;
;       |fc_layer:fc1|                         ; 3372 (3372)         ; 4111 (4111)               ; 0                 ; 2          ; 0    ; 0            ; |model_top|fc_top:fc_pipeline|fc_layer:fc1                                                                                                                    ; fc_layer            ; work         ;
;       |fc_layer:fc2|                         ; 2421 (2421)         ; 2717 (2717)               ; 0                 ; 1          ; 0    ; 0            ; |model_top|fc_top:fc_pipeline|fc_layer:fc2                                                                                                                    ; fc_layer            ; work         ;
;       |fc_layer:fc3|                         ; 363 (363)           ; 426 (426)                 ; 0                 ; 2          ; 0    ; 0            ; |model_top|fc_top:fc_pipeline|fc_layer:fc3                                                                                                                    ; fc_layer            ; work         ;
;       |fc_serializer:ser12|                  ; 21 (21)             ; 969 (969)                 ; 0                 ; 0          ; 0    ; 0            ; |model_top|fc_top:fc_pipeline|fc_serializer:ser12                                                                                                             ; fc_serializer       ; work         ;
;       |fc_serializer:ser23|                  ; 22 (22)             ; 681 (681)                 ; 0                 ; 0          ; 0    ; 0            ; |model_top|fc_top:fc_pipeline|fc_serializer:ser23                                                                                                             ; fc_serializer       ; work         ;
;       |fcl_weight_rom:w1|                    ; 22 (0)              ; 3 (0)                     ; 384000            ; 0          ; 0    ; 0            ; |model_top|fc_top:fc_pipeline|fcl_weight_rom:w1                                                                                                               ; fcl_weight_rom      ; work         ;
;          |altsyncram:mem_rtl_0|              ; 22 (0)              ; 3 (0)                     ; 384000            ; 0          ; 0    ; 0            ; |model_top|fc_top:fc_pipeline|fcl_weight_rom:w1|altsyncram:mem_rtl_0                                                                                          ; altsyncram          ; work         ;
;             |altsyncram_e2g1:auto_generated| ; 22 (0)              ; 3 (3)                     ; 384000            ; 0          ; 0    ; 0            ; |model_top|fc_top:fc_pipeline|fcl_weight_rom:w1|altsyncram:mem_rtl_0|altsyncram_e2g1:auto_generated                                                           ; altsyncram_e2g1     ; work         ;
;                |decode_41a:rden_decode|      ; 6 (6)               ; 0 (0)                     ; 0                 ; 0          ; 0    ; 0            ; |model_top|fc_top:fc_pipeline|fcl_weight_rom:w1|altsyncram:mem_rtl_0|altsyncram_e2g1:auto_generated|decode_41a:rden_decode                                    ; decode_41a          ; work         ;
;                |mux_rfb:mux2|                ; 16 (16)             ; 0 (0)                     ; 0                 ; 0          ; 0    ; 0            ; |model_top|fc_top:fc_pipeline|fcl_weight_rom:w1|altsyncram:mem_rtl_0|altsyncram_e2g1:auto_generated|mux_rfb:mux2                                              ; mux_rfb             ; work         ;
;       |fcl_weight_rom:w2|                    ; 8 (0)               ; 1 (0)                     ; 80640             ; 0          ; 0    ; 0            ; |model_top|fc_top:fc_pipeline|fcl_weight_rom:w2                                                                                                               ; fcl_weight_rom      ; work         ;
;          |altsyncram:mem_rtl_0|              ; 8 (0)               ; 1 (0)                     ; 80640             ; 0          ; 0    ; 0            ; |model_top|fc_top:fc_pipeline|fcl_weight_rom:w2|altsyncram:mem_rtl_0                                                                                          ; altsyncram          ; work         ;
;             |altsyncram_j0g1:auto_generated| ; 8 (0)               ; 1 (1)                     ; 80640             ; 0          ; 0    ; 0            ; |model_top|fc_top:fc_pipeline|fcl_weight_rom:w2|altsyncram:mem_rtl_0|altsyncram_j0g1:auto_generated                                                           ; altsyncram_j0g1     ; work         ;
;                |mux_lfb:mux2|                ; 8 (8)               ; 0 (0)                     ; 0                 ; 0          ; 0    ; 0            ; |model_top|fc_top:fc_pipeline|fcl_weight_rom:w2|altsyncram:mem_rtl_0|altsyncram_j0g1:auto_generated|mux_lfb:mux2                                              ; mux_lfb             ; work         ;
;       |fcl_weight_rom:w3|                    ; 0 (0)               ; 0 (0)                     ; 6720              ; 0          ; 0    ; 0            ; |model_top|fc_top:fc_pipeline|fcl_weight_rom:w3                                                                                                               ; fcl_weight_rom      ; work         ;
;          |altsyncram:mem_rtl_0|              ; 0 (0)               ; 0 (0)                     ; 6720              ; 0          ; 0    ; 0            ; |model_top|fc_top:fc_pipeline|fcl_weight_rom:w3|altsyncram:mem_rtl_0                                                                                          ; altsyncram          ; work         ;
;             |altsyncram_hvf1:auto_generated| ; 0 (0)               ; 0 (0)                     ; 6720              ; 0          ; 0    ; 0            ; |model_top|fc_top:fc_pipeline|fcl_weight_rom:w3|altsyncram:mem_rtl_0|altsyncram_hvf1:auto_generated                                                           ; altsyncram_hvf1     ; work         ;
;    |pooling_top:pool1_inst|                  ; 88 (54)             ; 95 (64)                   ; 0                 ; 0          ; 0    ; 0            ; |model_top|pooling_top:pool1_inst                                                                                                                             ; pooling_top         ; work         ;
;       |pooling_layer:dut_pool|               ; 34 (34)             ; 31 (31)                   ; 0                 ; 0          ; 0    ; 0            ; |model_top|pooling_top:pool1_inst|pooling_layer:dut_pool                                                                                                      ; pooling_layer       ; work         ;
;    |pooling_top:pool2_inst|                  ; 68 (34)             ; 83 (52)                   ; 0                 ; 0          ; 0    ; 0            ; |model_top|pooling_top:pool2_inst                                                                                                                             ; pooling_top         ; work         ;
;       |pooling_layer:dut_pool|               ; 34 (34)             ; 31 (31)                   ; 0                 ; 0          ; 0    ; 0            ; |model_top|pooling_top:pool2_inst|pooling_layer:dut_pool                                                                                                      ; pooling_layer       ; work         ;
+----------------------------------------------+---------------------+---------------------------+-------------------+------------+------+--------------+---------------------------------------------------------------------------------------------------------------------------------------------------------------+---------------------+--------------+
Note: For table entries with two numbers listed, the numbers in parentheses indicate the number of resources of the given type used by the specific entity alone. The numbers listed outside of parentheses indicate the total resources of the given type used by the specific entity and all of its sub-entities in the hierarchy.


+------------------------------------------------------------------------------------------------------------------------------------------------------------------------------------------------------------------------------------------------------------------+
; Analysis & Synthesis RAM Summary                                                                                                                                                                                                                                 ;
+---------------------------------------------------------------------------------------------------------+------------+------------------+--------------+--------------+--------------+--------------+--------+---------------------------------------------------+
; Name                                                                                                    ; Type       ; Mode             ; Port A Depth ; Port A Width ; Port B Depth ; Port B Width ; Size   ; MIF                                               ;
+---------------------------------------------------------------------------------------------------------+------------+------------------+--------------+--------------+--------------+--------------+--------+---------------------------------------------------+
; Systolic_Top:conv1_inst|ifmap_mem:i_mem|altsyncram:mem_rtl_0|altsyncram_fef1:auto_generated|ALTSYNCRAM  ; M10K block ; ROM              ; 1024         ; 8            ; --           ; --           ; 8192   ; db/model_top.ram0_ifmap_mem_17622b78.hdl.mif      ;
; Systolic_Top:conv1_inst|ofmap_mem:o_mem|altsyncram:mem_rtl_0|altsyncram_beu1:auto_generated|ALTSYNCRAM  ; M10K block ; Simple Dual Port ; 1024         ; 512          ; 1024         ; 512          ; 524288 ; db/model_top.ram0_ofmap_mem_a5aad296.hdl.mif      ;
; Systolic_Top:conv1_inst|weight_mem:w_mem|altsyncram:mem_rtl_0|altsyncram_4nf1:auto_generated|ALTSYNCRAM ; M10K block ; ROM              ; 2048         ; 128          ; --           ; --           ; 262144 ; db/model_top.ram0_weight_mem_9606ca63.hdl.mif     ;
; Systolic_Top:conv2_inst|ifmap_mem:i_mem|altsyncram:mem_rtl_0|altsyncram_o5u1:auto_generated|ALTSYNCRAM  ; M10K block ; Simple Dual Port ; 2048         ; 8            ; 2048         ; 8            ; 16384  ; db/model_top.ram0_ifmap_mem_222088fd.hdl.mif      ;
; Systolic_Top:conv2_inst|ofmap_mem:o_mem|altsyncram:mem_rtl_0|altsyncram_beu1:auto_generated|ALTSYNCRAM  ; M10K block ; Simple Dual Port ; 1024         ; 512          ; 1024         ; 512          ; 524288 ; db/model_top.ram0_ofmap_mem_a5aad296.hdl.mif      ;
; Systolic_Top:conv2_inst|weight_mem:w_mem|altsyncram:mem_rtl_0|altsyncram_2qf1:auto_generated|ALTSYNCRAM ; M10K block ; ROM              ; 2048         ; 128          ; --           ; --           ; 262144 ; db/model_top.ram0_weight_mem_56e3bfd1.hdl.mif     ;
; dual_port_bram:pool2_to_fc_buf|altsyncram:ram_rtl_0|altsyncram_43q1:auto_generated|ALTSYNCRAM           ; M10K block ; Simple Dual Port ; 512          ; 8            ; 512          ; 8            ; 4096   ; db/model_top.ram0_dual_port_bram_f9f9744e.hdl.mif ;
; fc_top:fc_pipeline|fcl_weight_rom:w1|altsyncram:mem_rtl_0|altsyncram_e2g1:auto_generated|ALTSYNCRAM     ; M10K block ; ROM              ; 48000        ; 8            ; --           ; --           ; 384000 ; db/model_top.ram0_fcl_weight_rom_640a27c2.hdl.mif ;
; fc_top:fc_pipeline|fcl_weight_rom:w2|altsyncram:mem_rtl_0|altsyncram_j0g1:auto_generated|ALTSYNCRAM     ; M10K block ; ROM              ; 10080        ; 8            ; --           ; --           ; 80640  ; db/model_top.ram0_fcl_weight_rom_7132221a.hdl.mif ;
; fc_top:fc_pipeline|fcl_weight_rom:w3|altsyncram:mem_rtl_0|altsyncram_hvf1:auto_generated|ALTSYNCRAM     ; M10K block ; ROM              ; 840          ; 8            ; --           ; --           ; 6720   ; db/model_top.ram0_fcl_weight_rom_79e1117c.hdl.mif ;
+---------------------------------------------------------------------------------------------------------+------------+------------------+--------------+--------------+--------------+--------------+--------+---------------------------------------------------+


+-------------------------------------------------+
; Analysis & Synthesis DSP Block Usage Summary    ;
+-----------------------------------+-------------+
; Statistic                         ; Number Used ;
+-----------------------------------+-------------+
; Independent 9x9                   ; 2           ;
; Independent 18x18 plus 36         ; 27          ;
; Total number of DSP blocks        ; 29          ;
;                                   ;             ;
; Fixed Point Signed Multiplier     ; 8           ;
; Fixed Point Unsigned Multiplier   ; 2           ;
; Fixed Point Mixed Sign Multiplier ; 19          ;
+-----------------------------------+-------------+


Encoding Type:  One-Hot
+--------------------------------------------------------------------------------------+
; State Machine - |model_top|fc_top:fc_pipeline|fc_layer:fc1|state                     ;
+---------------------+------------+----------------+---------------------+------------+
; Name                ; state.DONE ; state.BIAS_ADD ; state.FETCH_AND_MAC ; state.IDLE ;
+---------------------+------------+----------------+---------------------+------------+
; state.IDLE          ; 0          ; 0              ; 0                   ; 0          ;
; state.FETCH_AND_MAC ; 0          ; 0              ; 1                   ; 1          ;
; state.BIAS_ADD      ; 0          ; 1              ; 0                   ; 1          ;
; state.DONE          ; 1          ; 0              ; 0                   ; 1          ;
+---------------------+------------+----------------+---------------------+------------+


Encoding Type:  One-Hot
+--------------------------------------------------------------------------------------+
; State Machine - |model_top|fc_top:fc_pipeline|fc_layer:fc2|state                     ;
+---------------------+------------+----------------+---------------------+------------+
; Name                ; state.DONE ; state.BIAS_ADD ; state.FETCH_AND_MAC ; state.IDLE ;
+---------------------+------------+----------------+---------------------+------------+
; state.IDLE          ; 0          ; 0              ; 0                   ; 0          ;
; state.FETCH_AND_MAC ; 0          ; 0              ; 1                   ; 1          ;
; state.BIAS_ADD      ; 0          ; 1              ; 0                   ; 1          ;
; state.DONE          ; 1          ; 0              ; 0                   ; 1          ;
+---------------------+------------+----------------+---------------------+------------+


Encoding Type:  One-Hot
+--------------------------------------------------------------------------------------+
; State Machine - |model_top|fc_top:fc_pipeline|fc_layer:fc3|state                     ;
+---------------------+------------+----------------+---------------------+------------+
; Name                ; state.DONE ; state.BIAS_ADD ; state.FETCH_AND_MAC ; state.IDLE ;
+---------------------+------------+----------------+---------------------+------------+
; state.IDLE          ; 0          ; 0              ; 0                   ; 0          ;
; state.FETCH_AND_MAC ; 0          ; 0              ; 1                   ; 1          ;
; state.BIAS_ADD      ; 0          ; 1              ; 0                   ; 1          ;
; state.DONE          ; 1          ; 0              ; 0                   ; 1          ;
+---------------------+------------+----------------+---------------------+------------+


Encoding Type:  One-Hot
+---------------------------------------------------------------------------------------------------------------------------------------------+
; State Machine - |model_top|state                                                                                                            ;
+--------------------+---------------+--------------------+----------------+----------------+----------------+----------------+---------------+
; Name               ; state.ST_DONE ; state.ST_FC_STREAM ; state.ST_POOL2 ; state.ST_CONV2 ; state.ST_POOL1 ; state.ST_CONV1 ; state.ST_IDLE ;
+--------------------+---------------+--------------------+----------------+----------------+----------------+----------------+---------------+
; state.ST_IDLE      ; 0             ; 0                  ; 0              ; 0              ; 0              ; 0              ; 0             ;
; state.ST_CONV1     ; 0             ; 0                  ; 0              ; 0              ; 0              ; 1              ; 1             ;
; state.ST_POOL1     ; 0             ; 0                  ; 0              ; 0              ; 1              ; 0              ; 1             ;
; state.ST_CONV2     ; 0             ; 0                  ; 0              ; 1              ; 0              ; 0              ; 1             ;
; state.ST_POOL2     ; 0             ; 0                  ; 1              ; 0              ; 0              ; 0              ; 1             ;
; state.ST_FC_STREAM ; 0             ; 1                  ; 0              ; 0              ; 0              ; 0              ; 1             ;
; state.ST_DONE      ; 1             ; 0                  ; 0              ; 0              ; 0              ; 0              ; 1             ;
+--------------------+---------------+--------------------+----------------+----------------+----------------+----------------+---------------+


Encoding Type:  One-Hot
+----------------------------------------------------------------------------------------------------------------------+
; State Machine - |model_top|pooling_top:pool2_inst|state                                                              ;
+---------------------+-------------------+-------------------+-------------------+--------------+---------------------+
; Name                ; state.S_SEND_TILE ; state.S_WAIT_DATA ; state.S_READ_TILE ; state.S_IDLE ; state.S_WAIT_OUTPUT ;
+---------------------+-------------------+-------------------+-------------------+--------------+---------------------+
; state.S_IDLE        ; 0                 ; 0                 ; 0                 ; 0            ; 0                   ;
; state.S_READ_TILE   ; 0                 ; 0                 ; 1                 ; 1            ; 0                   ;
; state.S_WAIT_DATA   ; 0                 ; 1                 ; 0                 ; 1            ; 0                   ;
; state.S_SEND_TILE   ; 1                 ; 0                 ; 0                 ; 1            ; 0                   ;
; state.S_WAIT_OUTPUT ; 0                 ; 0                 ; 0                 ; 1            ; 1                   ;
+---------------------+-------------------+-------------------+-------------------+--------------+---------------------+


Encoding Type:  One-Hot
+-------------------------------------------------------------------------------------+
; State Machine - |model_top|Systolic_Top:conv2_inst|Mem_ctrl:Mem_ctrl_instance|State ;
+--------------+-------------+--------------+-------------+------------+--------------+
; Name         ; State.DRAIN ; State.STREAM ; State.CLEAR ; State.IDLE ; State.WRITE  ;
+--------------+-------------+--------------+-------------+------------+--------------+
; State.IDLE   ; 0           ; 0            ; 0           ; 0          ; 0            ;
; State.CLEAR  ; 0           ; 0            ; 1           ; 1          ; 0            ;
; State.STREAM ; 0           ; 1            ; 0           ; 1          ; 0            ;
; State.DRAIN  ; 1           ; 0            ; 0           ; 1          ; 0            ;
; State.WRITE  ; 0           ; 0            ; 0           ; 1          ; 1            ;
+--------------+-------------+--------------+-------------+------------+--------------+


Encoding Type:  One-Hot
+----------------------------------------------------------------------------------------------------------------------+
; State Machine - |model_top|pooling_top:pool1_inst|state                                                              ;
+---------------------+-------------------+-------------------+-------------------+--------------+---------------------+
; Name                ; state.S_SEND_TILE ; state.S_WAIT_DATA ; state.S_READ_TILE ; state.S_IDLE ; state.S_WAIT_OUTPUT ;
+---------------------+-------------------+-------------------+-------------------+--------------+---------------------+
; state.S_IDLE        ; 0                 ; 0                 ; 0                 ; 0            ; 0                   ;
; state.S_READ_TILE   ; 0                 ; 0                 ; 1                 ; 1            ; 0                   ;
; state.S_WAIT_DATA   ; 0                 ; 1                 ; 0                 ; 1            ; 0                   ;
; state.S_SEND_TILE   ; 1                 ; 0                 ; 0                 ; 1            ; 0                   ;
; state.S_WAIT_OUTPUT ; 0                 ; 0                 ; 0                 ; 1            ; 1                   ;
+---------------------+-------------------+-------------------+-------------------+--------------+---------------------+


Encoding Type:  One-Hot
+-------------------------------------------------------------------------------------+
; State Machine - |model_top|Systolic_Top:conv1_inst|Mem_ctrl:Mem_ctrl_instance|State ;
+--------------+-------------+--------------+-------------+------------+--------------+
; Name         ; State.DRAIN ; State.STREAM ; State.CLEAR ; State.IDLE ; State.WRITE  ;
+--------------+-------------+--------------+-------------+------------+--------------+
; State.IDLE   ; 0           ; 0            ; 0           ; 0          ; 0            ;
; State.CLEAR  ; 0           ; 0            ; 1           ; 1          ; 0            ;
; State.STREAM ; 0           ; 1            ; 0           ; 1          ; 0            ;
; State.DRAIN  ; 1           ; 0            ; 0           ; 1          ; 0            ;
; State.WRITE  ; 0           ; 0            ; 0           ; 1          ; 1            ;
+--------------+-------------+--------------+-------------+------------+--------------+


+---------------------------------------------------------------------------------------------------------------------------------------------------+
; Registers Removed During Synthesis                                                                                                                ;
+----------------------------------------------------------------------------------------------------------+----------------------------------------+
; Register name                                                                                            ; Reason for Removal                     ;
+----------------------------------------------------------------------------------------------------------+----------------------------------------+
; fc_top:fc_pipeline|fcl_bias_rom:b3|data[0]                                                               ; Stuck at VCC due to stuck port data_in ;
; fc_top:fc_pipeline|fcl_bias_rom:b3|data[1..9]                                                            ; Stuck at GND due to stuck port data_in ;
; fc_top:fc_pipeline|fcl_bias_rom:b3|data[10..16]                                                          ; Stuck at VCC due to stuck port data_in ;
; fc_top:fc_pipeline|fcl_bias_rom:b3|data[17]                                                              ; Stuck at GND due to stuck port data_in ;
; fc_top:fc_pipeline|fcl_bias_rom:b3|data[18..24]                                                          ; Stuck at VCC due to stuck port data_in ;
; fc_top:fc_pipeline|fcl_bias_rom:b3|data[25,26]                                                           ; Stuck at GND due to stuck port data_in ;
; fc_top:fc_pipeline|fcl_bias_rom:b3|data[27..33]                                                          ; Stuck at VCC due to stuck port data_in ;
; fc_top:fc_pipeline|fcl_bias_rom:b3|data[34..39]                                                          ; Stuck at GND due to stuck port data_in ;
; fc_top:fc_pipeline|fcl_bias_rom:b3|data[40,41]                                                           ; Stuck at VCC due to stuck port data_in ;
; fc_top:fc_pipeline|fcl_bias_rom:b3|data[42..47]                                                          ; Stuck at GND due to stuck port data_in ;
; fc_top:fc_pipeline|fcl_bias_rom:b3|data[48,49]                                                           ; Stuck at VCC due to stuck port data_in ;
; fc_top:fc_pipeline|fcl_bias_rom:b3|data[50..55]                                                          ; Stuck at GND due to stuck port data_in ;
; fc_top:fc_pipeline|fcl_bias_rom:b3|data[56..65]                                                          ; Stuck at VCC due to stuck port data_in ;
; fc_top:fc_pipeline|fcl_bias_rom:b3|data[66..71]                                                          ; Stuck at GND due to stuck port data_in ;
; fc_top:fc_pipeline|fcl_bias_rom:b3|data[72]                                                              ; Stuck at VCC due to stuck port data_in ;
; fc_top:fc_pipeline|fcl_bias_rom:b3|data[73]                                                              ; Stuck at GND due to stuck port data_in ;
; fc_top:fc_pipeline|fcl_bias_rom:b3|data[74..79]                                                          ; Stuck at VCC due to stuck port data_in ;
; fc_top:fc_pipeline|fcl_bias_rom:b2|data[0]                                                               ; Stuck at GND due to stuck port data_in ;
; fc_top:fc_pipeline|fcl_bias_rom:b2|data[1..9]                                                            ; Stuck at VCC due to stuck port data_in ;
; fc_top:fc_pipeline|fcl_bias_rom:b2|data[10..24]                                                          ; Stuck at GND due to stuck port data_in ;
; fc_top:fc_pipeline|fcl_bias_rom:b2|data[25..32]                                                          ; Stuck at VCC due to stuck port data_in ;
; fc_top:fc_pipeline|fcl_bias_rom:b2|data[33]                                                              ; Stuck at GND due to stuck port data_in ;
; fc_top:fc_pipeline|fcl_bias_rom:b2|data[34..41]                                                          ; Stuck at VCC due to stuck port data_in ;
; fc_top:fc_pipeline|fcl_bias_rom:b2|data[42..47]                                                          ; Stuck at GND due to stuck port data_in ;
; fc_top:fc_pipeline|fcl_bias_rom:b2|data[48,49]                                                           ; Stuck at VCC due to stuck port data_in ;
; fc_top:fc_pipeline|fcl_bias_rom:b2|data[50]                                                              ; Stuck at GND due to stuck port data_in ;
; fc_top:fc_pipeline|fcl_bias_rom:b2|data[51..55]                                                          ; Stuck at VCC due to stuck port data_in ;
; fc_top:fc_pipeline|fcl_bias_rom:b2|data[56]                                                              ; Stuck at GND due to stuck port data_in ;
; fc_top:fc_pipeline|fcl_bias_rom:b2|data[57]                                                              ; Stuck at VCC due to stuck port data_in ;
; fc_top:fc_pipeline|fcl_bias_rom:b2|data[58..63]                                                          ; Stuck at GND due to stuck port data_in ;
; fc_top:fc_pipeline|fcl_bias_rom:b2|data[64]                                                              ; Stuck at VCC due to stuck port data_in ;
; fc_top:fc_pipeline|fcl_bias_rom:b2|data[65..72]                                                          ; Stuck at GND due to stuck port data_in ;
; fc_top:fc_pipeline|fcl_bias_rom:b2|data[73..81]                                                          ; Stuck at VCC due to stuck port data_in ;
; fc_top:fc_pipeline|fcl_bias_rom:b2|data[82..87]                                                          ; Stuck at GND due to stuck port data_in ;
; fc_top:fc_pipeline|fcl_bias_rom:b2|data[88..97]                                                          ; Stuck at VCC due to stuck port data_in ;
; fc_top:fc_pipeline|fcl_bias_rom:b2|data[98..104]                                                         ; Stuck at GND due to stuck port data_in ;
; fc_top:fc_pipeline|fcl_bias_rom:b2|data[105,106]                                                         ; Stuck at VCC due to stuck port data_in ;
; fc_top:fc_pipeline|fcl_bias_rom:b2|data[107..111]                                                        ; Stuck at GND due to stuck port data_in ;
; fc_top:fc_pipeline|fcl_bias_rom:b2|data[112..119]                                                        ; Stuck at VCC due to stuck port data_in ;
; fc_top:fc_pipeline|fcl_bias_rom:b2|data[120..129]                                                        ; Stuck at GND due to stuck port data_in ;
; fc_top:fc_pipeline|fcl_bias_rom:b2|data[130..135]                                                        ; Stuck at VCC due to stuck port data_in ;
; fc_top:fc_pipeline|fcl_bias_rom:b2|data[136..143]                                                        ; Stuck at GND due to stuck port data_in ;
; fc_top:fc_pipeline|fcl_bias_rom:b2|data[144..151]                                                        ; Stuck at VCC due to stuck port data_in ;
; fc_top:fc_pipeline|fcl_bias_rom:b2|data[152]                                                             ; Stuck at GND due to stuck port data_in ;
; fc_top:fc_pipeline|fcl_bias_rom:b2|data[153,154]                                                         ; Stuck at VCC due to stuck port data_in ;
; fc_top:fc_pipeline|fcl_bias_rom:b2|data[155..159]                                                        ; Stuck at GND due to stuck port data_in ;
; fc_top:fc_pipeline|fcl_bias_rom:b2|data[160,161]                                                         ; Stuck at VCC due to stuck port data_in ;
; fc_top:fc_pipeline|fcl_bias_rom:b2|data[162..168]                                                        ; Stuck at GND due to stuck port data_in ;
; fc_top:fc_pipeline|fcl_bias_rom:b2|data[169..175]                                                        ; Stuck at VCC due to stuck port data_in ;
; fc_top:fc_pipeline|fcl_bias_rom:b2|data[176]                                                             ; Stuck at GND due to stuck port data_in ;
; fc_top:fc_pipeline|fcl_bias_rom:b2|data[177..185]                                                        ; Stuck at VCC due to stuck port data_in ;
; fc_top:fc_pipeline|fcl_bias_rom:b2|data[186..192]                                                        ; Stuck at GND due to stuck port data_in ;
; fc_top:fc_pipeline|fcl_bias_rom:b2|data[193]                                                             ; Stuck at VCC due to stuck port data_in ;
; fc_top:fc_pipeline|fcl_bias_rom:b2|data[194..200]                                                        ; Stuck at GND due to stuck port data_in ;
; fc_top:fc_pipeline|fcl_bias_rom:b2|data[201]                                                             ; Stuck at VCC due to stuck port data_in ;
; fc_top:fc_pipeline|fcl_bias_rom:b2|data[202..207]                                                        ; Stuck at GND due to stuck port data_in ;
; fc_top:fc_pipeline|fcl_bias_rom:b2|data[208,209]                                                         ; Stuck at VCC due to stuck port data_in ;
; fc_top:fc_pipeline|fcl_bias_rom:b2|data[210..215]                                                        ; Stuck at GND due to stuck port data_in ;
; fc_top:fc_pipeline|fcl_bias_rom:b2|data[216,217]                                                         ; Stuck at VCC due to stuck port data_in ;
; fc_top:fc_pipeline|fcl_bias_rom:b2|data[218..225]                                                        ; Stuck at GND due to stuck port data_in ;
; fc_top:fc_pipeline|fcl_bias_rom:b2|data[226]                                                             ; Stuck at VCC due to stuck port data_in ;
; fc_top:fc_pipeline|fcl_bias_rom:b2|data[227..231]                                                        ; Stuck at GND due to stuck port data_in ;
; fc_top:fc_pipeline|fcl_bias_rom:b2|data[232,233]                                                         ; Stuck at VCC due to stuck port data_in ;
; fc_top:fc_pipeline|fcl_bias_rom:b2|data[234..240]                                                        ; Stuck at GND due to stuck port data_in ;
; fc_top:fc_pipeline|fcl_bias_rom:b2|data[241]                                                             ; Stuck at VCC due to stuck port data_in ;
; fc_top:fc_pipeline|fcl_bias_rom:b2|data[242..249]                                                        ; Stuck at GND due to stuck port data_in ;
; fc_top:fc_pipeline|fcl_bias_rom:b2|data[250..255]                                                        ; Stuck at VCC due to stuck port data_in ;
; fc_top:fc_pipeline|fcl_bias_rom:b2|data[256,257]                                                         ; Stuck at GND due to stuck port data_in ;
; fc_top:fc_pipeline|fcl_bias_rom:b2|data[258]                                                             ; Stuck at VCC due to stuck port data_in ;
; fc_top:fc_pipeline|fcl_bias_rom:b2|data[259..264]                                                        ; Stuck at GND due to stuck port data_in ;
; fc_top:fc_pipeline|fcl_bias_rom:b2|data[265..271]                                                        ; Stuck at VCC due to stuck port data_in ;
; fc_top:fc_pipeline|fcl_bias_rom:b2|data[272..279]                                                        ; Stuck at GND due to stuck port data_in ;
; fc_top:fc_pipeline|fcl_bias_rom:b2|data[280,281]                                                         ; Stuck at VCC due to stuck port data_in ;
; fc_top:fc_pipeline|fcl_bias_rom:b2|data[282..288]                                                        ; Stuck at GND due to stuck port data_in ;
; fc_top:fc_pipeline|fcl_bias_rom:b2|data[289]                                                             ; Stuck at VCC due to stuck port data_in ;
; fc_top:fc_pipeline|fcl_bias_rom:b2|data[290..297]                                                        ; Stuck at GND due to stuck port data_in ;
; fc_top:fc_pipeline|fcl_bias_rom:b2|data[298]                                                             ; Stuck at VCC due to stuck port data_in ;
; fc_top:fc_pipeline|fcl_bias_rom:b2|data[299..303]                                                        ; Stuck at GND due to stuck port data_in ;
; fc_top:fc_pipeline|fcl_bias_rom:b2|data[304..311]                                                        ; Stuck at VCC due to stuck port data_in ;
; fc_top:fc_pipeline|fcl_bias_rom:b2|data[312]                                                             ; Stuck at GND due to stuck port data_in ;
; fc_top:fc_pipeline|fcl_bias_rom:b2|data[313..321]                                                        ; Stuck at VCC due to stuck port data_in ;
; fc_top:fc_pipeline|fcl_bias_rom:b2|data[322]                                                             ; Stuck at GND due to stuck port data_in ;
; fc_top:fc_pipeline|fcl_bias_rom:b2|data[323..327]                                                        ; Stuck at VCC due to stuck port data_in ;
; fc_top:fc_pipeline|fcl_bias_rom:b2|data[328]                                                             ; Stuck at GND due to stuck port data_in ;
; fc_top:fc_pipeline|fcl_bias_rom:b2|data[329]                                                             ; Stuck at VCC due to stuck port data_in ;
; fc_top:fc_pipeline|fcl_bias_rom:b2|data[330..335]                                                        ; Stuck at GND due to stuck port data_in ;
; fc_top:fc_pipeline|fcl_bias_rom:b2|data[336..360]                                                        ; Stuck at VCC due to stuck port data_in ;
; fc_top:fc_pipeline|fcl_bias_rom:b2|data[361..368]                                                        ; Stuck at GND due to stuck port data_in ;
; fc_top:fc_pipeline|fcl_bias_rom:b2|data[369]                                                             ; Stuck at VCC due to stuck port data_in ;
; fc_top:fc_pipeline|fcl_bias_rom:b2|data[370]                                                             ; Stuck at GND due to stuck port data_in ;
; fc_top:fc_pipeline|fcl_bias_rom:b2|data[371..375]                                                        ; Stuck at VCC due to stuck port data_in ;
; fc_top:fc_pipeline|fcl_bias_rom:b2|data[376..385]                                                        ; Stuck at GND due to stuck port data_in ;
; fc_top:fc_pipeline|fcl_bias_rom:b2|data[386..392]                                                        ; Stuck at VCC due to stuck port data_in ;
; fc_top:fc_pipeline|fcl_bias_rom:b2|data[393..407]                                                        ; Stuck at GND due to stuck port data_in ;
; fc_top:fc_pipeline|fcl_bias_rom:b2|data[408,409]                                                         ; Stuck at VCC due to stuck port data_in ;
; fc_top:fc_pipeline|fcl_bias_rom:b2|data[410..423]                                                        ; Stuck at GND due to stuck port data_in ;
; fc_top:fc_pipeline|fcl_bias_rom:b2|data[424]                                                             ; Stuck at VCC due to stuck port data_in ;
; fc_top:fc_pipeline|fcl_bias_rom:b2|data[425..432]                                                        ; Stuck at GND due to stuck port data_in ;
; fc_top:fc_pipeline|fcl_bias_rom:b2|data[433]                                                             ; Stuck at VCC due to stuck port data_in ;
; fc_top:fc_pipeline|fcl_bias_rom:b2|data[434..439]                                                        ; Stuck at GND due to stuck port data_in ;
; fc_top:fc_pipeline|fcl_bias_rom:b2|data[440]                                                             ; Stuck at VCC due to stuck port data_in ;
; fc_top:fc_pipeline|fcl_bias_rom:b2|data[441]                                                             ; Stuck at GND due to stuck port data_in ;
; fc_top:fc_pipeline|fcl_bias_rom:b2|data[442..448]                                                        ; Stuck at VCC due to stuck port data_in ;
; fc_top:fc_pipeline|fcl_bias_rom:b2|data[449..456]                                                        ; Stuck at GND due to stuck port data_in ;
; fc_top:fc_pipeline|fcl_bias_rom:b2|data[457..463]                                                        ; Stuck at VCC due to stuck port data_in ;
; fc_top:fc_pipeline|fcl_bias_rom:b2|data[464..471]                                                        ; Stuck at GND due to stuck port data_in ;
; fc_top:fc_pipeline|fcl_bias_rom:b2|data[472..474]                                                        ; Stuck at VCC due to stuck port data_in ;
; fc_top:fc_pipeline|fcl_bias_rom:b2|data[475..479]                                                        ; Stuck at GND due to stuck port data_in ;
; fc_top:fc_pipeline|fcl_bias_rom:b2|data[480]                                                             ; Stuck at VCC due to stuck port data_in ;
; fc_top:fc_pipeline|fcl_bias_rom:b2|data[481]                                                             ; Stuck at GND due to stuck port data_in ;
; fc_top:fc_pipeline|fcl_bias_rom:b2|data[482]                                                             ; Stuck at VCC due to stuck port data_in ;
; fc_top:fc_pipeline|fcl_bias_rom:b2|data[483..487]                                                        ; Stuck at GND due to stuck port data_in ;
; fc_top:fc_pipeline|fcl_bias_rom:b2|data[488]                                                             ; Stuck at VCC due to stuck port data_in ;
; fc_top:fc_pipeline|fcl_bias_rom:b2|data[489..495]                                                        ; Stuck at GND due to stuck port data_in ;
; fc_top:fc_pipeline|fcl_bias_rom:b2|data[496,497]                                                         ; Stuck at VCC due to stuck port data_in ;
; fc_top:fc_pipeline|fcl_bias_rom:b2|data[498..503]                                                        ; Stuck at GND due to stuck port data_in ;
; fc_top:fc_pipeline|fcl_bias_rom:b2|data[504,505]                                                         ; Stuck at VCC due to stuck port data_in ;
; fc_top:fc_pipeline|fcl_bias_rom:b2|data[506]                                                             ; Stuck at GND due to stuck port data_in ;
; fc_top:fc_pipeline|fcl_bias_rom:b2|data[507..511]                                                        ; Stuck at VCC due to stuck port data_in ;
; fc_top:fc_pipeline|fcl_bias_rom:b2|data[512,513]                                                         ; Stuck at GND due to stuck port data_in ;
; fc_top:fc_pipeline|fcl_bias_rom:b2|data[514..520]                                                        ; Stuck at VCC due to stuck port data_in ;
; fc_top:fc_pipeline|fcl_bias_rom:b2|data[521..529]                                                        ; Stuck at GND due to stuck port data_in ;
; fc_top:fc_pipeline|fcl_bias_rom:b2|data[530]                                                             ; Stuck at VCC due to stuck port data_in ;
; fc_top:fc_pipeline|fcl_bias_rom:b2|data[531..537]                                                        ; Stuck at GND due to stuck port data_in ;
; fc_top:fc_pipeline|fcl_bias_rom:b2|data[538..545]                                                        ; Stuck at VCC due to stuck port data_in ;
; fc_top:fc_pipeline|fcl_bias_rom:b2|data[546]                                                             ; Stuck at GND due to stuck port data_in ;
; fc_top:fc_pipeline|fcl_bias_rom:b2|data[547..551]                                                        ; Stuck at VCC due to stuck port data_in ;
; fc_top:fc_pipeline|fcl_bias_rom:b2|data[552,553]                                                         ; Stuck at GND due to stuck port data_in ;
; fc_top:fc_pipeline|fcl_bias_rom:b2|data[554..559]                                                        ; Stuck at VCC due to stuck port data_in ;
; fc_top:fc_pipeline|fcl_bias_rom:b2|data[560]                                                             ; Stuck at GND due to stuck port data_in ;
; fc_top:fc_pipeline|fcl_bias_rom:b2|data[561]                                                             ; Stuck at VCC due to stuck port data_in ;
; fc_top:fc_pipeline|fcl_bias_rom:b2|data[562..567]                                                        ; Stuck at GND due to stuck port data_in ;
; fc_top:fc_pipeline|fcl_bias_rom:b2|data[568]                                                             ; Stuck at VCC due to stuck port data_in ;
; fc_top:fc_pipeline|fcl_bias_rom:b2|data[569]                                                             ; Stuck at GND due to stuck port data_in ;
; fc_top:fc_pipeline|fcl_bias_rom:b2|data[570..575]                                                        ; Stuck at VCC due to stuck port data_in ;
; fc_top:fc_pipeline|fcl_bias_rom:b2|data[576]                                                             ; Stuck at GND due to stuck port data_in ;
; fc_top:fc_pipeline|fcl_bias_rom:b2|data[577]                                                             ; Stuck at VCC due to stuck port data_in ;
; fc_top:fc_pipeline|fcl_bias_rom:b2|data[578..584]                                                        ; Stuck at GND due to stuck port data_in ;
; fc_top:fc_pipeline|fcl_bias_rom:b2|data[585]                                                             ; Stuck at VCC due to stuck port data_in ;
; fc_top:fc_pipeline|fcl_bias_rom:b2|data[586..593]                                                        ; Stuck at GND due to stuck port data_in ;
; fc_top:fc_pipeline|fcl_bias_rom:b2|data[594]                                                             ; Stuck at VCC due to stuck port data_in ;
; fc_top:fc_pipeline|fcl_bias_rom:b2|data[595..601]                                                        ; Stuck at GND due to stuck port data_in ;
; fc_top:fc_pipeline|fcl_bias_rom:b2|data[602..608]                                                        ; Stuck at VCC due to stuck port data_in ;
; fc_top:fc_pipeline|fcl_bias_rom:b2|data[609..616]                                                        ; Stuck at GND due to stuck port data_in ;
; fc_top:fc_pipeline|fcl_bias_rom:b2|data[617..623]                                                        ; Stuck at VCC due to stuck port data_in ;
; fc_top:fc_pipeline|fcl_bias_rom:b2|data[624,625]                                                         ; Stuck at GND due to stuck port data_in ;
; fc_top:fc_pipeline|fcl_bias_rom:b2|data[626]                                                             ; Stuck at VCC due to stuck port data_in ;
; fc_top:fc_pipeline|fcl_bias_rom:b2|data[627..640]                                                        ; Stuck at GND due to stuck port data_in ;
; fc_top:fc_pipeline|fcl_bias_rom:b2|data[641]                                                             ; Stuck at VCC due to stuck port data_in ;
; fc_top:fc_pipeline|fcl_bias_rom:b2|data[642]                                                             ; Stuck at GND due to stuck port data_in ;
; fc_top:fc_pipeline|fcl_bias_rom:b2|data[643..647]                                                        ; Stuck at VCC due to stuck port data_in ;
; fc_top:fc_pipeline|fcl_bias_rom:b2|data[648,649]                                                         ; Stuck at GND due to stuck port data_in ;
; fc_top:fc_pipeline|fcl_bias_rom:b2|data[650..665]                                                        ; Stuck at VCC due to stuck port data_in ;
; fc_top:fc_pipeline|fcl_bias_rom:b2|data[666..671]                                                        ; Stuck at GND due to stuck port data_in ;
; fc_top:fc_pipeline|fcl_bias_rom:b1|data[0..8]                                                            ; Stuck at GND due to stuck port data_in ;
; fc_top:fc_pipeline|fcl_bias_rom:b1|data[9..16]                                                           ; Stuck at VCC due to stuck port data_in ;
; fc_top:fc_pipeline|fcl_bias_rom:b1|data[17..32]                                                          ; Stuck at GND due to stuck port data_in ;
; fc_top:fc_pipeline|fcl_bias_rom:b1|data[33..40]                                                          ; Stuck at VCC due to stuck port data_in ;
; fc_top:fc_pipeline|fcl_bias_rom:b1|data[41]                                                              ; Stuck at GND due to stuck port data_in ;
; fc_top:fc_pipeline|fcl_bias_rom:b1|data[42..47]                                                          ; Stuck at VCC due to stuck port data_in ;
; fc_top:fc_pipeline|fcl_bias_rom:b1|data[48..73]                                                          ; Stuck at GND due to stuck port data_in ;
; fc_top:fc_pipeline|fcl_bias_rom:b1|data[74..79]                                                          ; Stuck at VCC due to stuck port data_in ;
; fc_top:fc_pipeline|fcl_bias_rom:b1|data[80]                                                              ; Stuck at GND due to stuck port data_in ;
; fc_top:fc_pipeline|fcl_bias_rom:b1|data[81..88]                                                          ; Stuck at VCC due to stuck port data_in ;
; fc_top:fc_pipeline|fcl_bias_rom:b1|data[89..103]                                                         ; Stuck at GND due to stuck port data_in ;
; fc_top:fc_pipeline|fcl_bias_rom:b1|data[104]                                                             ; Stuck at VCC due to stuck port data_in ;
; fc_top:fc_pipeline|fcl_bias_rom:b1|data[105]                                                             ; Stuck at GND due to stuck port data_in ;
; fc_top:fc_pipeline|fcl_bias_rom:b1|data[106]                                                             ; Stuck at VCC due to stuck port data_in ;
; fc_top:fc_pipeline|fcl_bias_rom:b1|data[107..112]                                                        ; Stuck at GND due to stuck port data_in ;
; fc_top:fc_pipeline|fcl_bias_rom:b1|data[113]                                                             ; Stuck at VCC due to stuck port data_in ;
; fc_top:fc_pipeline|fcl_bias_rom:b1|data[114..119]                                                        ; Stuck at GND due to stuck port data_in ;
; fc_top:fc_pipeline|fcl_bias_rom:b1|data[120]                                                             ; Stuck at VCC due to stuck port data_in ;
; fc_top:fc_pipeline|fcl_bias_rom:b1|data[121]                                                             ; Stuck at GND due to stuck port data_in ;
; fc_top:fc_pipeline|fcl_bias_rom:b1|data[122]                                                             ; Stuck at VCC due to stuck port data_in ;
; fc_top:fc_pipeline|fcl_bias_rom:b1|data[123..135]                                                        ; Stuck at GND due to stuck port data_in ;
; fc_top:fc_pipeline|fcl_bias_rom:b1|data[136,137]                                                         ; Stuck at VCC due to stuck port data_in ;
; fc_top:fc_pipeline|fcl_bias_rom:b1|data[138..152]                                                        ; Stuck at GND due to stuck port data_in ;
; fc_top:fc_pipeline|fcl_bias_rom:b1|data[153]                                                             ; Stuck at VCC due to stuck port data_in ;
; fc_top:fc_pipeline|fcl_bias_rom:b1|data[154]                                                             ; Stuck at GND due to stuck port data_in ;
; fc_top:fc_pipeline|fcl_bias_rom:b1|data[155..159]                                                        ; Stuck at VCC due to stuck port data_in ;
; fc_top:fc_pipeline|fcl_bias_rom:b1|data[160..167]                                                        ; Stuck at GND due to stuck port data_in ;
; fc_top:fc_pipeline|fcl_bias_rom:b1|data[168,169]                                                         ; Stuck at VCC due to stuck port data_in ;
; fc_top:fc_pipeline|fcl_bias_rom:b1|data[170]                                                             ; Stuck at GND due to stuck port data_in ;
; fc_top:fc_pipeline|fcl_bias_rom:b1|data[171..175]                                                        ; Stuck at VCC due to stuck port data_in ;
; fc_top:fc_pipeline|fcl_bias_rom:b1|data[176,177]                                                         ; Stuck at GND due to stuck port data_in ;
; fc_top:fc_pipeline|fcl_bias_rom:b1|data[178]                                                             ; Stuck at VCC due to stuck port data_in ;
; fc_top:fc_pipeline|fcl_bias_rom:b1|data[179..191]                                                        ; Stuck at GND due to stuck port data_in ;
; fc_top:fc_pipeline|fcl_bias_rom:b1|data[192..200]                                                        ; Stuck at VCC due to stuck port data_in ;
; fc_top:fc_pipeline|fcl_bias_rom:b1|data[201]                                                             ; Stuck at GND due to stuck port data_in ;
; fc_top:fc_pipeline|fcl_bias_rom:b1|data[202..207]                                                        ; Stuck at VCC due to stuck port data_in ;
; fc_top:fc_pipeline|fcl_bias_rom:b1|data[208,209]                                                         ; Stuck at GND due to stuck port data_in ;
; fc_top:fc_pipeline|fcl_bias_rom:b1|data[210..215]                                                        ; Stuck at VCC due to stuck port data_in ;
; fc_top:fc_pipeline|fcl_bias_rom:b1|data[216,217]                                                         ; Stuck at GND due to stuck port data_in ;
; fc_top:fc_pipeline|fcl_bias_rom:b1|data[218..223]                                                        ; Stuck at VCC due to stuck port data_in ;
; fc_top:fc_pipeline|fcl_bias_rom:b1|data[224,225]                                                         ; Stuck at GND due to stuck port data_in ;
; fc_top:fc_pipeline|fcl_bias_rom:b1|data[226..231]                                                        ; Stuck at VCC due to stuck port data_in ;
; fc_top:fc_pipeline|fcl_bias_rom:b1|data[232]                                                             ; Stuck at GND due to stuck port data_in ;
; fc_top:fc_pipeline|fcl_bias_rom:b1|data[233]                                                             ; Stuck at VCC due to stuck port data_in ;
; fc_top:fc_pipeline|fcl_bias_rom:b1|data[234..239]                                                        ; Stuck at GND due to stuck port data_in ;
; fc_top:fc_pipeline|fcl_bias_rom:b1|data[240..249]                                                        ; Stuck at VCC due to stuck port data_in ;
; fc_top:fc_pipeline|fcl_bias_rom:b1|data[250..255]                                                        ; Stuck at GND due to stuck port data_in ;
; fc_top:fc_pipeline|fcl_bias_rom:b1|data[256,257]                                                         ; Stuck at VCC due to stuck port data_in ;
; fc_top:fc_pipeline|fcl_bias_rom:b1|data[258..265]                                                        ; Stuck at GND due to stuck port data_in ;
; fc_top:fc_pipeline|fcl_bias_rom:b1|data[266]                                                             ; Stuck at VCC due to stuck port data_in ;
; fc_top:fc_pipeline|fcl_bias_rom:b1|data[267..273]                                                        ; Stuck at GND due to stuck port data_in ;
; fc_top:fc_pipeline|fcl_bias_rom:b1|data[274..281]                                                        ; Stuck at VCC due to stuck port data_in ;
; fc_top:fc_pipeline|fcl_bias_rom:b1|data[282..288]                                                        ; Stuck at GND due to stuck port data_in ;
; fc_top:fc_pipeline|fcl_bias_rom:b1|data[289..298]                                                        ; Stuck at VCC due to stuck port data_in ;
; fc_top:fc_pipeline|fcl_bias_rom:b1|data[299..304]                                                        ; Stuck at GND due to stuck port data_in ;
; fc_top:fc_pipeline|fcl_bias_rom:b1|data[305..311]                                                        ; Stuck at VCC due to stuck port data_in ;
; fc_top:fc_pipeline|fcl_bias_rom:b1|data[312]                                                             ; Stuck at GND due to stuck port data_in ;
; fc_top:fc_pipeline|fcl_bias_rom:b1|data[313]                                                             ; Stuck at VCC due to stuck port data_in ;
; fc_top:fc_pipeline|fcl_bias_rom:b1|data[314..319]                                                        ; Stuck at GND due to stuck port data_in ;
; fc_top:fc_pipeline|fcl_bias_rom:b1|data[320]                                                             ; Stuck at VCC due to stuck port data_in ;
; fc_top:fc_pipeline|fcl_bias_rom:b1|data[321]                                                             ; Stuck at GND due to stuck port data_in ;
; fc_top:fc_pipeline|fcl_bias_rom:b1|data[322..335]                                                        ; Stuck at VCC due to stuck port data_in ;
; fc_top:fc_pipeline|fcl_bias_rom:b1|data[336..343]                                                        ; Stuck at GND due to stuck port data_in ;
; fc_top:fc_pipeline|fcl_bias_rom:b1|data[344]                                                             ; Stuck at VCC due to stuck port data_in ;
; fc_top:fc_pipeline|fcl_bias_rom:b1|data[345..353]                                                        ; Stuck at GND due to stuck port data_in ;
; fc_top:fc_pipeline|fcl_bias_rom:b1|data[354..359]                                                        ; Stuck at VCC due to stuck port data_in ;
; fc_top:fc_pipeline|fcl_bias_rom:b1|data[360,361]                                                         ; Stuck at GND due to stuck port data_in ;
; fc_top:fc_pipeline|fcl_bias_rom:b1|data[362]                                                             ; Stuck at VCC due to stuck port data_in ;
; fc_top:fc_pipeline|fcl_bias_rom:b1|data[363..367]                                                        ; Stuck at GND due to stuck port data_in ;
; fc_top:fc_pipeline|fcl_bias_rom:b1|data[368..370]                                                        ; Stuck at VCC due to stuck port data_in ;
; fc_top:fc_pipeline|fcl_bias_rom:b1|data[371..375]                                                        ; Stuck at GND due to stuck port data_in ;
; fc_top:fc_pipeline|fcl_bias_rom:b1|data[376..383]                                                        ; Stuck at VCC due to stuck port data_in ;
; fc_top:fc_pipeline|fcl_bias_rom:b1|data[384,385]                                                         ; Stuck at GND due to stuck port data_in ;
; fc_top:fc_pipeline|fcl_bias_rom:b1|data[386]                                                             ; Stuck at VCC due to stuck port data_in ;
; fc_top:fc_pipeline|fcl_bias_rom:b1|data[387..392]                                                        ; Stuck at GND due to stuck port data_in ;
; fc_top:fc_pipeline|fcl_bias_rom:b1|data[393..401]                                                        ; Stuck at VCC due to stuck port data_in ;
; fc_top:fc_pipeline|fcl_bias_rom:b1|data[402]                                                             ; Stuck at GND due to stuck port data_in ;
; fc_top:fc_pipeline|fcl_bias_rom:b1|data[403..417]                                                        ; Stuck at VCC due to stuck port data_in ;
; fc_top:fc_pipeline|fcl_bias_rom:b1|data[418..424]                                                        ; Stuck at GND due to stuck port data_in ;
; fc_top:fc_pipeline|fcl_bias_rom:b1|data[425]                                                             ; Stuck at VCC due to stuck port data_in ;
; fc_top:fc_pipeline|fcl_bias_rom:b1|data[426..433]                                                        ; Stuck at GND due to stuck port data_in ;
; fc_top:fc_pipeline|fcl_bias_rom:b1|data[434..440]                                                        ; Stuck at VCC due to stuck port data_in ;
; fc_top:fc_pipeline|fcl_bias_rom:b1|data[441..447]                                                        ; Stuck at GND due to stuck port data_in ;
; fc_top:fc_pipeline|fcl_bias_rom:b1|data[448]                                                             ; Stuck at VCC due to stuck port data_in ;
; fc_top:fc_pipeline|fcl_bias_rom:b1|data[449..455]                                                        ; Stuck at GND due to stuck port data_in ;
; fc_top:fc_pipeline|fcl_bias_rom:b1|data[456]                                                             ; Stuck at VCC due to stuck port data_in ;
; fc_top:fc_pipeline|fcl_bias_rom:b1|data[457]                                                             ; Stuck at GND due to stuck port data_in ;
; fc_top:fc_pipeline|fcl_bias_rom:b1|data[458..465]                                                        ; Stuck at VCC due to stuck port data_in ;
; fc_top:fc_pipeline|fcl_bias_rom:b1|data[466]                                                             ; Stuck at GND due to stuck port data_in ;
; fc_top:fc_pipeline|fcl_bias_rom:b1|data[467..472]                                                        ; Stuck at VCC due to stuck port data_in ;
; fc_top:fc_pipeline|fcl_bias_rom:b1|data[473]                                                             ; Stuck at GND due to stuck port data_in ;
; fc_top:fc_pipeline|fcl_bias_rom:b1|data[474..480]                                                        ; Stuck at VCC due to stuck port data_in ;
; fc_top:fc_pipeline|fcl_bias_rom:b1|data[481]                                                             ; Stuck at GND due to stuck port data_in ;
; fc_top:fc_pipeline|fcl_bias_rom:b1|data[482..487]                                                        ; Stuck at VCC due to stuck port data_in ;
; fc_top:fc_pipeline|fcl_bias_rom:b1|data[488..495]                                                        ; Stuck at GND due to stuck port data_in ;
; fc_top:fc_pipeline|fcl_bias_rom:b1|data[496]                                                             ; Stuck at VCC due to stuck port data_in ;
; fc_top:fc_pipeline|fcl_bias_rom:b1|data[497..503]                                                        ; Stuck at GND due to stuck port data_in ;
; fc_top:fc_pipeline|fcl_bias_rom:b1|data[504]                                                             ; Stuck at VCC due to stuck port data_in ;
; fc_top:fc_pipeline|fcl_bias_rom:b1|data[505]                                                             ; Stuck at GND due to stuck port data_in ;
; fc_top:fc_pipeline|fcl_bias_rom:b1|data[506..512]                                                        ; Stuck at VCC due to stuck port data_in ;
; fc_top:fc_pipeline|fcl_bias_rom:b1|data[513..519]                                                        ; Stuck at GND due to stuck port data_in ;
; fc_top:fc_pipeline|fcl_bias_rom:b1|data[520,521]                                                         ; Stuck at VCC due to stuck port data_in ;
; fc_top:fc_pipeline|fcl_bias_rom:b1|data[522..535]                                                        ; Stuck at GND due to stuck port data_in ;
; fc_top:fc_pipeline|fcl_bias_rom:b1|data[536,537]                                                         ; Stuck at VCC due to stuck port data_in ;
; fc_top:fc_pipeline|fcl_bias_rom:b1|data[538]                                                             ; Stuck at GND due to stuck port data_in ;
; fc_top:fc_pipeline|fcl_bias_rom:b1|data[539..543]                                                        ; Stuck at VCC due to stuck port data_in ;
; fc_top:fc_pipeline|fcl_bias_rom:b1|data[544,545]                                                         ; Stuck at GND due to stuck port data_in ;
; fc_top:fc_pipeline|fcl_bias_rom:b1|data[546..559]                                                        ; Stuck at VCC due to stuck port data_in ;
; fc_top:fc_pipeline|fcl_bias_rom:b1|data[560]                                                             ; Stuck at GND due to stuck port data_in ;
; fc_top:fc_pipeline|fcl_bias_rom:b1|data[561..568]                                                        ; Stuck at VCC due to stuck port data_in ;
; fc_top:fc_pipeline|fcl_bias_rom:b1|data[569]                                                             ; Stuck at GND due to stuck port data_in ;
; fc_top:fc_pipeline|fcl_bias_rom:b1|data[570..576]                                                        ; Stuck at VCC due to stuck port data_in ;
; fc_top:fc_pipeline|fcl_bias_rom:b1|data[577]                                                             ; Stuck at GND due to stuck port data_in ;
; fc_top:fc_pipeline|fcl_bias_rom:b1|data[578..583]                                                        ; Stuck at VCC due to stuck port data_in ;
; fc_top:fc_pipeline|fcl_bias_rom:b1|data[584]                                                             ; Stuck at GND due to stuck port data_in ;
; fc_top:fc_pipeline|fcl_bias_rom:b1|data[585]                                                             ; Stuck at VCC due to stuck port data_in ;
; fc_top:fc_pipeline|fcl_bias_rom:b1|data[586..591]                                                        ; Stuck at GND due to stuck port data_in ;
; fc_top:fc_pipeline|fcl_bias_rom:b1|data[592..600]                                                        ; Stuck at VCC due to stuck port data_in ;
; fc_top:fc_pipeline|fcl_bias_rom:b1|data[601..616]                                                        ; Stuck at GND due to stuck port data_in ;
; fc_top:fc_pipeline|fcl_bias_rom:b1|data[617]                                                             ; Stuck at VCC due to stuck port data_in ;
; fc_top:fc_pipeline|fcl_bias_rom:b1|data[618..623]                                                        ; Stuck at GND due to stuck port data_in ;
; fc_top:fc_pipeline|fcl_bias_rom:b1|data[624,625]                                                         ; Stuck at VCC due to stuck port data_in ;
; fc_top:fc_pipeline|fcl_bias_rom:b1|data[626..631]                                                        ; Stuck at GND due to stuck port data_in ;
; fc_top:fc_pipeline|fcl_bias_rom:b1|data[632,633]                                                         ; Stuck at VCC due to stuck port data_in ;
; fc_top:fc_pipeline|fcl_bias_rom:b1|data[634]                                                             ; Stuck at GND due to stuck port data_in ;
; fc_top:fc_pipeline|fcl_bias_rom:b1|data[635..639]                                                        ; Stuck at VCC due to stuck port data_in ;
; fc_top:fc_pipeline|fcl_bias_rom:b1|data[640..647]                                                        ; Stuck at GND due to stuck port data_in ;
; fc_top:fc_pipeline|fcl_bias_rom:b1|data[648..655]                                                        ; Stuck at VCC due to stuck port data_in ;
; fc_top:fc_pipeline|fcl_bias_rom:b1|data[656..672]                                                        ; Stuck at GND due to stuck port data_in ;
; fc_top:fc_pipeline|fcl_bias_rom:b1|data[673]                                                             ; Stuck at VCC due to stuck port data_in ;
; fc_top:fc_pipeline|fcl_bias_rom:b1|data[674..679]                                                        ; Stuck at GND due to stuck port data_in ;
; fc_top:fc_pipeline|fcl_bias_rom:b1|data[680..688]                                                        ; Stuck at VCC due to stuck port data_in ;
; fc_top:fc_pipeline|fcl_bias_rom:b1|data[689]                                                             ; Stuck at GND due to stuck port data_in ;
; fc_top:fc_pipeline|fcl_bias_rom:b1|data[690..695]                                                        ; Stuck at VCC due to stuck port data_in ;
; fc_top:fc_pipeline|fcl_bias_rom:b1|data[696]                                                             ; Stuck at GND due to stuck port data_in ;
; fc_top:fc_pipeline|fcl_bias_rom:b1|data[697..712]                                                        ; Stuck at VCC due to stuck port data_in ;
; fc_top:fc_pipeline|fcl_bias_rom:b1|data[713..719]                                                        ; Stuck at GND due to stuck port data_in ;
; fc_top:fc_pipeline|fcl_bias_rom:b1|data[720]                                                             ; Stuck at VCC due to stuck port data_in ;
; fc_top:fc_pipeline|fcl_bias_rom:b1|data[721..728]                                                        ; Stuck at GND due to stuck port data_in ;
; fc_top:fc_pipeline|fcl_bias_rom:b1|data[729..735]                                                        ; Stuck at VCC due to stuck port data_in ;
; fc_top:fc_pipeline|fcl_bias_rom:b1|data[736]                                                             ; Stuck at GND due to stuck port data_in ;
; fc_top:fc_pipeline|fcl_bias_rom:b1|data[737..743]                                                        ; Stuck at VCC due to stuck port data_in ;
; fc_top:fc_pipeline|fcl_bias_rom:b1|data[744]                                                             ; Stuck at GND due to stuck port data_in ;
; fc_top:fc_pipeline|fcl_bias_rom:b1|data[745]                                                             ; Stuck at VCC due to stuck port data_in ;
; fc_top:fc_pipeline|fcl_bias_rom:b1|data[746..752]                                                        ; Stuck at GND due to stuck port data_in ;
; fc_top:fc_pipeline|fcl_bias_rom:b1|data[753]                                                             ; Stuck at VCC due to stuck port data_in ;
; fc_top:fc_pipeline|fcl_bias_rom:b1|data[754..759]                                                        ; Stuck at GND due to stuck port data_in ;
; fc_top:fc_pipeline|fcl_bias_rom:b1|data[760..767]                                                        ; Stuck at VCC due to stuck port data_in ;
; fc_top:fc_pipeline|fcl_bias_rom:b1|data[768..777]                                                        ; Stuck at GND due to stuck port data_in ;
; fc_top:fc_pipeline|fcl_bias_rom:b1|data[778..784]                                                        ; Stuck at VCC due to stuck port data_in ;
; fc_top:fc_pipeline|fcl_bias_rom:b1|data[785]                                                             ; Stuck at GND due to stuck port data_in ;
; fc_top:fc_pipeline|fcl_bias_rom:b1|data[786..791]                                                        ; Stuck at VCC due to stuck port data_in ;
; fc_top:fc_pipeline|fcl_bias_rom:b1|data[792]                                                             ; Stuck at GND due to stuck port data_in ;
; fc_top:fc_pipeline|fcl_bias_rom:b1|data[793]                                                             ; Stuck at VCC due to stuck port data_in ;
; fc_top:fc_pipeline|fcl_bias_rom:b1|data[794..801]                                                        ; Stuck at GND due to stuck port data_in ;
; fc_top:fc_pipeline|fcl_bias_rom:b1|data[802]                                                             ; Stuck at VCC due to stuck port data_in ;
; fc_top:fc_pipeline|fcl_bias_rom:b1|data[803..808]                                                        ; Stuck at GND due to stuck port data_in ;
; fc_top:fc_pipeline|fcl_bias_rom:b1|data[809..817]                                                        ; Stuck at VCC due to stuck port data_in ;
; fc_top:fc_pipeline|fcl_bias_rom:b1|data[818..825]                                                        ; Stuck at GND due to stuck port data_in ;
; fc_top:fc_pipeline|fcl_bias_rom:b1|data[826..831]                                                        ; Stuck at VCC due to stuck port data_in ;
; fc_top:fc_pipeline|fcl_bias_rom:b1|data[832]                                                             ; Stuck at GND due to stuck port data_in ;
; fc_top:fc_pipeline|fcl_bias_rom:b1|data[833..839]                                                        ; Stuck at VCC due to stuck port data_in ;
; fc_top:fc_pipeline|fcl_bias_rom:b1|data[840]                                                             ; Stuck at GND due to stuck port data_in ;
; fc_top:fc_pipeline|fcl_bias_rom:b1|data[841..855]                                                        ; Stuck at VCC due to stuck port data_in ;
; fc_top:fc_pipeline|fcl_bias_rom:b1|data[856..863]                                                        ; Stuck at GND due to stuck port data_in ;
; fc_top:fc_pipeline|fcl_bias_rom:b1|data[864..871]                                                        ; Stuck at VCC due to stuck port data_in ;
; fc_top:fc_pipeline|fcl_bias_rom:b1|data[872]                                                             ; Stuck at GND due to stuck port data_in ;
; fc_top:fc_pipeline|fcl_bias_rom:b1|data[873..880]                                                        ; Stuck at VCC due to stuck port data_in ;
; fc_top:fc_pipeline|fcl_bias_rom:b1|data[881..888]                                                        ; Stuck at GND due to stuck port data_in ;
; fc_top:fc_pipeline|fcl_bias_rom:b1|data[889,890]                                                         ; Stuck at VCC due to stuck port data_in ;
; fc_top:fc_pipeline|fcl_bias_rom:b1|data[891..896]                                                        ; Stuck at GND due to stuck port data_in ;
; fc_top:fc_pipeline|fcl_bias_rom:b1|data[897]                                                             ; Stuck at VCC due to stuck port data_in ;
; fc_top:fc_pipeline|fcl_bias_rom:b1|data[898..903]                                                        ; Stuck at GND due to stuck port data_in ;
; fc_top:fc_pipeline|fcl_bias_rom:b1|data[904,905]                                                         ; Stuck at VCC due to stuck port data_in ;
; fc_top:fc_pipeline|fcl_bias_rom:b1|data[906..911]                                                        ; Stuck at GND due to stuck port data_in ;
; fc_top:fc_pipeline|fcl_bias_rom:b1|data[912]                                                             ; Stuck at VCC due to stuck port data_in ;
; fc_top:fc_pipeline|fcl_bias_rom:b1|data[913]                                                             ; Stuck at GND due to stuck port data_in ;
; fc_top:fc_pipeline|fcl_bias_rom:b1|data[914..919]                                                        ; Stuck at VCC due to stuck port data_in ;
; fc_top:fc_pipeline|fcl_bias_rom:b1|data[920..927]                                                        ; Stuck at GND due to stuck port data_in ;
; fc_top:fc_pipeline|fcl_bias_rom:b1|data[928]                                                             ; Stuck at VCC due to stuck port data_in ;
; fc_top:fc_pipeline|fcl_bias_rom:b1|data[929]                                                             ; Stuck at GND due to stuck port data_in ;
; fc_top:fc_pipeline|fcl_bias_rom:b1|data[930..935]                                                        ; Stuck at VCC due to stuck port data_in ;
; fc_top:fc_pipeline|fcl_bias_rom:b1|data[936]                                                             ; Stuck at GND due to stuck port data_in ;
; fc_top:fc_pipeline|fcl_bias_rom:b1|data[937]                                                             ; Stuck at VCC due to stuck port data_in ;
; fc_top:fc_pipeline|fcl_bias_rom:b1|data[938..943]                                                        ; Stuck at GND due to stuck port data_in ;
; fc_top:fc_pipeline|fcl_bias_rom:b1|data[944..952]                                                        ; Stuck at VCC due to stuck port data_in ;
; fc_top:fc_pipeline|fcl_bias_rom:b1|data[953]                                                             ; Stuck at GND due to stuck port data_in ;
; fc_top:fc_pipeline|fcl_bias_rom:b1|data[954..959]                                                        ; Stuck at VCC due to stuck port data_in ;
; Systolic_Top:conv2_inst|OutputFeatureMapAddress_reg[8,9]                                                 ; Stuck at GND due to stuck port data_in ;
; Systolic_Top:conv2_inst|Mem_ctrl:Mem_ctrl_instance|OutChannelTile[0]                                     ; Stuck at GND due to stuck port data_in ;
; Systolic_Top:conv1_inst|Mem_ctrl:Mem_ctrl_instance|OutChannelTile[0]                                     ; Stuck at GND due to stuck port data_in ;
; Systolic_Top:conv2_inst|OutputFeatureMapAddress_reg[7]                                                   ; Stuck at GND due to stuck port data_in ;
; fc_top:fc_pipeline|fc_layer:fc1|state~6                                                                  ; Lost fanout                            ;
; fc_top:fc_pipeline|fc_layer:fc1|state~7                                                                  ; Lost fanout                            ;
; fc_top:fc_pipeline|fc_layer:fc2|state~6                                                                  ; Lost fanout                            ;
; fc_top:fc_pipeline|fc_layer:fc2|state~7                                                                  ; Lost fanout                            ;
; fc_top:fc_pipeline|fc_layer:fc3|state~6                                                                  ; Lost fanout                            ;
; fc_top:fc_pipeline|fc_layer:fc3|state~7                                                                  ; Lost fanout                            ;
; state~4                                                                                                  ; Lost fanout                            ;
; state~5                                                                                                  ; Lost fanout                            ;
; state~6                                                                                                  ; Lost fanout                            ;
; pooling_top:pool2_inst|state~9                                                                           ; Lost fanout                            ;
; pooling_top:pool2_inst|state~10                                                                          ; Lost fanout                            ;
; Systolic_Top:conv2_inst|Mem_ctrl:Mem_ctrl_instance|State~4                                               ; Lost fanout                            ;
; Systolic_Top:conv2_inst|Mem_ctrl:Mem_ctrl_instance|State~5                                               ; Lost fanout                            ;
; pooling_top:pool1_inst|state~9                                                                           ; Lost fanout                            ;
; pooling_top:pool1_inst|state~10                                                                          ; Lost fanout                            ;
; Systolic_Top:conv1_inst|Mem_ctrl:Mem_ctrl_instance|State~4                                               ; Lost fanout                            ;
; Systolic_Top:conv1_inst|Mem_ctrl:Mem_ctrl_instance|State~5                                               ; Lost fanout                            ;
; Systolic_Top:conv1_inst|PE_Array:PE_Array_instance|PE:row[0].col[8].pe_inst|AccumulationRegister[0..31]  ; Lost fanout                            ;
; Systolic_Top:conv1_inst|PE_Array:PE_Array_instance|PE:row[0].col[9].pe_inst|AccumulationRegister[0..31]  ; Lost fanout                            ;
; Systolic_Top:conv1_inst|PE_Array:PE_Array_instance|PE:row[0].col[10].pe_inst|AccumulationRegister[0..31] ; Lost fanout                            ;
; Systolic_Top:conv1_inst|PE_Array:PE_Array_instance|PE:row[0].col[11].pe_inst|AccumulationRegister[0..31] ; Lost fanout                            ;
; Systolic_Top:conv1_inst|PE_Array:PE_Array_instance|PE:row[0].col[12].pe_inst|AccumulationRegister[0..31] ; Lost fanout                            ;
; Systolic_Top:conv1_inst|PE_Array:PE_Array_instance|PE:row[0].col[13].pe_inst|AccumulationRegister[0..31] ; Lost fanout                            ;
; Systolic_Top:conv1_inst|PE_Array:PE_Array_instance|PE:row[0].col[14].pe_inst|AccumulationRegister[0..31] ; Lost fanout                            ;
; Systolic_Top:conv1_inst|PE_Array:PE_Array_instance|PE:row[0].col[15].pe_inst|AccumulationRegister[0..31] ; Lost fanout                            ;
; Total Number of Removed Registers = 1990                                                                 ;                                        ;
+----------------------------------------------------------------------------------------------------------+----------------------------------------+


+-----------------------------------------------------------------------------------------------------------------------------------------------------------+
; Removed Registers Triggering Further Register Optimizations                                                                                               ;
+----------------------------------------------------------------------+---------------------------+--------------------------------------------------------+
; Register name                                                        ; Reason for Removal        ; Registers Removed due to This Register                 ;
+----------------------------------------------------------------------+---------------------------+--------------------------------------------------------+
; Systolic_Top:conv2_inst|Mem_ctrl:Mem_ctrl_instance|OutChannelTile[0] ; Stuck at GND              ; Systolic_Top:conv2_inst|OutputFeatureMapAddress_reg[7] ;
;                                                                      ; due to stuck port data_in ;                                                        ;
+----------------------------------------------------------------------+---------------------------+--------------------------------------------------------+


+------------------------------------------------------+
; General Register Statistics                          ;
+----------------------------------------------+-------+
; Statistic                                    ; Value ;
+----------------------------------------------+-------+
; Total registers                              ; 10009 ;
; Number of registers using Synchronous Clear  ; 7988  ;
; Number of registers using Synchronous Load   ; 1651  ;
; Number of registers using Asynchronous Clear ; 9078  ;
; Number of registers using Asynchronous Load  ; 0     ;
; Number of registers using Clock Enable       ; 9818  ;
; Number of registers using Preset             ; 0     ;
+----------------------------------------------+-------+


+---------------------------------------------------------------+
; Inverted Register Statistics                                  ;
+-----------------------------------------------------+---------+
; Inverted Register                                   ; Fan out ;
+-----------------------------------------------------+---------+
; dual_port_bram:pool2_to_fc_buf|ram_rtl_0_bypass[20] ; 1       ;
; dual_port_bram:pool2_to_fc_buf|ram_rtl_0_bypass[22] ; 1       ;
; dual_port_bram:pool2_to_fc_buf|ram_rtl_0_bypass[24] ; 1       ;
; dual_port_bram:pool2_to_fc_buf|ram_rtl_0_bypass[26] ; 1       ;
; dual_port_bram:pool2_to_fc_buf|ram_rtl_0_bypass[28] ; 1       ;
; dual_port_bram:pool2_to_fc_buf|ram_rtl_0_bypass[30] ; 1       ;
; dual_port_bram:pool2_to_fc_buf|ram_rtl_0_bypass[32] ; 1       ;
; dual_port_bram:pool2_to_fc_buf|ram_rtl_0_bypass[34] ; 1       ;
; Total number of inverted registers = 8              ;         ;
+-----------------------------------------------------+---------+


+----------------------------------------------------------------------------------------------------------------------+
; Registers Packed Into Inferred Megafunctions                                                                         ;
+----------------------------------------------------------+----------------------------------------------------+------+
; Register Name                                            ; Megafunction                                       ; Type ;
+----------------------------------------------------------+----------------------------------------------------+------+
; fc_top:fc_pipeline|fcl_weight_rom:w3|data[0..7]          ; fc_top:fc_pipeline|fcl_weight_rom:w3|mem_rtl_0     ; RAM  ;
; fc_top:fc_pipeline|fcl_weight_rom:w2|data[0..7]          ; fc_top:fc_pipeline|fcl_weight_rom:w2|mem_rtl_0     ; RAM  ;
; fc_top:fc_pipeline|fcl_weight_rom:w1|data[0..7]          ; fc_top:fc_pipeline|fcl_weight_rom:w1|mem_rtl_0     ; RAM  ;
; Systolic_Top:conv2_inst|ofmap_mem:o_mem|DataOut[0..511]  ; Systolic_Top:conv2_inst|ofmap_mem:o_mem|mem_rtl_0  ; RAM  ;
; Systolic_Top:conv2_inst|weight_mem:w_mem|DataOut[0..127] ; Systolic_Top:conv2_inst|weight_mem:w_mem|mem_rtl_0 ; RAM  ;
; Systolic_Top:conv2_inst|ifmap_mem:i_mem|DataOut[0..7]    ; Systolic_Top:conv2_inst|ifmap_mem:i_mem|mem_rtl_0  ; RAM  ;
; Systolic_Top:conv1_inst|ofmap_mem:o_mem|DataOut[0..255]  ; Systolic_Top:conv1_inst|ofmap_mem:o_mem|mem_rtl_0  ; RAM  ;
; Systolic_Top:conv1_inst|weight_mem:w_mem|DataOut[0..127] ; Systolic_Top:conv1_inst|weight_mem:w_mem|mem_rtl_0 ; RAM  ;
; Systolic_Top:conv1_inst|ifmap_mem:i_mem|DataOut[0..7]    ; Systolic_Top:conv1_inst|ifmap_mem:i_mem|mem_rtl_0  ; RAM  ;
+----------------------------------------------------------+----------------------------------------------------+------+


+------------------------------------------------------------------------------------------------+
; Registers Added for RAM Pass-Through Logic                                                     ;
+-----------------------------------------------------+------------------------------------------+
; Register Name                                       ; RAM Name                                 ;
+-----------------------------------------------------+------------------------------------------+
; dual_port_bram:pool2_to_fc_buf|ram_rtl_0_bypass[0]  ; dual_port_bram:pool2_to_fc_buf|ram_rtl_0 ;
; dual_port_bram:pool2_to_fc_buf|ram_rtl_0_bypass[1]  ; dual_port_bram:pool2_to_fc_buf|ram_rtl_0 ;
; dual_port_bram:pool2_to_fc_buf|ram_rtl_0_bypass[2]  ; dual_port_bram:pool2_to_fc_buf|ram_rtl_0 ;
; dual_port_bram:pool2_to_fc_buf|ram_rtl_0_bypass[3]  ; dual_port_bram:pool2_to_fc_buf|ram_rtl_0 ;
; dual_port_bram:pool2_to_fc_buf|ram_rtl_0_bypass[4]  ; dual_port_bram:pool2_to_fc_buf|ram_rtl_0 ;
; dual_port_bram:pool2_to_fc_buf|ram_rtl_0_bypass[5]  ; dual_port_bram:pool2_to_fc_buf|ram_rtl_0 ;
; dual_port_bram:pool2_to_fc_buf|ram_rtl_0_bypass[6]  ; dual_port_bram:pool2_to_fc_buf|ram_rtl_0 ;
; dual_port_bram:pool2_to_fc_buf|ram_rtl_0_bypass[7]  ; dual_port_bram:pool2_to_fc_buf|ram_rtl_0 ;
; dual_port_bram:pool2_to_fc_buf|ram_rtl_0_bypass[8]  ; dual_port_bram:pool2_to_fc_buf|ram_rtl_0 ;
; dual_port_bram:pool2_to_fc_buf|ram_rtl_0_bypass[9]  ; dual_port_bram:pool2_to_fc_buf|ram_rtl_0 ;
; dual_port_bram:pool2_to_fc_buf|ram_rtl_0_bypass[10] ; dual_port_bram:pool2_to_fc_buf|ram_rtl_0 ;
; dual_port_bram:pool2_to_fc_buf|ram_rtl_0_bypass[11] ; dual_port_bram:pool2_to_fc_buf|ram_rtl_0 ;
; dual_port_bram:pool2_to_fc_buf|ram_rtl_0_bypass[12] ; dual_port_bram:pool2_to_fc_buf|ram_rtl_0 ;
; dual_port_bram:pool2_to_fc_buf|ram_rtl_0_bypass[13] ; dual_port_bram:pool2_to_fc_buf|ram_rtl_0 ;
; dual_port_bram:pool2_to_fc_buf|ram_rtl_0_bypass[14] ; dual_port_bram:pool2_to_fc_buf|ram_rtl_0 ;
; dual_port_bram:pool2_to_fc_buf|ram_rtl_0_bypass[15] ; dual_port_bram:pool2_to_fc_buf|ram_rtl_0 ;
; dual_port_bram:pool2_to_fc_buf|ram_rtl_0_bypass[16] ; dual_port_bram:pool2_to_fc_buf|ram_rtl_0 ;
; dual_port_bram:pool2_to_fc_buf|ram_rtl_0_bypass[17] ; dual_port_bram:pool2_to_fc_buf|ram_rtl_0 ;
; dual_port_bram:pool2_to_fc_buf|ram_rtl_0_bypass[18] ; dual_port_bram:pool2_to_fc_buf|ram_rtl_0 ;
; dual_port_bram:pool2_to_fc_buf|ram_rtl_0_bypass[19] ; dual_port_bram:pool2_to_fc_buf|ram_rtl_0 ;
; dual_port_bram:pool2_to_fc_buf|ram_rtl_0_bypass[20] ; dual_port_bram:pool2_to_fc_buf|ram_rtl_0 ;
; dual_port_bram:pool2_to_fc_buf|ram_rtl_0_bypass[21] ; dual_port_bram:pool2_to_fc_buf|ram_rtl_0 ;
; dual_port_bram:pool2_to_fc_buf|ram_rtl_0_bypass[22] ; dual_port_bram:pool2_to_fc_buf|ram_rtl_0 ;
; dual_port_bram:pool2_to_fc_buf|ram_rtl_0_bypass[23] ; dual_port_bram:pool2_to_fc_buf|ram_rtl_0 ;
; dual_port_bram:pool2_to_fc_buf|ram_rtl_0_bypass[24] ; dual_port_bram:pool2_to_fc_buf|ram_rtl_0 ;
; dual_port_bram:pool2_to_fc_buf|ram_rtl_0_bypass[25] ; dual_port_bram:pool2_to_fc_buf|ram_rtl_0 ;
; dual_port_bram:pool2_to_fc_buf|ram_rtl_0_bypass[26] ; dual_port_bram:pool2_to_fc_buf|ram_rtl_0 ;
; dual_port_bram:pool2_to_fc_buf|ram_rtl_0_bypass[27] ; dual_port_bram:pool2_to_fc_buf|ram_rtl_0 ;
; dual_port_bram:pool2_to_fc_buf|ram_rtl_0_bypass[28] ; dual_port_bram:pool2_to_fc_buf|ram_rtl_0 ;
; dual_port_bram:pool2_to_fc_buf|ram_rtl_0_bypass[29] ; dual_port_bram:pool2_to_fc_buf|ram_rtl_0 ;
; dual_port_bram:pool2_to_fc_buf|ram_rtl_0_bypass[30] ; dual_port_bram:pool2_to_fc_buf|ram_rtl_0 ;
; dual_port_bram:pool2_to_fc_buf|ram_rtl_0_bypass[31] ; dual_port_bram:pool2_to_fc_buf|ram_rtl_0 ;
; dual_port_bram:pool2_to_fc_buf|ram_rtl_0_bypass[32] ; dual_port_bram:pool2_to_fc_buf|ram_rtl_0 ;
; dual_port_bram:pool2_to_fc_buf|ram_rtl_0_bypass[33] ; dual_port_bram:pool2_to_fc_buf|ram_rtl_0 ;
; dual_port_bram:pool2_to_fc_buf|ram_rtl_0_bypass[34] ; dual_port_bram:pool2_to_fc_buf|ram_rtl_0 ;
+-----------------------------------------------------+------------------------------------------+


+-------------------------------------------------------------------------------------------------------------------------------------------------------------------------------------------------------------------------------+
; Multiplexer Restructuring Statistics (Restructuring Performed)                                                                                                                                                                ;
+--------------------+-----------+---------------+----------------------+------------------------+------------+-----------------------------------------------------------------------------------------------------------------+
; Multiplexer Inputs ; Bus Width ; Baseline Area ; Area if Restructured ; Saving if Restructured ; Registered ; Example Multiplexer Output                                                                                      ;
+--------------------+-----------+---------------+----------------------+------------------------+------------+-----------------------------------------------------------------------------------------------------------------+
; 5:1                ; 9 bits    ; 27 LEs        ; 0 LEs                ; 27 LEs                 ; Yes        ; |model_top|fc_top:fc_pipeline|fc_layer:fc1|in_cnt[2]                                                            ;
; 5:1                ; 26 bits   ; 78 LEs        ; 0 LEs                ; 78 LEs                 ; Yes        ; |model_top|fc_top:fc_pipeline|fc_layer:fc1|accum[0][18]                                                         ;
; 5:1                ; 26 bits   ; 78 LEs        ; 0 LEs                ; 78 LEs                 ; Yes        ; |model_top|fc_top:fc_pipeline|fc_layer:fc1|accum[1][18]                                                         ;
; 5:1                ; 26 bits   ; 78 LEs        ; 0 LEs                ; 78 LEs                 ; Yes        ; |model_top|fc_top:fc_pipeline|fc_layer:fc1|accum[2][18]                                                         ;
; 5:1                ; 26 bits   ; 78 LEs        ; 0 LEs                ; 78 LEs                 ; Yes        ; |model_top|fc_top:fc_pipeline|fc_layer:fc1|accum[3][18]                                                         ;
; 5:1                ; 26 bits   ; 78 LEs        ; 0 LEs                ; 78 LEs                 ; Yes        ; |model_top|fc_top:fc_pipeline|fc_layer:fc1|accum[4][19]                                                         ;
; 5:1                ; 26 bits   ; 78 LEs        ; 0 LEs                ; 78 LEs                 ; Yes        ; |model_top|fc_top:fc_pipeline|fc_layer:fc1|accum[5][18]                                                         ;
; 5:1                ; 26 bits   ; 78 LEs        ; 0 LEs                ; 78 LEs                 ; Yes        ; |model_top|fc_top:fc_pipeline|fc_layer:fc1|accum[6][19]                                                         ;
; 5:1                ; 26 bits   ; 78 LEs        ; 0 LEs                ; 78 LEs                 ; Yes        ; |model_top|fc_top:fc_pipeline|fc_layer:fc1|accum[7][18]                                                         ;
; 5:1                ; 26 bits   ; 78 LEs        ; 0 LEs                ; 78 LEs                 ; Yes        ; |model_top|fc_top:fc_pipeline|fc_layer:fc1|accum[8][18]                                                         ;
; 5:1                ; 26 bits   ; 78 LEs        ; 0 LEs                ; 78 LEs                 ; Yes        ; |model_top|fc_top:fc_pipeline|fc_layer:fc1|accum[9][18]                                                         ;
; 5:1                ; 26 bits   ; 78 LEs        ; 0 LEs                ; 78 LEs                 ; Yes        ; |model_top|fc_top:fc_pipeline|fc_layer:fc1|accum[10][19]                                                        ;
; 5:1                ; 26 bits   ; 78 LEs        ; 0 LEs                ; 78 LEs                 ; Yes        ; |model_top|fc_top:fc_pipeline|fc_layer:fc1|accum[11][18]                                                        ;
; 5:1                ; 26 bits   ; 78 LEs        ; 0 LEs                ; 78 LEs                 ; Yes        ; |model_top|fc_top:fc_pipeline|fc_layer:fc1|accum[12][19]                                                        ;
; 5:1                ; 26 bits   ; 78 LEs        ; 0 LEs                ; 78 LEs                 ; Yes        ; |model_top|fc_top:fc_pipeline|fc_layer:fc1|accum[13][18]                                                        ;
; 5:1                ; 26 bits   ; 78 LEs        ; 0 LEs                ; 78 LEs                 ; Yes        ; |model_top|fc_top:fc_pipeline|fc_layer:fc1|accum[14][18]                                                        ;
; 5:1                ; 26 bits   ; 78 LEs        ; 0 LEs                ; 78 LEs                 ; Yes        ; |model_top|fc_top:fc_pipeline|fc_layer:fc1|accum[15][18]                                                        ;
; 5:1                ; 26 bits   ; 78 LEs        ; 0 LEs                ; 78 LEs                 ; Yes        ; |model_top|fc_top:fc_pipeline|fc_layer:fc1|accum[16][18]                                                        ;
; 5:1                ; 26 bits   ; 78 LEs        ; 0 LEs                ; 78 LEs                 ; Yes        ; |model_top|fc_top:fc_pipeline|fc_layer:fc1|accum[17][18]                                                        ;
; 5:1                ; 26 bits   ; 78 LEs        ; 0 LEs                ; 78 LEs                 ; Yes        ; |model_top|fc_top:fc_pipeline|fc_layer:fc1|accum[18][18]                                                        ;
; 5:1                ; 26 bits   ; 78 LEs        ; 0 LEs                ; 78 LEs                 ; Yes        ; |model_top|fc_top:fc_pipeline|fc_layer:fc1|accum[19][18]                                                        ;
; 5:1                ; 26 bits   ; 78 LEs        ; 0 LEs                ; 78 LEs                 ; Yes        ; |model_top|fc_top:fc_pipeline|fc_layer:fc1|accum[20][19]                                                        ;
; 5:1                ; 26 bits   ; 78 LEs        ; 0 LEs                ; 78 LEs                 ; Yes        ; |model_top|fc_top:fc_pipeline|fc_layer:fc1|accum[21][18]                                                        ;
; 5:1                ; 26 bits   ; 78 LEs        ; 0 LEs                ; 78 LEs                 ; Yes        ; |model_top|fc_top:fc_pipeline|fc_layer:fc1|accum[22][18]                                                        ;
; 5:1                ; 26 bits   ; 78 LEs        ; 0 LEs                ; 78 LEs                 ; Yes        ; |model_top|fc_top:fc_pipeline|fc_layer:fc1|accum[23][18]                                                        ;
; 5:1                ; 26 bits   ; 78 LEs        ; 0 LEs                ; 78 LEs                 ; Yes        ; |model_top|fc_top:fc_pipeline|fc_layer:fc1|accum[24][18]                                                        ;
; 5:1                ; 26 bits   ; 78 LEs        ; 0 LEs                ; 78 LEs                 ; Yes        ; |model_top|fc_top:fc_pipeline|fc_layer:fc1|accum[25][18]                                                        ;
; 5:1                ; 26 bits   ; 78 LEs        ; 0 LEs                ; 78 LEs                 ; Yes        ; |model_top|fc_top:fc_pipeline|fc_layer:fc1|accum[26][18]                                                        ;
; 5:1                ; 26 bits   ; 78 LEs        ; 0 LEs                ; 78 LEs                 ; Yes        ; |model_top|fc_top:fc_pipeline|fc_layer:fc1|accum[27][18]                                                        ;
; 5:1                ; 26 bits   ; 78 LEs        ; 0 LEs                ; 78 LEs                 ; Yes        ; |model_top|fc_top:fc_pipeline|fc_layer:fc1|accum[28][24]                                                        ;
; 5:1                ; 26 bits   ; 78 LEs        ; 0 LEs                ; 78 LEs                 ; Yes        ; |model_top|fc_top:fc_pipeline|fc_layer:fc1|accum[29][19]                                                        ;
; 5:1                ; 26 bits   ; 78 LEs        ; 0 LEs                ; 78 LEs                 ; Yes        ; |model_top|fc_top:fc_pipeline|fc_layer:fc1|accum[30][18]                                                        ;
; 5:1                ; 26 bits   ; 78 LEs        ; 0 LEs                ; 78 LEs                 ; Yes        ; |model_top|fc_top:fc_pipeline|fc_layer:fc1|accum[31][18]                                                        ;
; 5:1                ; 26 bits   ; 78 LEs        ; 0 LEs                ; 78 LEs                 ; Yes        ; |model_top|fc_top:fc_pipeline|fc_layer:fc1|accum[32][18]                                                        ;
; 5:1                ; 26 bits   ; 78 LEs        ; 0 LEs                ; 78 LEs                 ; Yes        ; |model_top|fc_top:fc_pipeline|fc_layer:fc1|accum[33][18]                                                        ;
; 5:1                ; 26 bits   ; 78 LEs        ; 0 LEs                ; 78 LEs                 ; Yes        ; |model_top|fc_top:fc_pipeline|fc_layer:fc1|accum[34][18]                                                        ;
; 5:1                ; 26 bits   ; 78 LEs        ; 0 LEs                ; 78 LEs                 ; Yes        ; |model_top|fc_top:fc_pipeline|fc_layer:fc1|accum[35][19]                                                        ;
; 5:1                ; 26 bits   ; 78 LEs        ; 0 LEs                ; 78 LEs                 ; Yes        ; |model_top|fc_top:fc_pipeline|fc_layer:fc1|accum[36][18]                                                        ;
; 5:1                ; 26 bits   ; 78 LEs        ; 0 LEs                ; 78 LEs                 ; Yes        ; |model_top|fc_top:fc_pipeline|fc_layer:fc1|accum[37][18]                                                        ;
; 5:1                ; 26 bits   ; 78 LEs        ; 0 LEs                ; 78 LEs                 ; Yes        ; |model_top|fc_top:fc_pipeline|fc_layer:fc1|accum[38][18]                                                        ;
; 5:1                ; 26 bits   ; 78 LEs        ; 0 LEs                ; 78 LEs                 ; Yes        ; |model_top|fc_top:fc_pipeline|fc_layer:fc1|accum[39][18]                                                        ;
; 5:1                ; 26 bits   ; 78 LEs        ; 0 LEs                ; 78 LEs                 ; Yes        ; |model_top|fc_top:fc_pipeline|fc_layer:fc1|accum[40][18]                                                        ;
; 5:1                ; 26 bits   ; 78 LEs        ; 0 LEs                ; 78 LEs                 ; Yes        ; |model_top|fc_top:fc_pipeline|fc_layer:fc1|accum[41][19]                                                        ;
; 5:1                ; 26 bits   ; 78 LEs        ; 0 LEs                ; 78 LEs                 ; Yes        ; |model_top|fc_top:fc_pipeline|fc_layer:fc1|accum[42][18]                                                        ;
; 5:1                ; 26 bits   ; 78 LEs        ; 0 LEs                ; 78 LEs                 ; Yes        ; |model_top|fc_top:fc_pipeline|fc_layer:fc1|accum[43][19]                                                        ;
; 5:1                ; 26 bits   ; 78 LEs        ; 0 LEs                ; 78 LEs                 ; Yes        ; |model_top|fc_top:fc_pipeline|fc_layer:fc1|accum[44][18]                                                        ;
; 5:1                ; 26 bits   ; 78 LEs        ; 0 LEs                ; 78 LEs                 ; Yes        ; |model_top|fc_top:fc_pipeline|fc_layer:fc1|accum[45][18]                                                        ;
; 5:1                ; 26 bits   ; 78 LEs        ; 0 LEs                ; 78 LEs                 ; Yes        ; |model_top|fc_top:fc_pipeline|fc_layer:fc1|accum[46][18]                                                        ;
; 5:1                ; 26 bits   ; 78 LEs        ; 0 LEs                ; 78 LEs                 ; Yes        ; |model_top|fc_top:fc_pipeline|fc_layer:fc1|accum[47][18]                                                        ;
; 5:1                ; 26 bits   ; 78 LEs        ; 0 LEs                ; 78 LEs                 ; Yes        ; |model_top|fc_top:fc_pipeline|fc_layer:fc1|accum[48][18]                                                        ;
; 5:1                ; 26 bits   ; 78 LEs        ; 0 LEs                ; 78 LEs                 ; Yes        ; |model_top|fc_top:fc_pipeline|fc_layer:fc1|accum[49][18]                                                        ;
; 5:1                ; 26 bits   ; 78 LEs        ; 0 LEs                ; 78 LEs                 ; Yes        ; |model_top|fc_top:fc_pipeline|fc_layer:fc1|accum[50][18]                                                        ;
; 5:1                ; 26 bits   ; 78 LEs        ; 0 LEs                ; 78 LEs                 ; Yes        ; |model_top|fc_top:fc_pipeline|fc_layer:fc1|accum[51][19]                                                        ;
; 5:1                ; 26 bits   ; 78 LEs        ; 0 LEs                ; 78 LEs                 ; Yes        ; |model_top|fc_top:fc_pipeline|fc_layer:fc1|accum[52][18]                                                        ;
; 5:1                ; 26 bits   ; 78 LEs        ; 0 LEs                ; 78 LEs                 ; Yes        ; |model_top|fc_top:fc_pipeline|fc_layer:fc1|accum[53][18]                                                        ;
; 5:1                ; 26 bits   ; 78 LEs        ; 0 LEs                ; 78 LEs                 ; Yes        ; |model_top|fc_top:fc_pipeline|fc_layer:fc1|accum[54][18]                                                        ;
; 5:1                ; 26 bits   ; 78 LEs        ; 0 LEs                ; 78 LEs                 ; Yes        ; |model_top|fc_top:fc_pipeline|fc_layer:fc1|accum[55][18]                                                        ;
; 5:1                ; 26 bits   ; 78 LEs        ; 0 LEs                ; 78 LEs                 ; Yes        ; |model_top|fc_top:fc_pipeline|fc_layer:fc1|accum[56][18]                                                        ;
; 5:1                ; 26 bits   ; 78 LEs        ; 0 LEs                ; 78 LEs                 ; Yes        ; |model_top|fc_top:fc_pipeline|fc_layer:fc1|accum[57][18]                                                        ;
; 5:1                ; 26 bits   ; 78 LEs        ; 0 LEs                ; 78 LEs                 ; Yes        ; |model_top|fc_top:fc_pipeline|fc_layer:fc1|accum[58][18]                                                        ;
; 5:1                ; 26 bits   ; 78 LEs        ; 0 LEs                ; 78 LEs                 ; Yes        ; |model_top|fc_top:fc_pipeline|fc_layer:fc1|accum[59][24]                                                        ;
; 5:1                ; 26 bits   ; 78 LEs        ; 0 LEs                ; 78 LEs                 ; Yes        ; |model_top|fc_top:fc_pipeline|fc_layer:fc1|accum[60][18]                                                        ;
; 5:1                ; 26 bits   ; 78 LEs        ; 0 LEs                ; 78 LEs                 ; Yes        ; |model_top|fc_top:fc_pipeline|fc_layer:fc1|accum[61][18]                                                        ;
; 5:1                ; 26 bits   ; 78 LEs        ; 0 LEs                ; 78 LEs                 ; Yes        ; |model_top|fc_top:fc_pipeline|fc_layer:fc1|accum[62][18]                                                        ;
; 5:1                ; 26 bits   ; 78 LEs        ; 0 LEs                ; 78 LEs                 ; Yes        ; |model_top|fc_top:fc_pipeline|fc_layer:fc1|accum[63][18]                                                        ;
; 5:1                ; 26 bits   ; 78 LEs        ; 0 LEs                ; 78 LEs                 ; Yes        ; |model_top|fc_top:fc_pipeline|fc_layer:fc1|accum[64][18]                                                        ;
; 5:1                ; 26 bits   ; 78 LEs        ; 0 LEs                ; 78 LEs                 ; Yes        ; |model_top|fc_top:fc_pipeline|fc_layer:fc1|accum[65][18]                                                        ;
; 5:1                ; 26 bits   ; 78 LEs        ; 0 LEs                ; 78 LEs                 ; Yes        ; |model_top|fc_top:fc_pipeline|fc_layer:fc1|accum[66][19]                                                        ;
; 5:1                ; 26 bits   ; 78 LEs        ; 0 LEs                ; 78 LEs                 ; Yes        ; |model_top|fc_top:fc_pipeline|fc_layer:fc1|accum[67][18]                                                        ;
; 5:1                ; 26 bits   ; 78 LEs        ; 0 LEs                ; 78 LEs                 ; Yes        ; |model_top|fc_top:fc_pipeline|fc_layer:fc1|accum[68][18]                                                        ;
; 5:1                ; 26 bits   ; 78 LEs        ; 0 LEs                ; 78 LEs                 ; Yes        ; |model_top|fc_top:fc_pipeline|fc_layer:fc1|accum[69][18]                                                        ;
; 5:1                ; 26 bits   ; 78 LEs        ; 0 LEs                ; 78 LEs                 ; Yes        ; |model_top|fc_top:fc_pipeline|fc_layer:fc1|accum[70][18]                                                        ;
; 5:1                ; 26 bits   ; 78 LEs        ; 0 LEs                ; 78 LEs                 ; Yes        ; |model_top|fc_top:fc_pipeline|fc_layer:fc1|accum[71][18]                                                        ;
; 5:1                ; 26 bits   ; 78 LEs        ; 0 LEs                ; 78 LEs                 ; Yes        ; |model_top|fc_top:fc_pipeline|fc_layer:fc1|accum[72][19]                                                        ;
; 5:1                ; 26 bits   ; 78 LEs        ; 0 LEs                ; 78 LEs                 ; Yes        ; |model_top|fc_top:fc_pipeline|fc_layer:fc1|accum[73][18]                                                        ;
; 5:1                ; 26 bits   ; 78 LEs        ; 0 LEs                ; 78 LEs                 ; Yes        ; |model_top|fc_top:fc_pipeline|fc_layer:fc1|accum[74][19]                                                        ;
; 5:1                ; 26 bits   ; 78 LEs        ; 0 LEs                ; 78 LEs                 ; Yes        ; |model_top|fc_top:fc_pipeline|fc_layer:fc1|accum[75][18]                                                        ;
; 5:1                ; 26 bits   ; 78 LEs        ; 0 LEs                ; 78 LEs                 ; Yes        ; |model_top|fc_top:fc_pipeline|fc_layer:fc1|accum[76][18]                                                        ;
; 5:1                ; 26 bits   ; 78 LEs        ; 0 LEs                ; 78 LEs                 ; Yes        ; |model_top|fc_top:fc_pipeline|fc_layer:fc1|accum[77][18]                                                        ;
; 5:1                ; 26 bits   ; 78 LEs        ; 0 LEs                ; 78 LEs                 ; Yes        ; |model_top|fc_top:fc_pipeline|fc_layer:fc1|accum[78][18]                                                        ;
; 5:1                ; 26 bits   ; 78 LEs        ; 0 LEs                ; 78 LEs                 ; Yes        ; |model_top|fc_top:fc_pipeline|fc_layer:fc1|accum[79][18]                                                        ;
; 5:1                ; 26 bits   ; 78 LEs        ; 0 LEs                ; 78 LEs                 ; Yes        ; |model_top|fc_top:fc_pipeline|fc_layer:fc1|accum[80][18]                                                        ;
; 5:1                ; 26 bits   ; 78 LEs        ; 0 LEs                ; 78 LEs                 ; Yes        ; |model_top|fc_top:fc_pipeline|fc_layer:fc1|accum[81][18]                                                        ;
; 5:1                ; 26 bits   ; 78 LEs        ; 0 LEs                ; 78 LEs                 ; Yes        ; |model_top|fc_top:fc_pipeline|fc_layer:fc1|accum[82][19]                                                        ;
; 5:1                ; 26 bits   ; 78 LEs        ; 0 LEs                ; 78 LEs                 ; Yes        ; |model_top|fc_top:fc_pipeline|fc_layer:fc1|accum[83][18]                                                        ;
; 5:1                ; 26 bits   ; 78 LEs        ; 0 LEs                ; 78 LEs                 ; Yes        ; |model_top|fc_top:fc_pipeline|fc_layer:fc1|accum[84][18]                                                        ;
; 5:1                ; 26 bits   ; 78 LEs        ; 0 LEs                ; 78 LEs                 ; Yes        ; |model_top|fc_top:fc_pipeline|fc_layer:fc1|accum[85][18]                                                        ;
; 5:1                ; 26 bits   ; 78 LEs        ; 0 LEs                ; 78 LEs                 ; Yes        ; |model_top|fc_top:fc_pipeline|fc_layer:fc1|accum[86][18]                                                        ;
; 5:1                ; 26 bits   ; 78 LEs        ; 0 LEs                ; 78 LEs                 ; Yes        ; |model_top|fc_top:fc_pipeline|fc_layer:fc1|accum[87][18]                                                        ;
; 5:1                ; 26 bits   ; 78 LEs        ; 0 LEs                ; 78 LEs                 ; Yes        ; |model_top|fc_top:fc_pipeline|fc_layer:fc1|accum[88][18]                                                        ;
; 5:1                ; 26 bits   ; 78 LEs        ; 0 LEs                ; 78 LEs                 ; Yes        ; |model_top|fc_top:fc_pipeline|fc_layer:fc1|accum[89][18]                                                        ;
; 5:1                ; 26 bits   ; 78 LEs        ; 0 LEs                ; 78 LEs                 ; Yes        ; |model_top|fc_top:fc_pipeline|fc_layer:fc1|accum[90][24]                                                        ;
; 5:1                ; 26 bits   ; 78 LEs        ; 0 LEs                ; 78 LEs                 ; Yes        ; |model_top|fc_top:fc_pipeline|fc_layer:fc1|accum[91][18]                                                        ;
; 5:1                ; 26 bits   ; 78 LEs        ; 0 LEs                ; 78 LEs                 ; Yes        ; |model_top|fc_top:fc_pipeline|fc_layer:fc1|accum[92][18]                                                        ;
; 5:1                ; 26 bits   ; 78 LEs        ; 0 LEs                ; 78 LEs                 ; Yes        ; |model_top|fc_top:fc_pipeline|fc_layer:fc1|accum[93][18]                                                        ;
; 5:1                ; 26 bits   ; 78 LEs        ; 0 LEs                ; 78 LEs                 ; Yes        ; |model_top|fc_top:fc_pipeline|fc_layer:fc1|accum[94][18]                                                        ;
; 5:1                ; 26 bits   ; 78 LEs        ; 0 LEs                ; 78 LEs                 ; Yes        ; |model_top|fc_top:fc_pipeline|fc_layer:fc1|accum[95][18]                                                        ;
; 5:1                ; 26 bits   ; 78 LEs        ; 0 LEs                ; 78 LEs                 ; Yes        ; |model_top|fc_top:fc_pipeline|fc_layer:fc1|accum[96][18]                                                        ;
; 5:1                ; 26 bits   ; 78 LEs        ; 0 LEs                ; 78 LEs                 ; Yes        ; |model_top|fc_top:fc_pipeline|fc_layer:fc1|accum[97][19]                                                        ;
; 5:1                ; 26 bits   ; 78 LEs        ; 0 LEs                ; 78 LEs                 ; Yes        ; |model_top|fc_top:fc_pipeline|fc_layer:fc1|accum[98][18]                                                        ;
; 5:1                ; 26 bits   ; 78 LEs        ; 0 LEs                ; 78 LEs                 ; Yes        ; |model_top|fc_top:fc_pipeline|fc_layer:fc1|accum[99][18]                                                        ;
; 5:1                ; 26 bits   ; 78 LEs        ; 0 LEs                ; 78 LEs                 ; Yes        ; |model_top|fc_top:fc_pipeline|fc_layer:fc1|accum[100][18]                                                       ;
; 5:1                ; 26 bits   ; 78 LEs        ; 0 LEs                ; 78 LEs                 ; Yes        ; |model_top|fc_top:fc_pipeline|fc_layer:fc1|accum[101][18]                                                       ;
; 5:1                ; 26 bits   ; 78 LEs        ; 0 LEs                ; 78 LEs                 ; Yes        ; |model_top|fc_top:fc_pipeline|fc_layer:fc1|accum[102][18]                                                       ;
; 5:1                ; 26 bits   ; 78 LEs        ; 0 LEs                ; 78 LEs                 ; Yes        ; |model_top|fc_top:fc_pipeline|fc_layer:fc1|accum[103][18]                                                       ;
; 5:1                ; 26 bits   ; 78 LEs        ; 0 LEs                ; 78 LEs                 ; Yes        ; |model_top|fc_top:fc_pipeline|fc_layer:fc1|accum[104][18]                                                       ;
; 5:1                ; 26 bits   ; 78 LEs        ; 0 LEs                ; 78 LEs                 ; Yes        ; |model_top|fc_top:fc_pipeline|fc_layer:fc1|accum[105][24]                                                       ;
; 5:1                ; 26 bits   ; 78 LEs        ; 0 LEs                ; 78 LEs                 ; Yes        ; |model_top|fc_top:fc_pipeline|fc_layer:fc1|accum[106][18]                                                       ;
; 5:1                ; 26 bits   ; 78 LEs        ; 0 LEs                ; 78 LEs                 ; Yes        ; |model_top|fc_top:fc_pipeline|fc_layer:fc1|accum[107][18]                                                       ;
; 5:1                ; 26 bits   ; 78 LEs        ; 0 LEs                ; 78 LEs                 ; Yes        ; |model_top|fc_top:fc_pipeline|fc_layer:fc1|accum[108][18]                                                       ;
; 5:1                ; 26 bits   ; 78 LEs        ; 0 LEs                ; 78 LEs                 ; Yes        ; |model_top|fc_top:fc_pipeline|fc_layer:fc1|accum[109][18]                                                       ;
; 5:1                ; 26 bits   ; 78 LEs        ; 0 LEs                ; 78 LEs                 ; Yes        ; |model_top|fc_top:fc_pipeline|fc_layer:fc1|accum[110][18]                                                       ;
; 5:1                ; 26 bits   ; 78 LEs        ; 0 LEs                ; 78 LEs                 ; Yes        ; |model_top|fc_top:fc_pipeline|fc_layer:fc1|accum[111][18]                                                       ;
; 5:1                ; 26 bits   ; 78 LEs        ; 0 LEs                ; 78 LEs                 ; Yes        ; |model_top|fc_top:fc_pipeline|fc_layer:fc1|accum[112][19]                                                       ;
; 5:1                ; 26 bits   ; 78 LEs        ; 0 LEs                ; 78 LEs                 ; Yes        ; |model_top|fc_top:fc_pipeline|fc_layer:fc1|accum[113][18]                                                       ;
; 5:1                ; 26 bits   ; 78 LEs        ; 0 LEs                ; 78 LEs                 ; Yes        ; |model_top|fc_top:fc_pipeline|fc_layer:fc1|accum[114][18]                                                       ;
; 5:1                ; 26 bits   ; 78 LEs        ; 0 LEs                ; 78 LEs                 ; Yes        ; |model_top|fc_top:fc_pipeline|fc_layer:fc1|accum[115][18]                                                       ;
; 5:1                ; 26 bits   ; 78 LEs        ; 0 LEs                ; 78 LEs                 ; Yes        ; |model_top|fc_top:fc_pipeline|fc_layer:fc1|accum[116][25]                                                       ;
; 5:1                ; 26 bits   ; 78 LEs        ; 0 LEs                ; 78 LEs                 ; Yes        ; |model_top|fc_top:fc_pipeline|fc_layer:fc1|accum[117][18]                                                       ;
; 5:1                ; 26 bits   ; 78 LEs        ; 0 LEs                ; 78 LEs                 ; Yes        ; |model_top|fc_top:fc_pipeline|fc_layer:fc1|accum[118][18]                                                       ;
; 5:1                ; 26 bits   ; 78 LEs        ; 0 LEs                ; 78 LEs                 ; Yes        ; |model_top|fc_top:fc_pipeline|fc_layer:fc1|accum[119][18]                                                       ;
; 7:1                ; 7 bits    ; 28 LEs        ; 14 LEs               ; 14 LEs                 ; Yes        ; |model_top|fc_top:fc_pipeline|fc_layer:fc1|out_cnt[5]                                                           ;
; 4:1                ; 9 bits    ; 18 LEs        ; 18 LEs               ; 0 LEs                  ; No         ; |model_top|fc_stream_ptr                                                                                        ;
; 6:1                ; 2 bits    ; 8 LEs         ; 4 LEs                ; 4 LEs                  ; No         ; |model_top|fc_top:fc_pipeline|fc_layer:fc1|Selector3138                                                         ;
; 3:1                ; 8 bits    ; 16 LEs        ; 0 LEs                ; 16 LEs                 ; Yes        ; |model_top|fc_top:fc_pipeline|fc_serializer:ser12|buffer[1907]                                                  ;
; 3:1                ; 952 bits  ; 1904 LEs      ; 0 LEs                ; 1904 LEs               ; Yes        ; |model_top|fc_top:fc_pipeline|fc_serializer:ser12|buffer[1060]                                                  ;
; 4:1                ; 4 bits    ; 8 LEs         ; 8 LEs                ; 0 LEs                  ; Yes        ; |model_top|fc_top:fc_pipeline|fc_serializer:ser12|count[3]                                                      ;
; 4:1                ; 4 bits    ; 8 LEs         ; 8 LEs                ; 0 LEs                  ; Yes        ; |model_top|fc_top:fc_pipeline|fc_serializer:ser12|count[2]                                                      ;
; 5:1                ; 7 bits    ; 21 LEs        ; 7 LEs                ; 14 LEs                 ; Yes        ; |model_top|fc_top:fc_pipeline|fc_layer:fc2|in_cnt[0]                                                            ;
; 5:1                ; 24 bits   ; 72 LEs        ; 0 LEs                ; 72 LEs                 ; Yes        ; |model_top|fc_top:fc_pipeline|fc_layer:fc2|accum[0][17]                                                         ;
; 5:1                ; 24 bits   ; 72 LEs        ; 0 LEs                ; 72 LEs                 ; Yes        ; |model_top|fc_top:fc_pipeline|fc_layer:fc2|accum[1][16]                                                         ;
; 5:1                ; 24 bits   ; 72 LEs        ; 0 LEs                ; 72 LEs                 ; Yes        ; |model_top|fc_top:fc_pipeline|fc_layer:fc2|accum[2][10]                                                         ;
; 5:1                ; 24 bits   ; 72 LEs        ; 0 LEs                ; 72 LEs                 ; Yes        ; |model_top|fc_top:fc_pipeline|fc_layer:fc2|accum[3][12]                                                         ;
; 5:1                ; 24 bits   ; 72 LEs        ; 0 LEs                ; 72 LEs                 ; Yes        ; |model_top|fc_top:fc_pipeline|fc_layer:fc2|accum[4][23]                                                         ;
; 5:1                ; 24 bits   ; 72 LEs        ; 0 LEs                ; 72 LEs                 ; Yes        ; |model_top|fc_top:fc_pipeline|fc_layer:fc2|accum[5][16]                                                         ;
; 5:1                ; 24 bits   ; 72 LEs        ; 0 LEs                ; 72 LEs                 ; Yes        ; |model_top|fc_top:fc_pipeline|fc_layer:fc2|accum[6][16]                                                         ;
; 5:1                ; 24 bits   ; 72 LEs        ; 0 LEs                ; 72 LEs                 ; Yes        ; |model_top|fc_top:fc_pipeline|fc_layer:fc2|accum[7][16]                                                         ;
; 5:1                ; 24 bits   ; 72 LEs        ; 0 LEs                ; 72 LEs                 ; Yes        ; |model_top|fc_top:fc_pipeline|fc_layer:fc2|accum[8][15]                                                         ;
; 5:1                ; 24 bits   ; 72 LEs        ; 0 LEs                ; 72 LEs                 ; Yes        ; |model_top|fc_top:fc_pipeline|fc_layer:fc2|accum[9][15]                                                         ;
; 5:1                ; 24 bits   ; 72 LEs        ; 0 LEs                ; 72 LEs                 ; Yes        ; |model_top|fc_top:fc_pipeline|fc_layer:fc2|accum[10][15]                                                        ;
; 5:1                ; 24 bits   ; 72 LEs        ; 0 LEs                ; 72 LEs                 ; Yes        ; |model_top|fc_top:fc_pipeline|fc_layer:fc2|accum[11][16]                                                        ;
; 5:1                ; 24 bits   ; 72 LEs        ; 0 LEs                ; 72 LEs                 ; Yes        ; |model_top|fc_top:fc_pipeline|fc_layer:fc2|accum[12][15]                                                        ;
; 5:1                ; 24 bits   ; 72 LEs        ; 0 LEs                ; 72 LEs                 ; Yes        ; |model_top|fc_top:fc_pipeline|fc_layer:fc2|accum[13][16]                                                        ;
; 5:1                ; 24 bits   ; 72 LEs        ; 0 LEs                ; 72 LEs                 ; Yes        ; |model_top|fc_top:fc_pipeline|fc_layer:fc2|accum[14][15]                                                        ;
; 5:1                ; 24 bits   ; 72 LEs        ; 0 LEs                ; 72 LEs                 ; Yes        ; |model_top|fc_top:fc_pipeline|fc_layer:fc2|accum[15][14]                                                        ;
; 5:1                ; 24 bits   ; 72 LEs        ; 0 LEs                ; 72 LEs                 ; Yes        ; |model_top|fc_top:fc_pipeline|fc_layer:fc2|accum[16][14]                                                        ;
; 5:1                ; 24 bits   ; 72 LEs        ; 0 LEs                ; 72 LEs                 ; Yes        ; |model_top|fc_top:fc_pipeline|fc_layer:fc2|accum[17][14]                                                        ;
; 5:1                ; 24 bits   ; 72 LEs        ; 0 LEs                ; 72 LEs                 ; Yes        ; |model_top|fc_top:fc_pipeline|fc_layer:fc2|accum[18][14]                                                        ;
; 5:1                ; 24 bits   ; 72 LEs        ; 0 LEs                ; 72 LEs                 ; Yes        ; |model_top|fc_top:fc_pipeline|fc_layer:fc2|accum[19][14]                                                        ;
; 5:1                ; 24 bits   ; 72 LEs        ; 0 LEs                ; 72 LEs                 ; Yes        ; |model_top|fc_top:fc_pipeline|fc_layer:fc2|accum[20][14]                                                        ;
; 5:1                ; 24 bits   ; 72 LEs        ; 0 LEs                ; 72 LEs                 ; Yes        ; |model_top|fc_top:fc_pipeline|fc_layer:fc2|accum[21][15]                                                        ;
; 5:1                ; 24 bits   ; 72 LEs        ; 0 LEs                ; 72 LEs                 ; Yes        ; |model_top|fc_top:fc_pipeline|fc_layer:fc2|accum[22][14]                                                        ;
; 5:1                ; 24 bits   ; 72 LEs        ; 0 LEs                ; 72 LEs                 ; Yes        ; |model_top|fc_top:fc_pipeline|fc_layer:fc2|accum[23][14]                                                        ;
; 5:1                ; 24 bits   ; 72 LEs        ; 0 LEs                ; 72 LEs                 ; Yes        ; |model_top|fc_top:fc_pipeline|fc_layer:fc2|accum[24][14]                                                        ;
; 5:1                ; 24 bits   ; 72 LEs        ; 0 LEs                ; 72 LEs                 ; Yes        ; |model_top|fc_top:fc_pipeline|fc_layer:fc2|accum[25][14]                                                        ;
; 5:1                ; 24 bits   ; 72 LEs        ; 0 LEs                ; 72 LEs                 ; Yes        ; |model_top|fc_top:fc_pipeline|fc_layer:fc2|accum[26][13]                                                        ;
; 5:1                ; 24 bits   ; 72 LEs        ; 0 LEs                ; 72 LEs                 ; Yes        ; |model_top|fc_top:fc_pipeline|fc_layer:fc2|accum[27][13]                                                        ;
; 5:1                ; 24 bits   ; 72 LEs        ; 0 LEs                ; 72 LEs                 ; Yes        ; |model_top|fc_top:fc_pipeline|fc_layer:fc2|accum[28][13]                                                        ;
; 5:1                ; 24 bits   ; 72 LEs        ; 0 LEs                ; 72 LEs                 ; Yes        ; |model_top|fc_top:fc_pipeline|fc_layer:fc2|accum[29][13]                                                        ;
; 5:1                ; 24 bits   ; 72 LEs        ; 0 LEs                ; 72 LEs                 ; Yes        ; |model_top|fc_top:fc_pipeline|fc_layer:fc2|accum[30][23]                                                        ;
; 5:1                ; 24 bits   ; 72 LEs        ; 0 LEs                ; 72 LEs                 ; Yes        ; |model_top|fc_top:fc_pipeline|fc_layer:fc2|accum[31][1]                                                         ;
; 5:1                ; 24 bits   ; 72 LEs        ; 0 LEs                ; 72 LEs                 ; Yes        ; |model_top|fc_top:fc_pipeline|fc_layer:fc2|accum[32][12]                                                        ;
; 5:1                ; 24 bits   ; 72 LEs        ; 0 LEs                ; 72 LEs                 ; Yes        ; |model_top|fc_top:fc_pipeline|fc_layer:fc2|accum[33][0]                                                         ;
; 5:1                ; 24 bits   ; 72 LEs        ; 0 LEs                ; 72 LEs                 ; Yes        ; |model_top|fc_top:fc_pipeline|fc_layer:fc2|accum[34][12]                                                        ;
; 5:1                ; 24 bits   ; 72 LEs        ; 0 LEs                ; 72 LEs                 ; Yes        ; |model_top|fc_top:fc_pipeline|fc_layer:fc2|accum[35][4]                                                         ;
; 5:1                ; 24 bits   ; 72 LEs        ; 0 LEs                ; 72 LEs                 ; Yes        ; |model_top|fc_top:fc_pipeline|fc_layer:fc2|accum[36][15]                                                        ;
; 5:1                ; 24 bits   ; 72 LEs        ; 0 LEs                ; 72 LEs                 ; Yes        ; |model_top|fc_top:fc_pipeline|fc_layer:fc2|accum[37][23]                                                        ;
; 5:1                ; 24 bits   ; 72 LEs        ; 0 LEs                ; 72 LEs                 ; Yes        ; |model_top|fc_top:fc_pipeline|fc_layer:fc2|accum[38][0]                                                         ;
; 5:1                ; 24 bits   ; 72 LEs        ; 0 LEs                ; 72 LEs                 ; Yes        ; |model_top|fc_top:fc_pipeline|fc_layer:fc2|accum[39][23]                                                        ;
; 5:1                ; 24 bits   ; 72 LEs        ; 0 LEs                ; 72 LEs                 ; Yes        ; |model_top|fc_top:fc_pipeline|fc_layer:fc2|accum[40][18]                                                        ;
; 5:1                ; 24 bits   ; 72 LEs        ; 0 LEs                ; 72 LEs                 ; Yes        ; |model_top|fc_top:fc_pipeline|fc_layer:fc2|accum[41][9]                                                         ;
; 5:1                ; 24 bits   ; 72 LEs        ; 0 LEs                ; 72 LEs                 ; Yes        ; |model_top|fc_top:fc_pipeline|fc_layer:fc2|accum[42][12]                                                        ;
; 5:1                ; 24 bits   ; 72 LEs        ; 0 LEs                ; 72 LEs                 ; Yes        ; |model_top|fc_top:fc_pipeline|fc_layer:fc2|accum[43][21]                                                        ;
; 5:1                ; 24 bits   ; 72 LEs        ; 0 LEs                ; 72 LEs                 ; Yes        ; |model_top|fc_top:fc_pipeline|fc_layer:fc2|accum[44][12]                                                        ;
; 5:1                ; 24 bits   ; 72 LEs        ; 0 LEs                ; 72 LEs                 ; Yes        ; |model_top|fc_top:fc_pipeline|fc_layer:fc2|accum[45][19]                                                        ;
; 5:1                ; 24 bits   ; 72 LEs        ; 0 LEs                ; 72 LEs                 ; Yes        ; |model_top|fc_top:fc_pipeline|fc_layer:fc2|accum[46][11]                                                        ;
; 5:1                ; 24 bits   ; 72 LEs        ; 0 LEs                ; 72 LEs                 ; Yes        ; |model_top|fc_top:fc_pipeline|fc_layer:fc2|accum[47][5]                                                         ;
; 5:1                ; 24 bits   ; 72 LEs        ; 0 LEs                ; 72 LEs                 ; Yes        ; |model_top|fc_top:fc_pipeline|fc_layer:fc2|accum[48][9]                                                         ;
; 5:1                ; 24 bits   ; 72 LEs        ; 0 LEs                ; 72 LEs                 ; Yes        ; |model_top|fc_top:fc_pipeline|fc_layer:fc2|accum[49][23]                                                        ;
; 5:1                ; 24 bits   ; 72 LEs        ; 0 LEs                ; 72 LEs                 ; Yes        ; |model_top|fc_top:fc_pipeline|fc_layer:fc2|accum[50][11]                                                        ;
; 5:1                ; 24 bits   ; 72 LEs        ; 0 LEs                ; 72 LEs                 ; Yes        ; |model_top|fc_top:fc_pipeline|fc_layer:fc2|accum[51][5]                                                         ;
; 5:1                ; 24 bits   ; 72 LEs        ; 0 LEs                ; 72 LEs                 ; Yes        ; |model_top|fc_top:fc_pipeline|fc_layer:fc2|accum[52][23]                                                        ;
; 5:1                ; 24 bits   ; 72 LEs        ; 0 LEs                ; 72 LEs                 ; Yes        ; |model_top|fc_top:fc_pipeline|fc_layer:fc2|accum[53][12]                                                        ;
; 5:1                ; 24 bits   ; 72 LEs        ; 0 LEs                ; 72 LEs                 ; Yes        ; |model_top|fc_top:fc_pipeline|fc_layer:fc2|accum[54][12]                                                        ;
; 5:1                ; 24 bits   ; 72 LEs        ; 0 LEs                ; 72 LEs                 ; Yes        ; |model_top|fc_top:fc_pipeline|fc_layer:fc2|accum[55][23]                                                        ;
; 5:1                ; 24 bits   ; 72 LEs        ; 0 LEs                ; 72 LEs                 ; Yes        ; |model_top|fc_top:fc_pipeline|fc_layer:fc2|accum[56][11]                                                        ;
; 5:1                ; 24 bits   ; 72 LEs        ; 0 LEs                ; 72 LEs                 ; Yes        ; |model_top|fc_top:fc_pipeline|fc_layer:fc2|accum[57][18]                                                        ;
; 5:1                ; 24 bits   ; 72 LEs        ; 0 LEs                ; 72 LEs                 ; Yes        ; |model_top|fc_top:fc_pipeline|fc_layer:fc2|accum[58][18]                                                        ;
; 5:1                ; 24 bits   ; 72 LEs        ; 0 LEs                ; 72 LEs                 ; Yes        ; |model_top|fc_top:fc_pipeline|fc_layer:fc2|accum[59][8]                                                         ;
; 5:1                ; 24 bits   ; 72 LEs        ; 0 LEs                ; 72 LEs                 ; Yes        ; |model_top|fc_top:fc_pipeline|fc_layer:fc2|accum[60][9]                                                         ;
; 5:1                ; 24 bits   ; 72 LEs        ; 0 LEs                ; 72 LEs                 ; Yes        ; |model_top|fc_top:fc_pipeline|fc_layer:fc2|accum[61][21]                                                        ;
; 5:1                ; 24 bits   ; 72 LEs        ; 0 LEs                ; 72 LEs                 ; Yes        ; |model_top|fc_top:fc_pipeline|fc_layer:fc2|accum[62][23]                                                        ;
; 5:1                ; 24 bits   ; 72 LEs        ; 0 LEs                ; 72 LEs                 ; Yes        ; |model_top|fc_top:fc_pipeline|fc_layer:fc2|accum[63][23]                                                        ;
; 5:1                ; 24 bits   ; 72 LEs        ; 0 LEs                ; 72 LEs                 ; Yes        ; |model_top|fc_top:fc_pipeline|fc_layer:fc2|accum[64][20]                                                        ;
; 5:1                ; 24 bits   ; 72 LEs        ; 0 LEs                ; 72 LEs                 ; Yes        ; |model_top|fc_top:fc_pipeline|fc_layer:fc2|accum[65][10]                                                        ;
; 5:1                ; 24 bits   ; 72 LEs        ; 0 LEs                ; 72 LEs                 ; Yes        ; |model_top|fc_top:fc_pipeline|fc_layer:fc2|accum[66][14]                                                        ;
; 5:1                ; 24 bits   ; 72 LEs        ; 0 LEs                ; 72 LEs                 ; Yes        ; |model_top|fc_top:fc_pipeline|fc_layer:fc2|accum[67][23]                                                        ;
; 5:1                ; 24 bits   ; 72 LEs        ; 0 LEs                ; 72 LEs                 ; Yes        ; |model_top|fc_top:fc_pipeline|fc_layer:fc2|accum[68][22]                                                        ;
; 5:1                ; 24 bits   ; 72 LEs        ; 0 LEs                ; 72 LEs                 ; Yes        ; |model_top|fc_top:fc_pipeline|fc_layer:fc2|accum[69][12]                                                        ;
; 5:1                ; 24 bits   ; 72 LEs        ; 0 LEs                ; 72 LEs                 ; Yes        ; |model_top|fc_top:fc_pipeline|fc_layer:fc2|accum[70][2]                                                         ;
; 5:1                ; 24 bits   ; 72 LEs        ; 0 LEs                ; 72 LEs                 ; Yes        ; |model_top|fc_top:fc_pipeline|fc_layer:fc2|accum[71][3]                                                         ;
; 5:1                ; 24 bits   ; 72 LEs        ; 0 LEs                ; 72 LEs                 ; Yes        ; |model_top|fc_top:fc_pipeline|fc_layer:fc2|accum[72][4]                                                         ;
; 5:1                ; 24 bits   ; 72 LEs        ; 0 LEs                ; 72 LEs                 ; Yes        ; |model_top|fc_top:fc_pipeline|fc_layer:fc2|accum[73][7]                                                         ;
; 5:1                ; 24 bits   ; 72 LEs        ; 0 LEs                ; 72 LEs                 ; Yes        ; |model_top|fc_top:fc_pipeline|fc_layer:fc2|accum[74][4]                                                         ;
; 5:1                ; 24 bits   ; 72 LEs        ; 0 LEs                ; 72 LEs                 ; Yes        ; |model_top|fc_top:fc_pipeline|fc_layer:fc2|accum[75][20]                                                        ;
; 5:1                ; 24 bits   ; 72 LEs        ; 0 LEs                ; 72 LEs                 ; Yes        ; |model_top|fc_top:fc_pipeline|fc_layer:fc2|accum[76][18]                                                        ;
; 5:1                ; 24 bits   ; 72 LEs        ; 0 LEs                ; 72 LEs                 ; Yes        ; |model_top|fc_top:fc_pipeline|fc_layer:fc2|accum[77][23]                                                        ;
; 5:1                ; 24 bits   ; 72 LEs        ; 0 LEs                ; 72 LEs                 ; Yes        ; |model_top|fc_top:fc_pipeline|fc_layer:fc2|accum[78][6]                                                         ;
; 5:1                ; 24 bits   ; 72 LEs        ; 0 LEs                ; 72 LEs                 ; Yes        ; |model_top|fc_top:fc_pipeline|fc_layer:fc2|accum[79][16]                                                        ;
; 5:1                ; 24 bits   ; 72 LEs        ; 0 LEs                ; 72 LEs                 ; Yes        ; |model_top|fc_top:fc_pipeline|fc_layer:fc2|accum[80][20]                                                        ;
; 5:1                ; 24 bits   ; 72 LEs        ; 0 LEs                ; 72 LEs                 ; Yes        ; |model_top|fc_top:fc_pipeline|fc_layer:fc2|accum[81][16]                                                        ;
; 5:1                ; 24 bits   ; 72 LEs        ; 0 LEs                ; 72 LEs                 ; Yes        ; |model_top|fc_top:fc_pipeline|fc_layer:fc2|accum[82][8]                                                         ;
; 5:1                ; 24 bits   ; 72 LEs        ; 0 LEs                ; 72 LEs                 ; Yes        ; |model_top|fc_top:fc_pipeline|fc_layer:fc2|accum[83][18]                                                        ;
; 7:1                ; 7 bits    ; 28 LEs        ; 14 LEs               ; 14 LEs                 ; Yes        ; |model_top|fc_top:fc_pipeline|fc_layer:fc2|out_cnt[6]                                                           ;
; 6:1                ; 2 bits    ; 8 LEs         ; 4 LEs                ; 4 LEs                  ; No         ; |model_top|fc_top:fc_pipeline|fc_layer:fc2|Selector2032                                                         ;
; 3:1                ; 8 bits    ; 16 LEs        ; 0 LEs                ; 16 LEs                 ; Yes        ; |model_top|fc_top:fc_pipeline|fc_serializer:ser23|buffer[1331]                                                  ;
; 3:1                ; 664 bits  ; 1328 LEs      ; 0 LEs                ; 1328 LEs               ; Yes        ; |model_top|fc_top:fc_pipeline|fc_serializer:ser23|buffer[803]                                                   ;
; 4:1                ; 3 bits    ; 6 LEs         ; 6 LEs                ; 0 LEs                  ; Yes        ; |model_top|fc_top:fc_pipeline|fc_serializer:ser23|count[6]                                                      ;
; 4:1                ; 5 bits    ; 10 LEs        ; 10 LEs               ; 0 LEs                  ; Yes        ; |model_top|fc_top:fc_pipeline|fc_serializer:ser23|count[3]                                                      ;
; 5:1                ; 7 bits    ; 21 LEs        ; 7 LEs                ; 14 LEs                 ; Yes        ; |model_top|fc_top:fc_pipeline|fc_layer:fc3|in_cnt[6]                                                            ;
; 5:1                ; 24 bits   ; 72 LEs        ; 0 LEs                ; 72 LEs                 ; Yes        ; |model_top|fc_top:fc_pipeline|fc_layer:fc3|accum[0][1]                                                          ;
; 5:1                ; 24 bits   ; 72 LEs        ; 0 LEs                ; 72 LEs                 ; Yes        ; |model_top|fc_top:fc_pipeline|fc_layer:fc3|accum[1][1]                                                          ;
; 5:1                ; 24 bits   ; 72 LEs        ; 0 LEs                ; 72 LEs                 ; Yes        ; |model_top|fc_top:fc_pipeline|fc_layer:fc3|accum[2][19]                                                         ;
; 5:1                ; 24 bits   ; 72 LEs        ; 0 LEs                ; 72 LEs                 ; Yes        ; |model_top|fc_top:fc_pipeline|fc_layer:fc3|accum[3][0]                                                          ;
; 5:1                ; 24 bits   ; 72 LEs        ; 0 LEs                ; 72 LEs                 ; Yes        ; |model_top|fc_top:fc_pipeline|fc_layer:fc3|accum[4][0]                                                          ;
; 5:1                ; 24 bits   ; 72 LEs        ; 0 LEs                ; 72 LEs                 ; Yes        ; |model_top|fc_top:fc_pipeline|fc_layer:fc3|accum[5][8]                                                          ;
; 5:1                ; 24 bits   ; 72 LEs        ; 0 LEs                ; 72 LEs                 ; Yes        ; |model_top|fc_top:fc_pipeline|fc_layer:fc3|accum[6][16]                                                         ;
; 5:1                ; 24 bits   ; 72 LEs        ; 0 LEs                ; 72 LEs                 ; Yes        ; |model_top|fc_top:fc_pipeline|fc_layer:fc3|accum[7][0]                                                          ;
; 5:1                ; 24 bits   ; 72 LEs        ; 0 LEs                ; 72 LEs                 ; Yes        ; |model_top|fc_top:fc_pipeline|fc_layer:fc3|accum[8][17]                                                         ;
; 5:1                ; 24 bits   ; 72 LEs        ; 0 LEs                ; 72 LEs                 ; Yes        ; |model_top|fc_top:fc_pipeline|fc_layer:fc3|accum[9][0]                                                          ;
; 7:1                ; 4 bits    ; 16 LEs        ; 8 LEs                ; 8 LEs                  ; Yes        ; |model_top|fc_top:fc_pipeline|fc_layer:fc3|out_cnt[0]                                                           ;
; 6:1                ; 2 bits    ; 8 LEs         ; 4 LEs                ; 4 LEs                  ; No         ; |model_top|fc_top:fc_pipeline|fc_layer:fc3|Selector256                                                          ;
; 4:1                ; 96 bits   ; 192 LEs       ; 0 LEs                ; 192 LEs                ; Yes        ; |model_top|Systolic_Top:conv2_inst|PE_Array:PE_Array_instance|PE:row[0].col[0].pe_inst|AccumulationRegister[21] ;
; 16:1               ; 32 bits   ; 320 LEs       ; 320 LEs              ; 0 LEs                  ; No         ; |model_top|Mux49                                                                                                ;
; 16:1               ; 24 bits   ; 240 LEs       ; 192 LEs              ; 48 LEs                 ; No         ; |model_top|fc_top:fc_pipeline|fc_layer:fc3|Mux11                                                                ;
; 128:1              ; 26 bits   ; 2210 LEs      ; 2080 LEs             ; 130 LEs                ; No         ; |model_top|fc_top:fc_pipeline|fc_layer:fc1|Mux8                                                                 ;
; 128:1              ; 24 bits   ; 2040 LEs      ; 1392 LEs             ; 648 LEs                ; No         ; |model_top|fc_top:fc_pipeline|fc_layer:fc2|Mux23                                                                ;
; 4:1                ; 416 bits  ; 832 LEs       ; 0 LEs                ; 832 LEs                ; Yes        ; |model_top|Systolic_Top:conv2_inst|PE_Array:PE_Array_instance|PE:row[0].col[3].pe_inst|AccumulationRegister[0]  ;
; 4:1                ; 160 bits  ; 320 LEs       ; 0 LEs                ; 320 LEs                ; Yes        ; |model_top|Systolic_Top:conv1_inst|PE_Array:PE_Array_instance|PE:row[0].col[3].pe_inst|AccumulationRegister[9]  ;
; 5:1                ; 8 bits    ; 24 LEs        ; 0 LEs                ; 24 LEs                 ; Yes        ; |model_top|Systolic_Top:conv2_inst|Mem_ctrl:Mem_ctrl_instance|ReductionCounter[3]                               ;
; 6:1                ; 2 bits    ; 8 LEs         ; 0 LEs                ; 8 LEs                  ; Yes        ; |model_top|pooling_top:pool1_inst|rd_addr[1]                                                                    ;
; 5:1                ; 5 bits    ; 15 LEs        ; 10 LEs               ; 5 LEs                  ; Yes        ; |model_top|Systolic_Top:conv1_inst|Mem_ctrl:Mem_ctrl_instance|ReductionCounter[1]                               ;
; 5:1                ; 6 bits    ; 18 LEs        ; 6 LEs                ; 12 LEs                 ; Yes        ; |model_top|pooling_top:pool2_inst|rd_addr[5]                                                                    ;
; 5:1                ; 8 bits    ; 24 LEs        ; 8 LEs                ; 16 LEs                 ; Yes        ; |model_top|pooling_top:pool1_inst|rd_addr[2]                                                                    ;
; 3:1                ; 2 bits    ; 4 LEs         ; 4 LEs                ; 0 LEs                  ; No         ; |model_top|pooling_top:pool2_inst|tile_idx                                                                      ;
; 3:1                ; 2 bits    ; 4 LEs         ; 4 LEs                ; 0 LEs                  ; No         ; |model_top|pooling_top:pool1_inst|tile_idx                                                                      ;
; 8:1                ; 32 bits   ; 160 LEs       ; 160 LEs              ; 0 LEs                  ; No         ; |model_top|Mux8                                                                                                 ;
; 7:1                ; 2 bits    ; 8 LEs         ; 8 LEs                ; 0 LEs                  ; No         ; |model_top|Systolic_Top:conv2_inst|Mem_ctrl:Mem_ctrl_instance|State                                             ;
; 7:1                ; 2 bits    ; 8 LEs         ; 8 LEs                ; 0 LEs                  ; No         ; |model_top|Systolic_Top:conv2_inst|Mem_ctrl:Mem_ctrl_instance|State                                             ;
; 7:1                ; 2 bits    ; 8 LEs         ; 8 LEs                ; 0 LEs                  ; No         ; |model_top|Systolic_Top:conv1_inst|Mem_ctrl:Mem_ctrl_instance|State                                             ;
; 7:1                ; 2 bits    ; 8 LEs         ; 8 LEs                ; 0 LEs                  ; No         ; |model_top|Systolic_Top:conv1_inst|Mem_ctrl:Mem_ctrl_instance|State                                             ;
; 13:1               ; 7 bits    ; 56 LEs        ; 35 LEs               ; 21 LEs                 ; No         ; |model_top|Selector2                                                                                            ;
; 4:1                ; 352 bits  ; 704 LEs       ; 0 LEs                ; 704 LEs                ; Yes        ; |model_top|Systolic_Top:conv1_inst|PE_Array:PE_Array_instance|PE:row[0].col[5].pe_inst|AccumulationRegister[0]  ;
+--------------------+-----------+---------------+----------------------+------------------------+------------+-----------------------------------------------------------------------------------------------------------------+


+-----------------------------------------------------------------------------------------------------------------+
; Source assignments for fc_top:fc_pipeline|fcl_weight_rom:w3|altsyncram:mem_rtl_0|altsyncram_hvf1:auto_generated ;
+---------------------------------+--------------------+------+---------------------------------------------------+
; Assignment                      ; Value              ; From ; To                                                ;
+---------------------------------+--------------------+------+---------------------------------------------------+
; OPTIMIZE_POWER_DURING_SYNTHESIS ; NORMAL_COMPILATION ; -    ; -                                                 ;
+---------------------------------+--------------------+------+---------------------------------------------------+


+-----------------------------------------------------------------------------------------------------------------+
; Source assignments for fc_top:fc_pipeline|fcl_weight_rom:w1|altsyncram:mem_rtl_0|altsyncram_e2g1:auto_generated ;
+---------------------------------+--------------------+------+---------------------------------------------------+
; Assignment                      ; Value              ; From ; To                                                ;
+---------------------------------+--------------------+------+---------------------------------------------------+
; OPTIMIZE_POWER_DURING_SYNTHESIS ; NORMAL_COMPILATION ; -    ; -                                                 ;
+---------------------------------+--------------------+------+---------------------------------------------------+


+---------------------------------------------------------------------------------------------------------------------+
; Source assignments for Systolic_Top:conv2_inst|weight_mem:w_mem|altsyncram:mem_rtl_0|altsyncram_2qf1:auto_generated ;
+---------------------------------+--------------------+------+-------------------------------------------------------+
; Assignment                      ; Value              ; From ; To                                                    ;
+---------------------------------+--------------------+------+-------------------------------------------------------+
; OPTIMIZE_POWER_DURING_SYNTHESIS ; NORMAL_COMPILATION ; -    ; -                                                     ;
+---------------------------------+--------------------+------+-------------------------------------------------------+


+-----------------------------------------------------------------------------------------------------------------+
; Source assignments for fc_top:fc_pipeline|fcl_weight_rom:w2|altsyncram:mem_rtl_0|altsyncram_j0g1:auto_generated ;
+---------------------------------+--------------------+------+---------------------------------------------------+
; Assignment                      ; Value              ; From ; To                                                ;
+---------------------------------+--------------------+------+---------------------------------------------------+
; OPTIMIZE_POWER_DURING_SYNTHESIS ; NORMAL_COMPILATION ; -    ; -                                                 ;
+---------------------------------+--------------------+------+---------------------------------------------------+


+--------------------------------------------------------------------------------------------------------------------+
; Source assignments for Systolic_Top:conv2_inst|ofmap_mem:o_mem|altsyncram:mem_rtl_0|altsyncram_beu1:auto_generated ;
+---------------------------------+--------------------+------+------------------------------------------------------+
; Assignment                      ; Value              ; From ; To                                                   ;
+---------------------------------+--------------------+------+------------------------------------------------------+
; OPTIMIZE_POWER_DURING_SYNTHESIS ; NORMAL_COMPILATION ; -    ; -                                                    ;
+---------------------------------+--------------------+------+------------------------------------------------------+


+--------------------------------------------------------------------------------------------------------------------+
; Source assignments for Systolic_Top:conv2_inst|ifmap_mem:i_mem|altsyncram:mem_rtl_0|altsyncram_o5u1:auto_generated ;
+---------------------------------+--------------------+------+------------------------------------------------------+
; Assignment                      ; Value              ; From ; To                                                   ;
+---------------------------------+--------------------+------+------------------------------------------------------+
; OPTIMIZE_POWER_DURING_SYNTHESIS ; NORMAL_COMPILATION ; -    ; -                                                    ;
+---------------------------------+--------------------+------+------------------------------------------------------+


+-----------------------------------------------------------------------------------------------------------+
; Source assignments for dual_port_bram:pool2_to_fc_buf|altsyncram:ram_rtl_0|altsyncram_43q1:auto_generated ;
+---------------------------------+--------------------+------+---------------------------------------------+
; Assignment                      ; Value              ; From ; To                                          ;
+---------------------------------+--------------------+------+---------------------------------------------+
; OPTIMIZE_POWER_DURING_SYNTHESIS ; NORMAL_COMPILATION ; -    ; -                                           ;
+---------------------------------+--------------------+------+---------------------------------------------+


+--------------------------------------------------------------------------------------------------------------------+
; Source assignments for Systolic_Top:conv1_inst|ofmap_mem:o_mem|altsyncram:mem_rtl_0|altsyncram_beu1:auto_generated ;
+---------------------------------+--------------------+------+------------------------------------------------------+
; Assignment                      ; Value              ; From ; To                                                   ;
+---------------------------------+--------------------+------+------------------------------------------------------+
; OPTIMIZE_POWER_DURING_SYNTHESIS ; NORMAL_COMPILATION ; -    ; -                                                    ;
+---------------------------------+--------------------+------+------------------------------------------------------+


+---------------------------------------------------------------------------------------------------------------------+
; Source assignments for Systolic_Top:conv1_inst|weight_mem:w_mem|altsyncram:mem_rtl_0|altsyncram_4nf1:auto_generated ;
+---------------------------------+--------------------+------+-------------------------------------------------------+
; Assignment                      ; Value              ; From ; To                                                    ;
+---------------------------------+--------------------+------+-------------------------------------------------------+
; OPTIMIZE_POWER_DURING_SYNTHESIS ; NORMAL_COMPILATION ; -    ; -                                                     ;
+---------------------------------+--------------------+------+-------------------------------------------------------+


+--------------------------------------------------------------------------------------------------------------------+
; Source assignments for Systolic_Top:conv1_inst|ifmap_mem:i_mem|altsyncram:mem_rtl_0|altsyncram_fef1:auto_generated ;
+---------------------------------+--------------------+------+------------------------------------------------------+
; Assignment                      ; Value              ; From ; To                                                   ;
+---------------------------------+--------------------+------+------------------------------------------------------+
; OPTIMIZE_POWER_DURING_SYNTHESIS ; NORMAL_COMPILATION ; -    ; -                                                    ;
+---------------------------------+--------------------+------+------------------------------------------------------+


+---------------------------------------------------------------------------+
; Parameter Settings for User Entity Instance: Top-level Entity: |model_top ;
+----------------+-------+--------------------------------------------------+
; Parameter Name ; Value ; Type                                             ;
+----------------+-------+--------------------------------------------------+
; DATA_WIDTH     ; 8     ; Signed Integer                                   ;
; ACCUM_WIDTH    ; 32    ; Signed Integer                                   ;
; WIDTH          ; 8     ; Signed Integer                                   ;
+----------------+-------+--------------------------------------------------+
Note: In order to hide this table in the UI and the text report file, please set the "Show Parameter Settings in Synthesis Report" option in "Analysis and Synthesis Settings -> More Settings" to "Off".


+----------------------------------------------------------------------+
; Parameter Settings for User Entity Instance: Systolic_Top:conv1_inst ;
+------------------------------+-------+-------------------------------+
; Parameter Name               ; Value ; Type                          ;
+------------------------------+-------+-------------------------------+
; PeArrayRows                  ; 1     ; Signed Integer                ;
; PeArrayColumns               ; 16    ; Signed Integer                ;
; WeightBitWidth               ; 8     ; Signed Integer                ;
; InputFeatureMapBitWidth      ; 8     ; Signed Integer                ;
; OutputFeatureMapBitWidth     ; 32    ; Signed Integer                ;
; InputFeatureMapSigned        ; 1     ; Signed Integer                ;
; WeightAddressBit             ; 11    ; Signed Integer                ;
; InputFeatureMapAddressBit    ; 10    ; Signed Integer                ;
; OutputFeatureMapAddressBit   ; 10    ; Signed Integer                ;
; OutputFeatureMapChannelCount ; 6     ; Signed Integer                ;
; InputFeatureMapChannelCount  ; 1     ; Signed Integer                ;
; WeightWidth                  ; 5     ; Signed Integer                ;
; WeightHeight                 ; 5     ; Signed Integer                ;
; InputFeatureMapWidth         ; 32    ; Signed Integer                ;
; InputFeatureMapHeight        ; 32    ; Signed Integer                ;
; OutputFeatureMapWidth        ; 28    ; Signed Integer                ;
; OutputFeatureMapHeight       ; 28    ; Signed Integer                ;
; InputFeatureMapDataPath      ;       ; String                        ;
; WeightDataPath               ;       ; String                        ;
; OutputFeatureMapDataPath     ;       ; String                        ;
+------------------------------+-------+-------------------------------+
Note: In order to hide this table in the UI and the text report file, please set the "Show Parameter Settings in Synthesis Report" option in "Analysis and Synthesis Settings -> More Settings" to "Off".


+-------------------------------------------------------------------------------------------------+
; Parameter Settings for User Entity Instance: Systolic_Top:conv1_inst|PE_Array:PE_Array_instance ;
+-----------------------------+-------+-----------------------------------------------------------+
; Parameter Name              ; Value ; Type                                                      ;
+-----------------------------+-------+-----------------------------------------------------------+
; PeArrayRows                 ; 1     ; Signed Integer                                            ;
; PeArrayColumns              ; 16    ; Signed Integer                                            ;
; InputFeatureMapChannelCount ; 1     ; Signed Integer                                            ;
; InputFeatureMapBitWidth     ; 8     ; Signed Integer                                            ;
; WeightBitWidth              ; 8     ; Signed Integer                                            ;
; OutputFeatureMapBitWidth    ; 32    ; Signed Integer                                            ;
; InputFeatureMapSigned       ; 1     ; Signed Integer                                            ;
+-----------------------------+-------+-----------------------------------------------------------+
Note: In order to hide this table in the UI and the text report file, please set the "Show Parameter Settings in Synthesis Report" option in "Analysis and Synthesis Settings -> More Settings" to "Off".


+--------------------------------------------------------------------------------------------------------------------------+
; Parameter Settings for User Entity Instance: Systolic_Top:conv1_inst|PE_Array:PE_Array_instance|PE:row[0].col[0].pe_inst ;
+--------------------------+-------+---------------------------------------------------------------------------------------+
; Parameter Name           ; Value ; Type                                                                                  ;
+--------------------------+-------+---------------------------------------------------------------------------------------+
; InputFeatureMapBitWidth  ; 8     ; Signed Integer                                                                        ;
; WeightBitWidth           ; 8     ; Signed Integer                                                                        ;
; OutputFeatureMapBitWidth ; 32    ; Signed Integer                                                                        ;
; InputFeatureMapSigned    ; 1     ; Signed Integer                                                                        ;
+--------------------------+-------+---------------------------------------------------------------------------------------+
Note: In order to hide this table in the UI and the text report file, please set the "Show Parameter Settings in Synthesis Report" option in "Analysis and Synthesis Settings -> More Settings" to "Off".


+--------------------------------------------------------------------------------------------------------------------------+
; Parameter Settings for User Entity Instance: Systolic_Top:conv1_inst|PE_Array:PE_Array_instance|PE:row[0].col[1].pe_inst ;
+--------------------------+-------+---------------------------------------------------------------------------------------+
; Parameter Name           ; Value ; Type                                                                                  ;
+--------------------------+-------+---------------------------------------------------------------------------------------+
; InputFeatureMapBitWidth  ; 8     ; Signed Integer                                                                        ;
; WeightBitWidth           ; 8     ; Signed Integer                                                                        ;
; OutputFeatureMapBitWidth ; 32    ; Signed Integer                                                                        ;
; InputFeatureMapSigned    ; 1     ; Signed Integer                                                                        ;
+--------------------------+-------+---------------------------------------------------------------------------------------+
Note: In order to hide this table in the UI and the text report file, please set the "Show Parameter Settings in Synthesis Report" option in "Analysis and Synthesis Settings -> More Settings" to "Off".


+--------------------------------------------------------------------------------------------------------------------------+
; Parameter Settings for User Entity Instance: Systolic_Top:conv1_inst|PE_Array:PE_Array_instance|PE:row[0].col[2].pe_inst ;
+--------------------------+-------+---------------------------------------------------------------------------------------+
; Parameter Name           ; Value ; Type                                                                                  ;
+--------------------------+-------+---------------------------------------------------------------------------------------+
; InputFeatureMapBitWidth  ; 8     ; Signed Integer                                                                        ;
; WeightBitWidth           ; 8     ; Signed Integer                                                                        ;
; OutputFeatureMapBitWidth ; 32    ; Signed Integer                                                                        ;
; InputFeatureMapSigned    ; 1     ; Signed Integer                                                                        ;
+--------------------------+-------+---------------------------------------------------------------------------------------+
Note: In order to hide this table in the UI and the text report file, please set the "Show Parameter Settings in Synthesis Report" option in "Analysis and Synthesis Settings -> More Settings" to "Off".


+--------------------------------------------------------------------------------------------------------------------------+
; Parameter Settings for User Entity Instance: Systolic_Top:conv1_inst|PE_Array:PE_Array_instance|PE:row[0].col[3].pe_inst ;
+--------------------------+-------+---------------------------------------------------------------------------------------+
; Parameter Name           ; Value ; Type                                                                                  ;
+--------------------------+-------+---------------------------------------------------------------------------------------+
; InputFeatureMapBitWidth  ; 8     ; Signed Integer                                                                        ;
; WeightBitWidth           ; 8     ; Signed Integer                                                                        ;
; OutputFeatureMapBitWidth ; 32    ; Signed Integer                                                                        ;
; InputFeatureMapSigned    ; 1     ; Signed Integer                                                                        ;
+--------------------------+-------+---------------------------------------------------------------------------------------+
Note: In order to hide this table in the UI and the text report file, please set the "Show Parameter Settings in Synthesis Report" option in "Analysis and Synthesis Settings -> More Settings" to "Off".


+--------------------------------------------------------------------------------------------------------------------------+
; Parameter Settings for User Entity Instance: Systolic_Top:conv1_inst|PE_Array:PE_Array_instance|PE:row[0].col[4].pe_inst ;
+--------------------------+-------+---------------------------------------------------------------------------------------+
; Parameter Name           ; Value ; Type                                                                                  ;
+--------------------------+-------+---------------------------------------------------------------------------------------+
; InputFeatureMapBitWidth  ; 8     ; Signed Integer                                                                        ;
; WeightBitWidth           ; 8     ; Signed Integer                                                                        ;
; OutputFeatureMapBitWidth ; 32    ; Signed Integer                                                                        ;
; InputFeatureMapSigned    ; 1     ; Signed Integer                                                                        ;
+--------------------------+-------+---------------------------------------------------------------------------------------+
Note: In order to hide this table in the UI and the text report file, please set the "Show Parameter Settings in Synthesis Report" option in "Analysis and Synthesis Settings -> More Settings" to "Off".


+--------------------------------------------------------------------------------------------------------------------------+
; Parameter Settings for User Entity Instance: Systolic_Top:conv1_inst|PE_Array:PE_Array_instance|PE:row[0].col[5].pe_inst ;
+--------------------------+-------+---------------------------------------------------------------------------------------+
; Parameter Name           ; Value ; Type                                                                                  ;
+--------------------------+-------+---------------------------------------------------------------------------------------+
; InputFeatureMapBitWidth  ; 8     ; Signed Integer                                                                        ;
; WeightBitWidth           ; 8     ; Signed Integer                                                                        ;
; OutputFeatureMapBitWidth ; 32    ; Signed Integer                                                                        ;
; InputFeatureMapSigned    ; 1     ; Signed Integer                                                                        ;
+--------------------------+-------+---------------------------------------------------------------------------------------+
Note: In order to hide this table in the UI and the text report file, please set the "Show Parameter Settings in Synthesis Report" option in "Analysis and Synthesis Settings -> More Settings" to "Off".


+--------------------------------------------------------------------------------------------------------------------------+
; Parameter Settings for User Entity Instance: Systolic_Top:conv1_inst|PE_Array:PE_Array_instance|PE:row[0].col[6].pe_inst ;
+--------------------------+-------+---------------------------------------------------------------------------------------+
; Parameter Name           ; Value ; Type                                                                                  ;
+--------------------------+-------+---------------------------------------------------------------------------------------+
; InputFeatureMapBitWidth  ; 8     ; Signed Integer                                                                        ;
; WeightBitWidth           ; 8     ; Signed Integer                                                                        ;
; OutputFeatureMapBitWidth ; 32    ; Signed Integer                                                                        ;
; InputFeatureMapSigned    ; 1     ; Signed Integer                                                                        ;
+--------------------------+-------+---------------------------------------------------------------------------------------+
Note: In order to hide this table in the UI and the text report file, please set the "Show Parameter Settings in Synthesis Report" option in "Analysis and Synthesis Settings -> More Settings" to "Off".


+--------------------------------------------------------------------------------------------------------------------------+
; Parameter Settings for User Entity Instance: Systolic_Top:conv1_inst|PE_Array:PE_Array_instance|PE:row[0].col[7].pe_inst ;
+--------------------------+-------+---------------------------------------------------------------------------------------+
; Parameter Name           ; Value ; Type                                                                                  ;
+--------------------------+-------+---------------------------------------------------------------------------------------+
; InputFeatureMapBitWidth  ; 8     ; Signed Integer                                                                        ;
; WeightBitWidth           ; 8     ; Signed Integer                                                                        ;
; OutputFeatureMapBitWidth ; 32    ; Signed Integer                                                                        ;
; InputFeatureMapSigned    ; 1     ; Signed Integer                                                                        ;
+--------------------------+-------+---------------------------------------------------------------------------------------+
Note: In order to hide this table in the UI and the text report file, please set the "Show Parameter Settings in Synthesis Report" option in "Analysis and Synthesis Settings -> More Settings" to "Off".


+--------------------------------------------------------------------------------------------------------------------------+
; Parameter Settings for User Entity Instance: Systolic_Top:conv1_inst|PE_Array:PE_Array_instance|PE:row[0].col[8].pe_inst ;
+--------------------------+-------+---------------------------------------------------------------------------------------+
; Parameter Name           ; Value ; Type                                                                                  ;
+--------------------------+-------+---------------------------------------------------------------------------------------+
; InputFeatureMapBitWidth  ; 8     ; Signed Integer                                                                        ;
; WeightBitWidth           ; 8     ; Signed Integer                                                                        ;
; OutputFeatureMapBitWidth ; 32    ; Signed Integer                                                                        ;
; InputFeatureMapSigned    ; 1     ; Signed Integer                                                                        ;
+--------------------------+-------+---------------------------------------------------------------------------------------+
Note: In order to hide this table in the UI and the text report file, please set the "Show Parameter Settings in Synthesis Report" option in "Analysis and Synthesis Settings -> More Settings" to "Off".


+--------------------------------------------------------------------------------------------------------------------------+
; Parameter Settings for User Entity Instance: Systolic_Top:conv1_inst|PE_Array:PE_Array_instance|PE:row[0].col[9].pe_inst ;
+--------------------------+-------+---------------------------------------------------------------------------------------+
; Parameter Name           ; Value ; Type                                                                                  ;
+--------------------------+-------+---------------------------------------------------------------------------------------+
; InputFeatureMapBitWidth  ; 8     ; Signed Integer                                                                        ;
; WeightBitWidth           ; 8     ; Signed Integer                                                                        ;
; OutputFeatureMapBitWidth ; 32    ; Signed Integer                                                                        ;
; InputFeatureMapSigned    ; 1     ; Signed Integer                                                                        ;
+--------------------------+-------+---------------------------------------------------------------------------------------+
Note: In order to hide this table in the UI and the text report file, please set the "Show Parameter Settings in Synthesis Report" option in "Analysis and Synthesis Settings -> More Settings" to "Off".


+---------------------------------------------------------------------------------------------------------------------------+
; Parameter Settings for User Entity Instance: Systolic_Top:conv1_inst|PE_Array:PE_Array_instance|PE:row[0].col[10].pe_inst ;
+--------------------------+-------+----------------------------------------------------------------------------------------+
; Parameter Name           ; Value ; Type                                                                                   ;
+--------------------------+-------+----------------------------------------------------------------------------------------+
; InputFeatureMapBitWidth  ; 8     ; Signed Integer                                                                         ;
; WeightBitWidth           ; 8     ; Signed Integer                                                                         ;
; OutputFeatureMapBitWidth ; 32    ; Signed Integer                                                                         ;
; InputFeatureMapSigned    ; 1     ; Signed Integer                                                                         ;
+--------------------------+-------+----------------------------------------------------------------------------------------+
Note: In order to hide this table in the UI and the text report file, please set the "Show Parameter Settings in Synthesis Report" option in "Analysis and Synthesis Settings -> More Settings" to "Off".


+---------------------------------------------------------------------------------------------------------------------------+
; Parameter Settings for User Entity Instance: Systolic_Top:conv1_inst|PE_Array:PE_Array_instance|PE:row[0].col[11].pe_inst ;
+--------------------------+-------+----------------------------------------------------------------------------------------+
; Parameter Name           ; Value ; Type                                                                                   ;
+--------------------------+-------+----------------------------------------------------------------------------------------+
; InputFeatureMapBitWidth  ; 8     ; Signed Integer                                                                         ;
; WeightBitWidth           ; 8     ; Signed Integer                                                                         ;
; OutputFeatureMapBitWidth ; 32    ; Signed Integer                                                                         ;
; InputFeatureMapSigned    ; 1     ; Signed Integer                                                                         ;
+--------------------------+-------+----------------------------------------------------------------------------------------+
Note: In order to hide this table in the UI and the text report file, please set the "Show Parameter Settings in Synthesis Report" option in "Analysis and Synthesis Settings -> More Settings" to "Off".


+---------------------------------------------------------------------------------------------------------------------------+
; Parameter Settings for User Entity Instance: Systolic_Top:conv1_inst|PE_Array:PE_Array_instance|PE:row[0].col[12].pe_inst ;
+--------------------------+-------+----------------------------------------------------------------------------------------+
; Parameter Name           ; Value ; Type                                                                                   ;
+--------------------------+-------+----------------------------------------------------------------------------------------+
; InputFeatureMapBitWidth  ; 8     ; Signed Integer                                                                         ;
; WeightBitWidth           ; 8     ; Signed Integer                                                                         ;
; OutputFeatureMapBitWidth ; 32    ; Signed Integer                                                                         ;
; InputFeatureMapSigned    ; 1     ; Signed Integer                                                                         ;
+--------------------------+-------+----------------------------------------------------------------------------------------+
Note: In order to hide this table in the UI and the text report file, please set the "Show Parameter Settings in Synthesis Report" option in "Analysis and Synthesis Settings -> More Settings" to "Off".


+---------------------------------------------------------------------------------------------------------------------------+
; Parameter Settings for User Entity Instance: Systolic_Top:conv1_inst|PE_Array:PE_Array_instance|PE:row[0].col[13].pe_inst ;
+--------------------------+-------+----------------------------------------------------------------------------------------+
; Parameter Name           ; Value ; Type                                                                                   ;
+--------------------------+-------+----------------------------------------------------------------------------------------+
; InputFeatureMapBitWidth  ; 8     ; Signed Integer                                                                         ;
; WeightBitWidth           ; 8     ; Signed Integer                                                                         ;
; OutputFeatureMapBitWidth ; 32    ; Signed Integer                                                                         ;
; InputFeatureMapSigned    ; 1     ; Signed Integer                                                                         ;
+--------------------------+-------+----------------------------------------------------------------------------------------+
Note: In order to hide this table in the UI and the text report file, please set the "Show Parameter Settings in Synthesis Report" option in "Analysis and Synthesis Settings -> More Settings" to "Off".


+---------------------------------------------------------------------------------------------------------------------------+
; Parameter Settings for User Entity Instance: Systolic_Top:conv1_inst|PE_Array:PE_Array_instance|PE:row[0].col[14].pe_inst ;
+--------------------------+-------+----------------------------------------------------------------------------------------+
; Parameter Name           ; Value ; Type                                                                                   ;
+--------------------------+-------+----------------------------------------------------------------------------------------+
; InputFeatureMapBitWidth  ; 8     ; Signed Integer                                                                         ;
; WeightBitWidth           ; 8     ; Signed Integer                                                                         ;
; OutputFeatureMapBitWidth ; 32    ; Signed Integer                                                                         ;
; InputFeatureMapSigned    ; 1     ; Signed Integer                                                                         ;
+--------------------------+-------+----------------------------------------------------------------------------------------+
Note: In order to hide this table in the UI and the text report file, please set the "Show Parameter Settings in Synthesis Report" option in "Analysis and Synthesis Settings -> More Settings" to "Off".


+---------------------------------------------------------------------------------------------------------------------------+
; Parameter Settings for User Entity Instance: Systolic_Top:conv1_inst|PE_Array:PE_Array_instance|PE:row[0].col[15].pe_inst ;
+--------------------------+-------+----------------------------------------------------------------------------------------+
; Parameter Name           ; Value ; Type                                                                                   ;
+--------------------------+-------+----------------------------------------------------------------------------------------+
; InputFeatureMapBitWidth  ; 8     ; Signed Integer                                                                         ;
; WeightBitWidth           ; 8     ; Signed Integer                                                                         ;
; OutputFeatureMapBitWidth ; 32    ; Signed Integer                                                                         ;
; InputFeatureMapSigned    ; 1     ; Signed Integer                                                                         ;
+--------------------------+-------+----------------------------------------------------------------------------------------+
Note: In order to hide this table in the UI and the text report file, please set the "Show Parameter Settings in Synthesis Report" option in "Analysis and Synthesis Settings -> More Settings" to "Off".


+-------------------------------------------------------------------------------------------------+
; Parameter Settings for User Entity Instance: Systolic_Top:conv1_inst|Mem_ctrl:Mem_ctrl_instance ;
+------------------------------+-------+----------------------------------------------------------+
; Parameter Name               ; Value ; Type                                                     ;
+------------------------------+-------+----------------------------------------------------------+
; PeArrayRows                  ; 1     ; Signed Integer                                           ;
; PeArrayColumns               ; 16    ; Signed Integer                                           ;
; WeightBitWidth               ; 8     ; Signed Integer                                           ;
; InputFeatureMapBitWidth      ; 8     ; Signed Integer                                           ;
; OutputFeatureMapBitWidth     ; 32    ; Signed Integer                                           ;
; WeightAddressBit             ; 11    ; Signed Integer                                           ;
; InputFeatureMapAddressBit    ; 10    ; Signed Integer                                           ;
; OutputFeatureMapAddressBit   ; 10    ; Signed Integer                                           ;
; OutputFeatureMapChannelCount ; 6     ; Signed Integer                                           ;
; InputFeatureMapChannelCount  ; 1     ; Signed Integer                                           ;
; WeightWidth                  ; 5     ; Signed Integer                                           ;
; WeightHeight                 ; 5     ; Signed Integer                                           ;
; InputFeatureMapWidth         ; 32    ; Signed Integer                                           ;
; InputFeatureMapHeight        ; 32    ; Signed Integer                                           ;
; OutputFeatureMapWidth        ; 28    ; Signed Integer                                           ;
; OutputFeatureMapHeight       ; 28    ; Signed Integer                                           ;
+------------------------------+-------+----------------------------------------------------------+
Note: In order to hide this table in the UI and the text report file, please set the "Show Parameter Settings in Synthesis Report" option in "Analysis and Synthesis Settings -> More Settings" to "Off".


+--------------------------------------------------------------------------------------+
; Parameter Settings for User Entity Instance: Systolic_Top:conv1_inst|ifmap_mem:i_mem ;
+-----------------------------+-------+------------------------------------------------+
; Parameter Name              ; Value ; Type                                           ;
+-----------------------------+-------+------------------------------------------------+
; Width                       ; 8     ; Signed Integer                                 ;
; Depth                       ; 1024  ; Signed Integer                                 ;
; DataBitWidth                ; 8     ; Signed Integer                                 ;
; PeArrayRows                 ; 1     ; Signed Integer                                 ;
; InputFeatureMapChannelCount ; 1     ; Signed Integer                                 ;
; InputFeatureMapWidth        ; 32    ; Signed Integer                                 ;
; InputFeatureMapHeight       ; 32    ; Signed Integer                                 ;
; INIT_FILE                   ;       ; String                                         ;
+-----------------------------+-------+------------------------------------------------+
Note: In order to hide this table in the UI and the text report file, please set the "Show Parameter Settings in Synthesis Report" option in "Analysis and Synthesis Settings -> More Settings" to "Off".


+---------------------------------------------------------------------------------------+
; Parameter Settings for User Entity Instance: Systolic_Top:conv1_inst|weight_mem:w_mem ;
+------------------------------+-------+------------------------------------------------+
; Parameter Name               ; Value ; Type                                           ;
+------------------------------+-------+------------------------------------------------+
; Width                        ; 128   ; Signed Integer                                 ;
; Depth                        ; 2048  ; Signed Integer                                 ;
; DataBitWidth                 ; 8     ; Signed Integer                                 ;
; PeArrayRows                  ; 1     ; Signed Integer                                 ;
; PeArrayColumns               ; 16    ; Signed Integer                                 ;
; OutputFeatureMapChannelCount ; 6     ; Signed Integer                                 ;
; InputFeatureMapChannelCount  ; 1     ; Signed Integer                                 ;
; WeightWidth                  ; 5     ; Signed Integer                                 ;
; WeightHeight                 ; 5     ; Signed Integer                                 ;
; INIT_FILE                    ;       ; String                                         ;
+------------------------------+-------+------------------------------------------------+
Note: In order to hide this table in the UI and the text report file, please set the "Show Parameter Settings in Synthesis Report" option in "Analysis and Synthesis Settings -> More Settings" to "Off".


+--------------------------------------------------------------------------------------+
; Parameter Settings for User Entity Instance: Systolic_Top:conv1_inst|ofmap_mem:o_mem ;
+----------------+-------+-------------------------------------------------------------+
; Parameter Name ; Value ; Type                                                        ;
+----------------+-------+-------------------------------------------------------------+
; Width          ; 512   ; Signed Integer                                              ;
; Depth          ; 1024  ; Signed Integer                                              ;
; DataBitWidth   ; 32    ; Signed Integer                                              ;
; PeArrayColumns ; 16    ; Signed Integer                                              ;
; INIT_FILE      ;       ; String                                                      ;
+----------------+-------+-------------------------------------------------------------+
Note: In order to hide this table in the UI and the text report file, please set the "Show Parameter Settings in Synthesis Report" option in "Analysis and Synthesis Settings -> More Settings" to "Off".


+---------------------------------------------------------------------+
; Parameter Settings for User Entity Instance: pooling_top:pool1_inst ;
+----------------+-------+--------------------------------------------+
; Parameter Name ; Value ; Type                                       ;
+----------------+-------+--------------------------------------------+
; WIDTH          ; 18    ; Signed Integer                             ;
; IMG_WIDTH      ; 28    ; Signed Integer                             ;
; CHANNELS       ; 6     ; Signed Integer                             ;
+----------------+-------+--------------------------------------------+
Note: In order to hide this table in the UI and the text report file, please set the "Show Parameter Settings in Synthesis Report" option in "Analysis and Synthesis Settings -> More Settings" to "Off".


+--------------------------------------------------------------------------------------------+
; Parameter Settings for User Entity Instance: pooling_top:pool1_inst|pooling_layer:dut_pool ;
+----------------+-------+-------------------------------------------------------------------+
; Parameter Name ; Value ; Type                                                              ;
+----------------+-------+-------------------------------------------------------------------+
; IN_WIDTH       ; 18    ; Signed Integer                                                    ;
; OUT_WIDTH      ; 8     ; Signed Integer                                                    ;
; SHIFT          ; 2     ; Signed Integer                                                    ;
+----------------+-------+-------------------------------------------------------------------+
Note: In order to hide this table in the UI and the text report file, please set the "Show Parameter Settings in Synthesis Report" option in "Analysis and Synthesis Settings -> More Settings" to "Off".


+----------------------------------------------------------------------+
; Parameter Settings for User Entity Instance: Systolic_Top:conv2_inst ;
+------------------------------+-------+-------------------------------+
; Parameter Name               ; Value ; Type                          ;
+------------------------------+-------+-------------------------------+
; PeArrayRows                  ; 1     ; Signed Integer                ;
; PeArrayColumns               ; 16    ; Signed Integer                ;
; WeightBitWidth               ; 8     ; Signed Integer                ;
; InputFeatureMapBitWidth      ; 8     ; Signed Integer                ;
; OutputFeatureMapBitWidth     ; 32    ; Signed Integer                ;
; InputFeatureMapSigned        ; 0     ; Signed Integer                ;
; WeightAddressBit             ; 11    ; Signed Integer                ;
; InputFeatureMapAddressBit    ; 11    ; Signed Integer                ;
; OutputFeatureMapAddressBit   ; 10    ; Signed Integer                ;
; OutputFeatureMapChannelCount ; 16    ; Signed Integer                ;
; InputFeatureMapChannelCount  ; 6     ; Signed Integer                ;
; WeightWidth                  ; 5     ; Signed Integer                ;
; WeightHeight                 ; 5     ; Signed Integer                ;
; InputFeatureMapWidth         ; 14    ; Signed Integer                ;
; InputFeatureMapHeight        ; 14    ; Signed Integer                ;
; OutputFeatureMapWidth        ; 10    ; Signed Integer                ;
; OutputFeatureMapHeight       ; 10    ; Signed Integer                ;
; InputFeatureMapDataPath      ;       ; String                        ;
; WeightDataPath               ;       ; String                        ;
; OutputFeatureMapDataPath     ;       ; String                        ;
+------------------------------+-------+-------------------------------+
Note: In order to hide this table in the UI and the text report file, please set the "Show Parameter Settings in Synthesis Report" option in "Analysis and Synthesis Settings -> More Settings" to "Off".


+-------------------------------------------------------------------------------------------------+
; Parameter Settings for User Entity Instance: Systolic_Top:conv2_inst|PE_Array:PE_Array_instance ;
+-----------------------------+-------+-----------------------------------------------------------+
; Parameter Name              ; Value ; Type                                                      ;
+-----------------------------+-------+-----------------------------------------------------------+
; PeArrayRows                 ; 1     ; Signed Integer                                            ;
; PeArrayColumns              ; 16    ; Signed Integer                                            ;
; InputFeatureMapChannelCount ; 6     ; Signed Integer                                            ;
; InputFeatureMapBitWidth     ; 8     ; Signed Integer                                            ;
; WeightBitWidth              ; 8     ; Signed Integer                                            ;
; OutputFeatureMapBitWidth    ; 32    ; Signed Integer                                            ;
; InputFeatureMapSigned       ; 0     ; Signed Integer                                            ;
+-----------------------------+-------+-----------------------------------------------------------+
Note: In order to hide this table in the UI and the text report file, please set the "Show Parameter Settings in Synthesis Report" option in "Analysis and Synthesis Settings -> More Settings" to "Off".


+--------------------------------------------------------------------------------------------------------------------------+
; Parameter Settings for User Entity Instance: Systolic_Top:conv2_inst|PE_Array:PE_Array_instance|PE:row[0].col[0].pe_inst ;
+--------------------------+-------+---------------------------------------------------------------------------------------+
; Parameter Name           ; Value ; Type                                                                                  ;
+--------------------------+-------+---------------------------------------------------------------------------------------+
; InputFeatureMapBitWidth  ; 8     ; Signed Integer                                                                        ;
; WeightBitWidth           ; 8     ; Signed Integer                                                                        ;
; OutputFeatureMapBitWidth ; 32    ; Signed Integer                                                                        ;
; InputFeatureMapSigned    ; 0     ; Signed Integer                                                                        ;
+--------------------------+-------+---------------------------------------------------------------------------------------+
Note: In order to hide this table in the UI and the text report file, please set the "Show Parameter Settings in Synthesis Report" option in "Analysis and Synthesis Settings -> More Settings" to "Off".


+--------------------------------------------------------------------------------------------------------------------------+
; Parameter Settings for User Entity Instance: Systolic_Top:conv2_inst|PE_Array:PE_Array_instance|PE:row[0].col[1].pe_inst ;
+--------------------------+-------+---------------------------------------------------------------------------------------+
; Parameter Name           ; Value ; Type                                                                                  ;
+--------------------------+-------+---------------------------------------------------------------------------------------+
; InputFeatureMapBitWidth  ; 8     ; Signed Integer                                                                        ;
; WeightBitWidth           ; 8     ; Signed Integer                                                                        ;
; OutputFeatureMapBitWidth ; 32    ; Signed Integer                                                                        ;
; InputFeatureMapSigned    ; 0     ; Signed Integer                                                                        ;
+--------------------------+-------+---------------------------------------------------------------------------------------+
Note: In order to hide this table in the UI and the text report file, please set the "Show Parameter Settings in Synthesis Report" option in "Analysis and Synthesis Settings -> More Settings" to "Off".


+--------------------------------------------------------------------------------------------------------------------------+
; Parameter Settings for User Entity Instance: Systolic_Top:conv2_inst|PE_Array:PE_Array_instance|PE:row[0].col[2].pe_inst ;
+--------------------------+-------+---------------------------------------------------------------------------------------+
; Parameter Name           ; Value ; Type                                                                                  ;
+--------------------------+-------+---------------------------------------------------------------------------------------+
; InputFeatureMapBitWidth  ; 8     ; Signed Integer                                                                        ;
; WeightBitWidth           ; 8     ; Signed Integer                                                                        ;
; OutputFeatureMapBitWidth ; 32    ; Signed Integer                                                                        ;
; InputFeatureMapSigned    ; 0     ; Signed Integer                                                                        ;
+--------------------------+-------+---------------------------------------------------------------------------------------+
Note: In order to hide this table in the UI and the text report file, please set the "Show Parameter Settings in Synthesis Report" option in "Analysis and Synthesis Settings -> More Settings" to "Off".


+--------------------------------------------------------------------------------------------------------------------------+
; Parameter Settings for User Entity Instance: Systolic_Top:conv2_inst|PE_Array:PE_Array_instance|PE:row[0].col[3].pe_inst ;
+--------------------------+-------+---------------------------------------------------------------------------------------+
; Parameter Name           ; Value ; Type                                                                                  ;
+--------------------------+-------+---------------------------------------------------------------------------------------+
; InputFeatureMapBitWidth  ; 8     ; Signed Integer                                                                        ;
; WeightBitWidth           ; 8     ; Signed Integer                                                                        ;
; OutputFeatureMapBitWidth ; 32    ; Signed Integer                                                                        ;
; InputFeatureMapSigned    ; 0     ; Signed Integer                                                                        ;
+--------------------------+-------+---------------------------------------------------------------------------------------+
Note: In order to hide this table in the UI and the text report file, please set the "Show Parameter Settings in Synthesis Report" option in "Analysis and Synthesis Settings -> More Settings" to "Off".


+--------------------------------------------------------------------------------------------------------------------------+
; Parameter Settings for User Entity Instance: Systolic_Top:conv2_inst|PE_Array:PE_Array_instance|PE:row[0].col[4].pe_inst ;
+--------------------------+-------+---------------------------------------------------------------------------------------+
; Parameter Name           ; Value ; Type                                                                                  ;
+--------------------------+-------+---------------------------------------------------------------------------------------+
; InputFeatureMapBitWidth  ; 8     ; Signed Integer                                                                        ;
; WeightBitWidth           ; 8     ; Signed Integer                                                                        ;
; OutputFeatureMapBitWidth ; 32    ; Signed Integer                                                                        ;
; InputFeatureMapSigned    ; 0     ; Signed Integer                                                                        ;
+--------------------------+-------+---------------------------------------------------------------------------------------+
Note: In order to hide this table in the UI and the text report file, please set the "Show Parameter Settings in Synthesis Report" option in "Analysis and Synthesis Settings -> More Settings" to "Off".


+--------------------------------------------------------------------------------------------------------------------------+
; Parameter Settings for User Entity Instance: Systolic_Top:conv2_inst|PE_Array:PE_Array_instance|PE:row[0].col[5].pe_inst ;
+--------------------------+-------+---------------------------------------------------------------------------------------+
; Parameter Name           ; Value ; Type                                                                                  ;
+--------------------------+-------+---------------------------------------------------------------------------------------+
; InputFeatureMapBitWidth  ; 8     ; Signed Integer                                                                        ;
; WeightBitWidth           ; 8     ; Signed Integer                                                                        ;
; OutputFeatureMapBitWidth ; 32    ; Signed Integer                                                                        ;
; InputFeatureMapSigned    ; 0     ; Signed Integer                                                                        ;
+--------------------------+-------+---------------------------------------------------------------------------------------+
Note: In order to hide this table in the UI and the text report file, please set the "Show Parameter Settings in Synthesis Report" option in "Analysis and Synthesis Settings -> More Settings" to "Off".


+--------------------------------------------------------------------------------------------------------------------------+
; Parameter Settings for User Entity Instance: Systolic_Top:conv2_inst|PE_Array:PE_Array_instance|PE:row[0].col[6].pe_inst ;
+--------------------------+-------+---------------------------------------------------------------------------------------+
; Parameter Name           ; Value ; Type                                                                                  ;
+--------------------------+-------+---------------------------------------------------------------------------------------+
; InputFeatureMapBitWidth  ; 8     ; Signed Integer                                                                        ;
; WeightBitWidth           ; 8     ; Signed Integer                                                                        ;
; OutputFeatureMapBitWidth ; 32    ; Signed Integer                                                                        ;
; InputFeatureMapSigned    ; 0     ; Signed Integer                                                                        ;
+--------------------------+-------+---------------------------------------------------------------------------------------+
Note: In order to hide this table in the UI and the text report file, please set the "Show Parameter Settings in Synthesis Report" option in "Analysis and Synthesis Settings -> More Settings" to "Off".


+--------------------------------------------------------------------------------------------------------------------------+
; Parameter Settings for User Entity Instance: Systolic_Top:conv2_inst|PE_Array:PE_Array_instance|PE:row[0].col[7].pe_inst ;
+--------------------------+-------+---------------------------------------------------------------------------------------+
; Parameter Name           ; Value ; Type                                                                                  ;
+--------------------------+-------+---------------------------------------------------------------------------------------+
; InputFeatureMapBitWidth  ; 8     ; Signed Integer                                                                        ;
; WeightBitWidth           ; 8     ; Signed Integer                                                                        ;
; OutputFeatureMapBitWidth ; 32    ; Signed Integer                                                                        ;
; InputFeatureMapSigned    ; 0     ; Signed Integer                                                                        ;
+--------------------------+-------+---------------------------------------------------------------------------------------+
Note: In order to hide this table in the UI and the text report file, please set the "Show Parameter Settings in Synthesis Report" option in "Analysis and Synthesis Settings -> More Settings" to "Off".


+--------------------------------------------------------------------------------------------------------------------------+
; Parameter Settings for User Entity Instance: Systolic_Top:conv2_inst|PE_Array:PE_Array_instance|PE:row[0].col[8].pe_inst ;
+--------------------------+-------+---------------------------------------------------------------------------------------+
; Parameter Name           ; Value ; Type                                                                                  ;
+--------------------------+-------+---------------------------------------------------------------------------------------+
; InputFeatureMapBitWidth  ; 8     ; Signed Integer                                                                        ;
; WeightBitWidth           ; 8     ; Signed Integer                                                                        ;
; OutputFeatureMapBitWidth ; 32    ; Signed Integer                                                                        ;
; InputFeatureMapSigned    ; 0     ; Signed Integer                                                                        ;
+--------------------------+-------+---------------------------------------------------------------------------------------+
Note: In order to hide this table in the UI and the text report file, please set the "Show Parameter Settings in Synthesis Report" option in "Analysis and Synthesis Settings -> More Settings" to "Off".


+--------------------------------------------------------------------------------------------------------------------------+
; Parameter Settings for User Entity Instance: Systolic_Top:conv2_inst|PE_Array:PE_Array_instance|PE:row[0].col[9].pe_inst ;
+--------------------------+-------+---------------------------------------------------------------------------------------+
; Parameter Name           ; Value ; Type                                                                                  ;
+--------------------------+-------+---------------------------------------------------------------------------------------+
; InputFeatureMapBitWidth  ; 8     ; Signed Integer                                                                        ;
; WeightBitWidth           ; 8     ; Signed Integer                                                                        ;
; OutputFeatureMapBitWidth ; 32    ; Signed Integer                                                                        ;
; InputFeatureMapSigned    ; 0     ; Signed Integer                                                                        ;
+--------------------------+-------+---------------------------------------------------------------------------------------+
Note: In order to hide this table in the UI and the text report file, please set the "Show Parameter Settings in Synthesis Report" option in "Analysis and Synthesis Settings -> More Settings" to "Off".


+---------------------------------------------------------------------------------------------------------------------------+
; Parameter Settings for User Entity Instance: Systolic_Top:conv2_inst|PE_Array:PE_Array_instance|PE:row[0].col[10].pe_inst ;
+--------------------------+-------+----------------------------------------------------------------------------------------+
; Parameter Name           ; Value ; Type                                                                                   ;
+--------------------------+-------+----------------------------------------------------------------------------------------+
; InputFeatureMapBitWidth  ; 8     ; Signed Integer                                                                         ;
; WeightBitWidth           ; 8     ; Signed Integer                                                                         ;
; OutputFeatureMapBitWidth ; 32    ; Signed Integer                                                                         ;
; InputFeatureMapSigned    ; 0     ; Signed Integer                                                                         ;
+--------------------------+-------+----------------------------------------------------------------------------------------+
Note: In order to hide this table in the UI and the text report file, please set the "Show Parameter Settings in Synthesis Report" option in "Analysis and Synthesis Settings -> More Settings" to "Off".


+---------------------------------------------------------------------------------------------------------------------------+
; Parameter Settings for User Entity Instance: Systolic_Top:conv2_inst|PE_Array:PE_Array_instance|PE:row[0].col[11].pe_inst ;
+--------------------------+-------+----------------------------------------------------------------------------------------+
; Parameter Name           ; Value ; Type                                                                                   ;
+--------------------------+-------+----------------------------------------------------------------------------------------+
; InputFeatureMapBitWidth  ; 8     ; Signed Integer                                                                         ;
; WeightBitWidth           ; 8     ; Signed Integer                                                                         ;
; OutputFeatureMapBitWidth ; 32    ; Signed Integer                                                                         ;
; InputFeatureMapSigned    ; 0     ; Signed Integer                                                                         ;
+--------------------------+-------+----------------------------------------------------------------------------------------+
Note: In order to hide this table in the UI and the text report file, please set the "Show Parameter Settings in Synthesis Report" option in "Analysis and Synthesis Settings -> More Settings" to "Off".


+---------------------------------------------------------------------------------------------------------------------------+
; Parameter Settings for User Entity Instance: Systolic_Top:conv2_inst|PE_Array:PE_Array_instance|PE:row[0].col[12].pe_inst ;
+--------------------------+-------+----------------------------------------------------------------------------------------+
; Parameter Name           ; Value ; Type                                                                                   ;
+--------------------------+-------+----------------------------------------------------------------------------------------+
; InputFeatureMapBitWidth  ; 8     ; Signed Integer                                                                         ;
; WeightBitWidth           ; 8     ; Signed Integer                                                                         ;
; OutputFeatureMapBitWidth ; 32    ; Signed Integer                                                                         ;
; InputFeatureMapSigned    ; 0     ; Signed Integer                                                                         ;
+--------------------------+-------+----------------------------------------------------------------------------------------+
Note: In order to hide this table in the UI and the text report file, please set the "Show Parameter Settings in Synthesis Report" option in "Analysis and Synthesis Settings -> More Settings" to "Off".


+---------------------------------------------------------------------------------------------------------------------------+
; Parameter Settings for User Entity Instance: Systolic_Top:conv2_inst|PE_Array:PE_Array_instance|PE:row[0].col[13].pe_inst ;
+--------------------------+-------+----------------------------------------------------------------------------------------+
; Parameter Name           ; Value ; Type                                                                                   ;
+--------------------------+-------+----------------------------------------------------------------------------------------+
; InputFeatureMapBitWidth  ; 8     ; Signed Integer                                                                         ;
; WeightBitWidth           ; 8     ; Signed Integer                                                                         ;
; OutputFeatureMapBitWidth ; 32    ; Signed Integer                                                                         ;
; InputFeatureMapSigned    ; 0     ; Signed Integer                                                                         ;
+--------------------------+-------+----------------------------------------------------------------------------------------+
Note: In order to hide this table in the UI and the text report file, please set the "Show Parameter Settings in Synthesis Report" option in "Analysis and Synthesis Settings -> More Settings" to "Off".


+---------------------------------------------------------------------------------------------------------------------------+
; Parameter Settings for User Entity Instance: Systolic_Top:conv2_inst|PE_Array:PE_Array_instance|PE:row[0].col[14].pe_inst ;
+--------------------------+-------+----------------------------------------------------------------------------------------+
; Parameter Name           ; Value ; Type                                                                                   ;
+--------------------------+-------+----------------------------------------------------------------------------------------+
; InputFeatureMapBitWidth  ; 8     ; Signed Integer                                                                         ;
; WeightBitWidth           ; 8     ; Signed Integer                                                                         ;
; OutputFeatureMapBitWidth ; 32    ; Signed Integer                                                                         ;
; InputFeatureMapSigned    ; 0     ; Signed Integer                                                                         ;
+--------------------------+-------+----------------------------------------------------------------------------------------+
Note: In order to hide this table in the UI and the text report file, please set the "Show Parameter Settings in Synthesis Report" option in "Analysis and Synthesis Settings -> More Settings" to "Off".


+---------------------------------------------------------------------------------------------------------------------------+
; Parameter Settings for User Entity Instance: Systolic_Top:conv2_inst|PE_Array:PE_Array_instance|PE:row[0].col[15].pe_inst ;
+--------------------------+-------+----------------------------------------------------------------------------------------+
; Parameter Name           ; Value ; Type                                                                                   ;
+--------------------------+-------+----------------------------------------------------------------------------------------+
; InputFeatureMapBitWidth  ; 8     ; Signed Integer                                                                         ;
; WeightBitWidth           ; 8     ; Signed Integer                                                                         ;
; OutputFeatureMapBitWidth ; 32    ; Signed Integer                                                                         ;
; InputFeatureMapSigned    ; 0     ; Signed Integer                                                                         ;
+--------------------------+-------+----------------------------------------------------------------------------------------+
Note: In order to hide this table in the UI and the text report file, please set the "Show Parameter Settings in Synthesis Report" option in "Analysis and Synthesis Settings -> More Settings" to "Off".


+-------------------------------------------------------------------------------------------------+
; Parameter Settings for User Entity Instance: Systolic_Top:conv2_inst|Mem_ctrl:Mem_ctrl_instance ;
+------------------------------+-------+----------------------------------------------------------+
; Parameter Name               ; Value ; Type                                                     ;
+------------------------------+-------+----------------------------------------------------------+
; PeArrayRows                  ; 1     ; Signed Integer                                           ;
; PeArrayColumns               ; 16    ; Signed Integer                                           ;
; WeightBitWidth               ; 8     ; Signed Integer                                           ;
; InputFeatureMapBitWidth      ; 8     ; Signed Integer                                           ;
; OutputFeatureMapBitWidth     ; 32    ; Signed Integer                                           ;
; WeightAddressBit             ; 11    ; Signed Integer                                           ;
; InputFeatureMapAddressBit    ; 11    ; Signed Integer                                           ;
; OutputFeatureMapAddressBit   ; 10    ; Signed Integer                                           ;
; OutputFeatureMapChannelCount ; 16    ; Signed Integer                                           ;
; InputFeatureMapChannelCount  ; 6     ; Signed Integer                                           ;
; WeightWidth                  ; 5     ; Signed Integer                                           ;
; WeightHeight                 ; 5     ; Signed Integer                                           ;
; InputFeatureMapWidth         ; 14    ; Signed Integer                                           ;
; InputFeatureMapHeight        ; 14    ; Signed Integer                                           ;
; OutputFeatureMapWidth        ; 10    ; Signed Integer                                           ;
; OutputFeatureMapHeight       ; 10    ; Signed Integer                                           ;
+------------------------------+-------+----------------------------------------------------------+
Note: In order to hide this table in the UI and the text report file, please set the "Show Parameter Settings in Synthesis Report" option in "Analysis and Synthesis Settings -> More Settings" to "Off".


+--------------------------------------------------------------------------------------+
; Parameter Settings for User Entity Instance: Systolic_Top:conv2_inst|ifmap_mem:i_mem ;
+-----------------------------+-------+------------------------------------------------+
; Parameter Name              ; Value ; Type                                           ;
+-----------------------------+-------+------------------------------------------------+
; Width                       ; 8     ; Signed Integer                                 ;
; Depth                       ; 2048  ; Signed Integer                                 ;
; DataBitWidth                ; 8     ; Signed Integer                                 ;
; PeArrayRows                 ; 1     ; Signed Integer                                 ;
; InputFeatureMapChannelCount ; 6     ; Signed Integer                                 ;
; InputFeatureMapWidth        ; 14    ; Signed Integer                                 ;
; InputFeatureMapHeight       ; 14    ; Signed Integer                                 ;
; INIT_FILE                   ;       ; String                                         ;
+-----------------------------+-------+------------------------------------------------+
Note: In order to hide this table in the UI and the text report file, please set the "Show Parameter Settings in Synthesis Report" option in "Analysis and Synthesis Settings -> More Settings" to "Off".


+---------------------------------------------------------------------------------------+
; Parameter Settings for User Entity Instance: Systolic_Top:conv2_inst|weight_mem:w_mem ;
+------------------------------+-------+------------------------------------------------+
; Parameter Name               ; Value ; Type                                           ;
+------------------------------+-------+------------------------------------------------+
; Width                        ; 128   ; Signed Integer                                 ;
; Depth                        ; 2048  ; Signed Integer                                 ;
; DataBitWidth                 ; 8     ; Signed Integer                                 ;
; PeArrayRows                  ; 1     ; Signed Integer                                 ;
; PeArrayColumns               ; 16    ; Signed Integer                                 ;
; OutputFeatureMapChannelCount ; 16    ; Signed Integer                                 ;
; InputFeatureMapChannelCount  ; 6     ; Signed Integer                                 ;
; WeightWidth                  ; 5     ; Signed Integer                                 ;
; WeightHeight                 ; 5     ; Signed Integer                                 ;
; INIT_FILE                    ;       ; String                                         ;
+------------------------------+-------+------------------------------------------------+
Note: In order to hide this table in the UI and the text report file, please set the "Show Parameter Settings in Synthesis Report" option in "Analysis and Synthesis Settings -> More Settings" to "Off".


+--------------------------------------------------------------------------------------+
; Parameter Settings for User Entity Instance: Systolic_Top:conv2_inst|ofmap_mem:o_mem ;
+----------------+-------+-------------------------------------------------------------+
; Parameter Name ; Value ; Type                                                        ;
+----------------+-------+-------------------------------------------------------------+
; Width          ; 512   ; Signed Integer                                              ;
; Depth          ; 1024  ; Signed Integer                                              ;
; DataBitWidth   ; 32    ; Signed Integer                                              ;
; PeArrayColumns ; 16    ; Signed Integer                                              ;
; INIT_FILE      ;       ; String                                                      ;
+----------------+-------+-------------------------------------------------------------+
Note: In order to hide this table in the UI and the text report file, please set the "Show Parameter Settings in Synthesis Report" option in "Analysis and Synthesis Settings -> More Settings" to "Off".


+---------------------------------------------------------------------+
; Parameter Settings for User Entity Instance: pooling_top:pool2_inst ;
+----------------+-------+--------------------------------------------+
; Parameter Name ; Value ; Type                                       ;
+----------------+-------+--------------------------------------------+
; WIDTH          ; 18    ; Signed Integer                             ;
; IMG_WIDTH      ; 10    ; Signed Integer                             ;
; CHANNELS       ; 16    ; Signed Integer                             ;
+----------------+-------+--------------------------------------------+
Note: In order to hide this table in the UI and the text report file, please set the "Show Parameter Settings in Synthesis Report" option in "Analysis and Synthesis Settings -> More Settings" to "Off".


+--------------------------------------------------------------------------------------------+
; Parameter Settings for User Entity Instance: pooling_top:pool2_inst|pooling_layer:dut_pool ;
+----------------+-------+-------------------------------------------------------------------+
; Parameter Name ; Value ; Type                                                              ;
+----------------+-------+-------------------------------------------------------------------+
; IN_WIDTH       ; 18    ; Signed Integer                                                    ;
; OUT_WIDTH      ; 8     ; Signed Integer                                                    ;
; SHIFT          ; 2     ; Signed Integer                                                    ;
+----------------+-------+-------------------------------------------------------------------+
Note: In order to hide this table in the UI and the text report file, please set the "Show Parameter Settings in Synthesis Report" option in "Analysis and Synthesis Settings -> More Settings" to "Off".


+-----------------------------------------------------------------------------+
; Parameter Settings for User Entity Instance: dual_port_bram:pool2_to_fc_buf ;
+----------------+-------+----------------------------------------------------+
; Parameter Name ; Value ; Type                                               ;
+----------------+-------+----------------------------------------------------+
; DATA_WIDTH     ; 8     ; Signed Integer                                     ;
; ADDR_WIDTH     ; 9     ; Signed Integer                                     ;
+----------------+-------+----------------------------------------------------+
Note: In order to hide this table in the UI and the text report file, please set the "Show Parameter Settings in Synthesis Report" option in "Analysis and Synthesis Settings -> More Settings" to "Off".


+-----------------------------------------------------------------+
; Parameter Settings for User Entity Instance: fc_top:fc_pipeline ;
+----------------+-------+----------------------------------------+
; Parameter Name ; Value ; Type                                   ;
+----------------+-------+----------------------------------------+
; WIDTH          ; 8     ; Signed Integer                         ;
+----------------+-------+----------------------------------------+
Note: In order to hide this table in the UI and the text report file, please set the "Show Parameter Settings in Synthesis Report" option in "Analysis and Synthesis Settings -> More Settings" to "Off".


+-----------------------------------------------------------------------------------+
; Parameter Settings for User Entity Instance: fc_top:fc_pipeline|fcl_weight_rom:w1 ;
+----------------+----------------+-------------------------------------------------+
; Parameter Name ; Value          ; Type                                            ;
+----------------+----------------+-------------------------------------------------+
; WIDTH          ; 8              ; Signed Integer                                  ;
; DEPTH          ; 48000          ; Signed Integer                                  ;
; INIT_FILE      ; fc1_weight.hex ; String                                          ;
; INIT_WIDTH     ; 4              ; Signed Integer                                  ;
+----------------+----------------+-------------------------------------------------+
Note: In order to hide this table in the UI and the text report file, please set the "Show Parameter Settings in Synthesis Report" option in "Analysis and Synthesis Settings -> More Settings" to "Off".


+---------------------------------------------------------------------------------+
; Parameter Settings for User Entity Instance: fc_top:fc_pipeline|fcl_bias_rom:b1 ;
+----------------+--------------+-------------------------------------------------+
; Parameter Name ; Value        ; Type                                            ;
+----------------+--------------+-------------------------------------------------+
; WIDTH          ; 8            ; Signed Integer                                  ;
; NUM_OUTPUTS    ; 120          ; Signed Integer                                  ;
; INIT_FILE      ; fc1_bias.hex ; String                                          ;
; INIT_WIDTH     ; 4            ; Signed Integer                                  ;
+----------------+--------------+-------------------------------------------------+
Note: In order to hide this table in the UI and the text report file, please set the "Show Parameter Settings in Synthesis Report" option in "Analysis and Synthesis Settings -> More Settings" to "Off".


+------------------------------------------------------------------------------+
; Parameter Settings for User Entity Instance: fc_top:fc_pipeline|fc_layer:fc1 ;
+----------------+-------+-----------------------------------------------------+
; Parameter Name ; Value ; Type                                                ;
+----------------+-------+-----------------------------------------------------+
; WIDTH          ; 8     ; Signed Integer                                      ;
; NUM_INPUTS     ; 400   ; Signed Integer                                      ;
; NUM_OUTPUTS    ; 120   ; Signed Integer                                      ;
; APPLY_RELU     ; 1     ; Signed Integer                                      ;
; OUT_SHIFT      ; 6     ; Signed Integer                                      ;
+----------------+-------+-----------------------------------------------------+
Note: In order to hide this table in the UI and the text report file, please set the "Show Parameter Settings in Synthesis Report" option in "Analysis and Synthesis Settings -> More Settings" to "Off".


+-------------------------------------------------------------------------------------+
; Parameter Settings for User Entity Instance: fc_top:fc_pipeline|fc_serializer:ser12 ;
+----------------+-------+------------------------------------------------------------+
; Parameter Name ; Value ; Type                                                       ;
+----------------+-------+------------------------------------------------------------+
; WIDTH          ; 16    ; Signed Integer                                             ;
; NUM            ; 120   ; Signed Integer                                             ;
+----------------+-------+------------------------------------------------------------+
Note: In order to hide this table in the UI and the text report file, please set the "Show Parameter Settings in Synthesis Report" option in "Analysis and Synthesis Settings -> More Settings" to "Off".


+-----------------------------------------------------------------------------------+
; Parameter Settings for User Entity Instance: fc_top:fc_pipeline|fcl_weight_rom:w2 ;
+----------------+----------------+-------------------------------------------------+
; Parameter Name ; Value          ; Type                                            ;
+----------------+----------------+-------------------------------------------------+
; WIDTH          ; 8              ; Signed Integer                                  ;
; DEPTH          ; 10080          ; Signed Integer                                  ;
; INIT_FILE      ; fc2_weight.hex ; String                                          ;
; INIT_WIDTH     ; 4              ; Signed Integer                                  ;
+----------------+----------------+-------------------------------------------------+
Note: In order to hide this table in the UI and the text report file, please set the "Show Parameter Settings in Synthesis Report" option in "Analysis and Synthesis Settings -> More Settings" to "Off".


+---------------------------------------------------------------------------------+
; Parameter Settings for User Entity Instance: fc_top:fc_pipeline|fcl_bias_rom:b2 ;
+----------------+--------------+-------------------------------------------------+
; Parameter Name ; Value        ; Type                                            ;
+----------------+--------------+-------------------------------------------------+
; WIDTH          ; 8            ; Signed Integer                                  ;
; NUM_OUTPUTS    ; 84           ; Signed Integer                                  ;
; INIT_FILE      ; fc2_bias.hex ; String                                          ;
; INIT_WIDTH     ; 4            ; Signed Integer                                  ;
+----------------+--------------+-------------------------------------------------+
Note: In order to hide this table in the UI and the text report file, please set the "Show Parameter Settings in Synthesis Report" option in "Analysis and Synthesis Settings -> More Settings" to "Off".


+------------------------------------------------------------------------------+
; Parameter Settings for User Entity Instance: fc_top:fc_pipeline|fc_layer:fc2 ;
+----------------+-------+-----------------------------------------------------+
; Parameter Name ; Value ; Type                                                ;
+----------------+-------+-----------------------------------------------------+
; WIDTH          ; 8     ; Signed Integer                                      ;
; NUM_INPUTS     ; 120   ; Signed Integer                                      ;
; NUM_OUTPUTS    ; 84    ; Signed Integer                                      ;
; APPLY_RELU     ; 1     ; Signed Integer                                      ;
; OUT_SHIFT      ; 6     ; Signed Integer                                      ;
+----------------+-------+-----------------------------------------------------+
Note: In order to hide this table in the UI and the text report file, please set the "Show Parameter Settings in Synthesis Report" option in "Analysis and Synthesis Settings -> More Settings" to "Off".


+-------------------------------------------------------------------------------------+
; Parameter Settings for User Entity Instance: fc_top:fc_pipeline|fc_serializer:ser23 ;
+----------------+-------+------------------------------------------------------------+
; Parameter Name ; Value ; Type                                                       ;
+----------------+-------+------------------------------------------------------------+
; WIDTH          ; 16    ; Signed Integer                                             ;
; NUM            ; 84    ; Signed Integer                                             ;
+----------------+-------+------------------------------------------------------------+
Note: In order to hide this table in the UI and the text report file, please set the "Show Parameter Settings in Synthesis Report" option in "Analysis and Synthesis Settings -> More Settings" to "Off".


+-----------------------------------------------------------------------------------+
; Parameter Settings for User Entity Instance: fc_top:fc_pipeline|fcl_weight_rom:w3 ;
+----------------+----------------+-------------------------------------------------+
; Parameter Name ; Value          ; Type                                            ;
+----------------+----------------+-------------------------------------------------+
; WIDTH          ; 8              ; Signed Integer                                  ;
; DEPTH          ; 840            ; Signed Integer                                  ;
; INIT_FILE      ; fc3_weight.hex ; String                                          ;
; INIT_WIDTH     ; 4              ; Signed Integer                                  ;
+----------------+----------------+-------------------------------------------------+
Note: In order to hide this table in the UI and the text report file, please set the "Show Parameter Settings in Synthesis Report" option in "Analysis and Synthesis Settings -> More Settings" to "Off".


+---------------------------------------------------------------------------------+
; Parameter Settings for User Entity Instance: fc_top:fc_pipeline|fcl_bias_rom:b3 ;
+----------------+--------------+-------------------------------------------------+
; Parameter Name ; Value        ; Type                                            ;
+----------------+--------------+-------------------------------------------------+
; WIDTH          ; 8            ; Signed Integer                                  ;
; NUM_OUTPUTS    ; 10           ; Signed Integer                                  ;
; INIT_FILE      ; fc3_bias.hex ; String                                          ;
; INIT_WIDTH     ; 4            ; Signed Integer                                  ;
+----------------+--------------+-------------------------------------------------+
Note: In order to hide this table in the UI and the text report file, please set the "Show Parameter Settings in Synthesis Report" option in "Analysis and Synthesis Settings -> More Settings" to "Off".


+------------------------------------------------------------------------------+
; Parameter Settings for User Entity Instance: fc_top:fc_pipeline|fc_layer:fc3 ;
+----------------+-------+-----------------------------------------------------+
; Parameter Name ; Value ; Type                                                ;
+----------------+-------+-----------------------------------------------------+
; WIDTH          ; 8     ; Signed Integer                                      ;
; NUM_INPUTS     ; 84    ; Signed Integer                                      ;
; NUM_OUTPUTS    ; 10    ; Signed Integer                                      ;
; APPLY_RELU     ; 0     ; Signed Integer                                      ;
; OUT_SHIFT      ; 6     ; Signed Integer                                      ;
+----------------+-------+-----------------------------------------------------+
Note: In order to hide this table in the UI and the text report file, please set the "Show Parameter Settings in Synthesis Report" option in "Analysis and Synthesis Settings -> More Settings" to "Off".


+------------------------------------------------------------------------------------------------------------+
; Parameter Settings for Inferred Entity Instance: fc_top:fc_pipeline|fcl_weight_rom:w3|altsyncram:mem_rtl_0 ;
+------------------------------------+---------------------------------------------------+-------------------+
; Parameter Name                     ; Value                                             ; Type              ;
+------------------------------------+---------------------------------------------------+-------------------+
; BYTE_SIZE_BLOCK                    ; 8                                                 ; Untyped           ;
; AUTO_CARRY_CHAINS                  ; ON                                                ; AUTO_CARRY        ;
; IGNORE_CARRY_BUFFERS               ; OFF                                               ; IGNORE_CARRY      ;
; AUTO_CASCADE_CHAINS                ; ON                                                ; AUTO_CASCADE      ;
; IGNORE_CASCADE_BUFFERS             ; OFF                                               ; IGNORE_CASCADE    ;
; WIDTH_BYTEENA                      ; 1                                                 ; Untyped           ;
; OPERATION_MODE                     ; ROM                                               ; Untyped           ;
; WIDTH_A                            ; 8                                                 ; Untyped           ;
; WIDTHAD_A                          ; 10                                                ; Untyped           ;
; NUMWORDS_A                         ; 840                                               ; Untyped           ;
; OUTDATA_REG_A                      ; UNREGISTERED                                      ; Untyped           ;
; ADDRESS_ACLR_A                     ; NONE                                              ; Untyped           ;
; OUTDATA_ACLR_A                     ; NONE                                              ; Untyped           ;
; WRCONTROL_ACLR_A                   ; NONE                                              ; Untyped           ;
; INDATA_ACLR_A                      ; NONE                                              ; Untyped           ;
; BYTEENA_ACLR_A                     ; NONE                                              ; Untyped           ;
; WIDTH_B                            ; 1                                                 ; Untyped           ;
; WIDTHAD_B                          ; 1                                                 ; Untyped           ;
; NUMWORDS_B                         ; 1                                                 ; Untyped           ;
; INDATA_REG_B                       ; CLOCK1                                            ; Untyped           ;
; WRCONTROL_WRADDRESS_REG_B          ; CLOCK1                                            ; Untyped           ;
; RDCONTROL_REG_B                    ; CLOCK1                                            ; Untyped           ;
; ADDRESS_REG_B                      ; CLOCK1                                            ; Untyped           ;
; OUTDATA_REG_B                      ; UNREGISTERED                                      ; Untyped           ;
; BYTEENA_REG_B                      ; CLOCK1                                            ; Untyped           ;
; INDATA_ACLR_B                      ; NONE                                              ; Untyped           ;
; WRCONTROL_ACLR_B                   ; NONE                                              ; Untyped           ;
; ADDRESS_ACLR_B                     ; NONE                                              ; Untyped           ;
; OUTDATA_ACLR_B                     ; NONE                                              ; Untyped           ;
; RDCONTROL_ACLR_B                   ; NONE                                              ; Untyped           ;
; BYTEENA_ACLR_B                     ; NONE                                              ; Untyped           ;
; WIDTH_BYTEENA_A                    ; 1                                                 ; Untyped           ;
; WIDTH_BYTEENA_B                    ; 1                                                 ; Untyped           ;
; RAM_BLOCK_TYPE                     ; M10K                                              ; Untyped           ;
; BYTE_SIZE                          ; 8                                                 ; Untyped           ;
; READ_DURING_WRITE_MODE_MIXED_PORTS ; DONT_CARE                                         ; Untyped           ;
; READ_DURING_WRITE_MODE_PORT_A      ; NEW_DATA_NO_NBE_READ                              ; Untyped           ;
; READ_DURING_WRITE_MODE_PORT_B      ; NEW_DATA_NO_NBE_READ                              ; Untyped           ;
; INIT_FILE                          ; db/model_top.ram0_fcl_weight_rom_79e1117c.hdl.mif ; Untyped           ;
; INIT_FILE_LAYOUT                   ; PORT_A                                            ; Untyped           ;
; MAXIMUM_DEPTH                      ; 0                                                 ; Untyped           ;
; CLOCK_ENABLE_INPUT_A               ; NORMAL                                            ; Untyped           ;
; CLOCK_ENABLE_INPUT_B               ; NORMAL                                            ; Untyped           ;
; CLOCK_ENABLE_OUTPUT_A              ; NORMAL                                            ; Untyped           ;
; CLOCK_ENABLE_OUTPUT_B              ; NORMAL                                            ; Untyped           ;
; CLOCK_ENABLE_CORE_A                ; USE_INPUT_CLKEN                                   ; Untyped           ;
; CLOCK_ENABLE_CORE_B                ; USE_INPUT_CLKEN                                   ; Untyped           ;
; ENABLE_ECC                         ; FALSE                                             ; Untyped           ;
; ECC_PIPELINE_STAGE_ENABLED         ; FALSE                                             ; Untyped           ;
; WIDTH_ECCSTATUS                    ; 3                                                 ; Untyped           ;
; DEVICE_FAMILY                      ; Cyclone V                                         ; Untyped           ;
; CBXI_PARAMETER                     ; altsyncram_hvf1                                   ; Untyped           ;
+------------------------------------+---------------------------------------------------+-------------------+
Note: In order to hide this table in the UI and the text report file, please set the "Show Parameter Settings in Synthesis Report" option in "Analysis and Synthesis Settings -> More Settings" to "Off".


+------------------------------------------------------------------------------------------------------------+
; Parameter Settings for Inferred Entity Instance: fc_top:fc_pipeline|fcl_weight_rom:w1|altsyncram:mem_rtl_0 ;
+------------------------------------+---------------------------------------------------+-------------------+
; Parameter Name                     ; Value                                             ; Type              ;
+------------------------------------+---------------------------------------------------+-------------------+
; BYTE_SIZE_BLOCK                    ; 8                                                 ; Untyped           ;
; AUTO_CARRY_CHAINS                  ; ON                                                ; AUTO_CARRY        ;
; IGNORE_CARRY_BUFFERS               ; OFF                                               ; IGNORE_CARRY      ;
; AUTO_CASCADE_CHAINS                ; ON                                                ; AUTO_CASCADE      ;
; IGNORE_CASCADE_BUFFERS             ; OFF                                               ; IGNORE_CASCADE    ;
; WIDTH_BYTEENA                      ; 1                                                 ; Untyped           ;
; OPERATION_MODE                     ; ROM                                               ; Untyped           ;
; WIDTH_A                            ; 8                                                 ; Untyped           ;
; WIDTHAD_A                          ; 16                                                ; Untyped           ;
; NUMWORDS_A                         ; 48000                                             ; Untyped           ;
; OUTDATA_REG_A                      ; UNREGISTERED                                      ; Untyped           ;
; ADDRESS_ACLR_A                     ; NONE                                              ; Untyped           ;
; OUTDATA_ACLR_A                     ; NONE                                              ; Untyped           ;
; WRCONTROL_ACLR_A                   ; NONE                                              ; Untyped           ;
; INDATA_ACLR_A                      ; NONE                                              ; Untyped           ;
; BYTEENA_ACLR_A                     ; NONE                                              ; Untyped           ;
; WIDTH_B                            ; 1                                                 ; Untyped           ;
; WIDTHAD_B                          ; 1                                                 ; Untyped           ;
; NUMWORDS_B                         ; 1                                                 ; Untyped           ;
; INDATA_REG_B                       ; CLOCK1                                            ; Untyped           ;
; WRCONTROL_WRADDRESS_REG_B          ; CLOCK1                                            ; Untyped           ;
; RDCONTROL_REG_B                    ; CLOCK1                                            ; Untyped           ;
; ADDRESS_REG_B                      ; CLOCK1                                            ; Untyped           ;
; OUTDATA_REG_B                      ; UNREGISTERED                                      ; Untyped           ;
; BYTEENA_REG_B                      ; CLOCK1                                            ; Untyped           ;
; INDATA_ACLR_B                      ; NONE                                              ; Untyped           ;
; WRCONTROL_ACLR_B                   ; NONE                                              ; Untyped           ;
; ADDRESS_ACLR_B                     ; NONE                                              ; Untyped           ;
; OUTDATA_ACLR_B                     ; NONE                                              ; Untyped           ;
; RDCONTROL_ACLR_B                   ; NONE                                              ; Untyped           ;
; BYTEENA_ACLR_B                     ; NONE                                              ; Untyped           ;
; WIDTH_BYTEENA_A                    ; 1                                                 ; Untyped           ;
; WIDTH_BYTEENA_B                    ; 1                                                 ; Untyped           ;
; RAM_BLOCK_TYPE                     ; M10K                                              ; Untyped           ;
; BYTE_SIZE                          ; 8                                                 ; Untyped           ;
; READ_DURING_WRITE_MODE_MIXED_PORTS ; DONT_CARE                                         ; Untyped           ;
; READ_DURING_WRITE_MODE_PORT_A      ; NEW_DATA_NO_NBE_READ                              ; Untyped           ;
; READ_DURING_WRITE_MODE_PORT_B      ; NEW_DATA_NO_NBE_READ                              ; Untyped           ;
; INIT_FILE                          ; db/model_top.ram0_fcl_weight_rom_640a27c2.hdl.mif ; Untyped           ;
; INIT_FILE_LAYOUT                   ; PORT_A                                            ; Untyped           ;
; MAXIMUM_DEPTH                      ; 0                                                 ; Untyped           ;
; CLOCK_ENABLE_INPUT_A               ; NORMAL                                            ; Untyped           ;
; CLOCK_ENABLE_INPUT_B               ; NORMAL                                            ; Untyped           ;
; CLOCK_ENABLE_OUTPUT_A              ; NORMAL                                            ; Untyped           ;
; CLOCK_ENABLE_OUTPUT_B              ; NORMAL                                            ; Untyped           ;
; CLOCK_ENABLE_CORE_A                ; USE_INPUT_CLKEN                                   ; Untyped           ;
; CLOCK_ENABLE_CORE_B                ; USE_INPUT_CLKEN                                   ; Untyped           ;
; ENABLE_ECC                         ; FALSE                                             ; Untyped           ;
; ECC_PIPELINE_STAGE_ENABLED         ; FALSE                                             ; Untyped           ;
; WIDTH_ECCSTATUS                    ; 3                                                 ; Untyped           ;
; DEVICE_FAMILY                      ; Cyclone V                                         ; Untyped           ;
; CBXI_PARAMETER                     ; altsyncram_e2g1                                   ; Untyped           ;
+------------------------------------+---------------------------------------------------+-------------------+
Note: In order to hide this table in the UI and the text report file, please set the "Show Parameter Settings in Synthesis Report" option in "Analysis and Synthesis Settings -> More Settings" to "Off".


+----------------------------------------------------------------------------------------------------------------+
; Parameter Settings for Inferred Entity Instance: Systolic_Top:conv2_inst|weight_mem:w_mem|altsyncram:mem_rtl_0 ;
+------------------------------------+-----------------------------------------------+---------------------------+
; Parameter Name                     ; Value                                         ; Type                      ;
+------------------------------------+-----------------------------------------------+---------------------------+
; BYTE_SIZE_BLOCK                    ; 8                                             ; Untyped                   ;
; AUTO_CARRY_CHAINS                  ; ON                                            ; AUTO_CARRY                ;
; IGNORE_CARRY_BUFFERS               ; OFF                                           ; IGNORE_CARRY              ;
; AUTO_CASCADE_CHAINS                ; ON                                            ; AUTO_CASCADE              ;
; IGNORE_CASCADE_BUFFERS             ; OFF                                           ; IGNORE_CASCADE            ;
; WIDTH_BYTEENA                      ; 1                                             ; Untyped                   ;
; OPERATION_MODE                     ; ROM                                           ; Untyped                   ;
; WIDTH_A                            ; 128                                           ; Untyped                   ;
; WIDTHAD_A                          ; 11                                            ; Untyped                   ;
; NUMWORDS_A                         ; 2048                                          ; Untyped                   ;
; OUTDATA_REG_A                      ; UNREGISTERED                                  ; Untyped                   ;
; ADDRESS_ACLR_A                     ; NONE                                          ; Untyped                   ;
; OUTDATA_ACLR_A                     ; NONE                                          ; Untyped                   ;
; WRCONTROL_ACLR_A                   ; NONE                                          ; Untyped                   ;
; INDATA_ACLR_A                      ; NONE                                          ; Untyped                   ;
; BYTEENA_ACLR_A                     ; NONE                                          ; Untyped                   ;
; WIDTH_B                            ; 1                                             ; Untyped                   ;
; WIDTHAD_B                          ; 1                                             ; Untyped                   ;
; NUMWORDS_B                         ; 1                                             ; Untyped                   ;
; INDATA_REG_B                       ; CLOCK1                                        ; Untyped                   ;
; WRCONTROL_WRADDRESS_REG_B          ; CLOCK1                                        ; Untyped                   ;
; RDCONTROL_REG_B                    ; CLOCK1                                        ; Untyped                   ;
; ADDRESS_REG_B                      ; CLOCK1                                        ; Untyped                   ;
; OUTDATA_REG_B                      ; UNREGISTERED                                  ; Untyped                   ;
; BYTEENA_REG_B                      ; CLOCK1                                        ; Untyped                   ;
; INDATA_ACLR_B                      ; NONE                                          ; Untyped                   ;
; WRCONTROL_ACLR_B                   ; NONE                                          ; Untyped                   ;
; ADDRESS_ACLR_B                     ; NONE                                          ; Untyped                   ;
; OUTDATA_ACLR_B                     ; NONE                                          ; Untyped                   ;
; RDCONTROL_ACLR_B                   ; NONE                                          ; Untyped                   ;
; BYTEENA_ACLR_B                     ; NONE                                          ; Untyped                   ;
; WIDTH_BYTEENA_A                    ; 1                                             ; Untyped                   ;
; WIDTH_BYTEENA_B                    ; 1                                             ; Untyped                   ;
; RAM_BLOCK_TYPE                     ; M10K                                          ; Untyped                   ;
; BYTE_SIZE                          ; 8                                             ; Untyped                   ;
; READ_DURING_WRITE_MODE_MIXED_PORTS ; DONT_CARE                                     ; Untyped                   ;
; READ_DURING_WRITE_MODE_PORT_A      ; NEW_DATA_NO_NBE_READ                          ; Untyped                   ;
; READ_DURING_WRITE_MODE_PORT_B      ; NEW_DATA_NO_NBE_READ                          ; Untyped                   ;
; INIT_FILE                          ; db/model_top.ram0_weight_mem_56e3bfd1.hdl.mif ; Untyped                   ;
; INIT_FILE_LAYOUT                   ; PORT_A                                        ; Untyped                   ;
; MAXIMUM_DEPTH                      ; 0                                             ; Untyped                   ;
; CLOCK_ENABLE_INPUT_A               ; NORMAL                                        ; Untyped                   ;
; CLOCK_ENABLE_INPUT_B               ; NORMAL                                        ; Untyped                   ;
; CLOCK_ENABLE_OUTPUT_A              ; NORMAL                                        ; Untyped                   ;
; CLOCK_ENABLE_OUTPUT_B              ; NORMAL                                        ; Untyped                   ;
; CLOCK_ENABLE_CORE_A                ; USE_INPUT_CLKEN                               ; Untyped                   ;
; CLOCK_ENABLE_CORE_B                ; USE_INPUT_CLKEN                               ; Untyped                   ;
; ENABLE_ECC                         ; FALSE                                         ; Untyped                   ;
; ECC_PIPELINE_STAGE_ENABLED         ; FALSE                                         ; Untyped                   ;
; WIDTH_ECCSTATUS                    ; 3                                             ; Untyped                   ;
; DEVICE_FAMILY                      ; Cyclone V                                     ; Untyped                   ;
; CBXI_PARAMETER                     ; altsyncram_2qf1                               ; Untyped                   ;
+------------------------------------+-----------------------------------------------+---------------------------+
Note: In order to hide this table in the UI and the text report file, please set the "Show Parameter Settings in Synthesis Report" option in "Analysis and Synthesis Settings -> More Settings" to "Off".


+------------------------------------------------------------------------------------------------------------+
; Parameter Settings for Inferred Entity Instance: fc_top:fc_pipeline|fcl_weight_rom:w2|altsyncram:mem_rtl_0 ;
+------------------------------------+---------------------------------------------------+-------------------+
; Parameter Name                     ; Value                                             ; Type              ;
+------------------------------------+---------------------------------------------------+-------------------+
; BYTE_SIZE_BLOCK                    ; 8                                                 ; Untyped           ;
; AUTO_CARRY_CHAINS                  ; ON                                                ; AUTO_CARRY        ;
; IGNORE_CARRY_BUFFERS               ; OFF                                               ; IGNORE_CARRY      ;
; AUTO_CASCADE_CHAINS                ; ON                                                ; AUTO_CASCADE      ;
; IGNORE_CASCADE_BUFFERS             ; OFF                                               ; IGNORE_CASCADE    ;
; WIDTH_BYTEENA                      ; 1                                                 ; Untyped           ;
; OPERATION_MODE                     ; ROM                                               ; Untyped           ;
; WIDTH_A                            ; 8                                                 ; Untyped           ;
; WIDTHAD_A                          ; 14                                                ; Untyped           ;
; NUMWORDS_A                         ; 10080                                             ; Untyped           ;
; OUTDATA_REG_A                      ; UNREGISTERED                                      ; Untyped           ;
; ADDRESS_ACLR_A                     ; NONE                                              ; Untyped           ;
; OUTDATA_ACLR_A                     ; NONE                                              ; Untyped           ;
; WRCONTROL_ACLR_A                   ; NONE                                              ; Untyped           ;
; INDATA_ACLR_A                      ; NONE                                              ; Untyped           ;
; BYTEENA_ACLR_A                     ; NONE                                              ; Untyped           ;
; WIDTH_B                            ; 1                                                 ; Untyped           ;
; WIDTHAD_B                          ; 1                                                 ; Untyped           ;
; NUMWORDS_B                         ; 1                                                 ; Untyped           ;
; INDATA_REG_B                       ; CLOCK1                                            ; Untyped           ;
; WRCONTROL_WRADDRESS_REG_B          ; CLOCK1                                            ; Untyped           ;
; RDCONTROL_REG_B                    ; CLOCK1                                            ; Untyped           ;
; ADDRESS_REG_B                      ; CLOCK1                                            ; Untyped           ;
; OUTDATA_REG_B                      ; UNREGISTERED                                      ; Untyped           ;
; BYTEENA_REG_B                      ; CLOCK1                                            ; Untyped           ;
; INDATA_ACLR_B                      ; NONE                                              ; Untyped           ;
; WRCONTROL_ACLR_B                   ; NONE                                              ; Untyped           ;
; ADDRESS_ACLR_B                     ; NONE                                              ; Untyped           ;
; OUTDATA_ACLR_B                     ; NONE                                              ; Untyped           ;
; RDCONTROL_ACLR_B                   ; NONE                                              ; Untyped           ;
; BYTEENA_ACLR_B                     ; NONE                                              ; Untyped           ;
; WIDTH_BYTEENA_A                    ; 1                                                 ; Untyped           ;
; WIDTH_BYTEENA_B                    ; 1                                                 ; Untyped           ;
; RAM_BLOCK_TYPE                     ; M10K                                              ; Untyped           ;
; BYTE_SIZE                          ; 8                                                 ; Untyped           ;
; READ_DURING_WRITE_MODE_MIXED_PORTS ; DONT_CARE                                         ; Untyped           ;
; READ_DURING_WRITE_MODE_PORT_A      ; NEW_DATA_NO_NBE_READ                              ; Untyped           ;
; READ_DURING_WRITE_MODE_PORT_B      ; NEW_DATA_NO_NBE_READ                              ; Untyped           ;
; INIT_FILE                          ; db/model_top.ram0_fcl_weight_rom_7132221a.hdl.mif ; Untyped           ;
; INIT_FILE_LAYOUT                   ; PORT_A                                            ; Untyped           ;
; MAXIMUM_DEPTH                      ; 0                                                 ; Untyped           ;
; CLOCK_ENABLE_INPUT_A               ; NORMAL                                            ; Untyped           ;
; CLOCK_ENABLE_INPUT_B               ; NORMAL                                            ; Untyped           ;
; CLOCK_ENABLE_OUTPUT_A              ; NORMAL                                            ; Untyped           ;
; CLOCK_ENABLE_OUTPUT_B              ; NORMAL                                            ; Untyped           ;
; CLOCK_ENABLE_CORE_A                ; USE_INPUT_CLKEN                                   ; Untyped           ;
; CLOCK_ENABLE_CORE_B                ; USE_INPUT_CLKEN                                   ; Untyped           ;
; ENABLE_ECC                         ; FALSE                                             ; Untyped           ;
; ECC_PIPELINE_STAGE_ENABLED         ; FALSE                                             ; Untyped           ;
; WIDTH_ECCSTATUS                    ; 3                                                 ; Untyped           ;
; DEVICE_FAMILY                      ; Cyclone V                                         ; Untyped           ;
; CBXI_PARAMETER                     ; altsyncram_j0g1                                   ; Untyped           ;
+------------------------------------+---------------------------------------------------+-------------------+
Note: In order to hide this table in the UI and the text report file, please set the "Show Parameter Settings in Synthesis Report" option in "Analysis and Synthesis Settings -> More Settings" to "Off".


+---------------------------------------------------------------------------------------------------------------+
; Parameter Settings for Inferred Entity Instance: Systolic_Top:conv2_inst|ofmap_mem:o_mem|altsyncram:mem_rtl_0 ;
+------------------------------------+----------------------------------------------+---------------------------+
; Parameter Name                     ; Value                                        ; Type                      ;
+------------------------------------+----------------------------------------------+---------------------------+
; BYTE_SIZE_BLOCK                    ; 8                                            ; Untyped                   ;
; AUTO_CARRY_CHAINS                  ; ON                                           ; AUTO_CARRY                ;
; IGNORE_CARRY_BUFFERS               ; OFF                                          ; IGNORE_CARRY              ;
; AUTO_CASCADE_CHAINS                ; ON                                           ; AUTO_CASCADE              ;
; IGNORE_CASCADE_BUFFERS             ; OFF                                          ; IGNORE_CASCADE            ;
; WIDTH_BYTEENA                      ; 1                                            ; Untyped                   ;
; OPERATION_MODE                     ; DUAL_PORT                                    ; Untyped                   ;
; WIDTH_A                            ; 512                                          ; Untyped                   ;
; WIDTHAD_A                          ; 10                                           ; Untyped                   ;
; NUMWORDS_A                         ; 1024                                         ; Untyped                   ;
; OUTDATA_REG_A                      ; UNREGISTERED                                 ; Untyped                   ;
; ADDRESS_ACLR_A                     ; NONE                                         ; Untyped                   ;
; OUTDATA_ACLR_A                     ; NONE                                         ; Untyped                   ;
; WRCONTROL_ACLR_A                   ; NONE                                         ; Untyped                   ;
; INDATA_ACLR_A                      ; NONE                                         ; Untyped                   ;
; BYTEENA_ACLR_A                     ; NONE                                         ; Untyped                   ;
; WIDTH_B                            ; 512                                          ; Untyped                   ;
; WIDTHAD_B                          ; 10                                           ; Untyped                   ;
; NUMWORDS_B                         ; 1024                                         ; Untyped                   ;
; INDATA_REG_B                       ; CLOCK1                                       ; Untyped                   ;
; WRCONTROL_WRADDRESS_REG_B          ; CLOCK1                                       ; Untyped                   ;
; RDCONTROL_REG_B                    ; CLOCK1                                       ; Untyped                   ;
; ADDRESS_REG_B                      ; CLOCK0                                       ; Untyped                   ;
; OUTDATA_REG_B                      ; UNREGISTERED                                 ; Untyped                   ;
; BYTEENA_REG_B                      ; CLOCK1                                       ; Untyped                   ;
; INDATA_ACLR_B                      ; NONE                                         ; Untyped                   ;
; WRCONTROL_ACLR_B                   ; NONE                                         ; Untyped                   ;
; ADDRESS_ACLR_B                     ; NONE                                         ; Untyped                   ;
; OUTDATA_ACLR_B                     ; NONE                                         ; Untyped                   ;
; RDCONTROL_ACLR_B                   ; NONE                                         ; Untyped                   ;
; BYTEENA_ACLR_B                     ; NONE                                         ; Untyped                   ;
; WIDTH_BYTEENA_A                    ; 1                                            ; Untyped                   ;
; WIDTH_BYTEENA_B                    ; 1                                            ; Untyped                   ;
; RAM_BLOCK_TYPE                     ; M10K                                         ; Untyped                   ;
; BYTE_SIZE                          ; 8                                            ; Untyped                   ;
; READ_DURING_WRITE_MODE_MIXED_PORTS ; OLD_DATA                                     ; Untyped                   ;
; READ_DURING_WRITE_MODE_PORT_A      ; NEW_DATA_NO_NBE_READ                         ; Untyped                   ;
; READ_DURING_WRITE_MODE_PORT_B      ; NEW_DATA_NO_NBE_READ                         ; Untyped                   ;
; INIT_FILE                          ; db/model_top.ram0_ofmap_mem_a5aad296.hdl.mif ; Untyped                   ;
; INIT_FILE_LAYOUT                   ; PORT_A                                       ; Untyped                   ;
; MAXIMUM_DEPTH                      ; 0                                            ; Untyped                   ;
; CLOCK_ENABLE_INPUT_A               ; NORMAL                                       ; Untyped                   ;
; CLOCK_ENABLE_INPUT_B               ; NORMAL                                       ; Untyped                   ;
; CLOCK_ENABLE_OUTPUT_A              ; NORMAL                                       ; Untyped                   ;
; CLOCK_ENABLE_OUTPUT_B              ; NORMAL                                       ; Untyped                   ;
; CLOCK_ENABLE_CORE_A                ; USE_INPUT_CLKEN                              ; Untyped                   ;
; CLOCK_ENABLE_CORE_B                ; USE_INPUT_CLKEN                              ; Untyped                   ;
; ENABLE_ECC                         ; FALSE                                        ; Untyped                   ;
; ECC_PIPELINE_STAGE_ENABLED         ; FALSE                                        ; Untyped                   ;
; WIDTH_ECCSTATUS                    ; 3                                            ; Untyped                   ;
; DEVICE_FAMILY                      ; Cyclone V                                    ; Untyped                   ;
; CBXI_PARAMETER                     ; altsyncram_beu1                              ; Untyped                   ;
+------------------------------------+----------------------------------------------+---------------------------+
Note: In order to hide this table in the UI and the text report file, please set the "Show Parameter Settings in Synthesis Report" option in "Analysis and Synthesis Settings -> More Settings" to "Off".


+---------------------------------------------------------------------------------------------------------------+
; Parameter Settings for Inferred Entity Instance: Systolic_Top:conv2_inst|ifmap_mem:i_mem|altsyncram:mem_rtl_0 ;
+------------------------------------+----------------------------------------------+---------------------------+
; Parameter Name                     ; Value                                        ; Type                      ;
+------------------------------------+----------------------------------------------+---------------------------+
; BYTE_SIZE_BLOCK                    ; 8                                            ; Untyped                   ;
; AUTO_CARRY_CHAINS                  ; ON                                           ; AUTO_CARRY                ;
; IGNORE_CARRY_BUFFERS               ; OFF                                          ; IGNORE_CARRY              ;
; AUTO_CASCADE_CHAINS                ; ON                                           ; AUTO_CASCADE              ;
; IGNORE_CASCADE_BUFFERS             ; OFF                                          ; IGNORE_CASCADE            ;
; WIDTH_BYTEENA                      ; 1                                            ; Untyped                   ;
; OPERATION_MODE                     ; DUAL_PORT                                    ; Untyped                   ;
; WIDTH_A                            ; 8                                            ; Untyped                   ;
; WIDTHAD_A                          ; 11                                           ; Untyped                   ;
; NUMWORDS_A                         ; 2048                                         ; Untyped                   ;
; OUTDATA_REG_A                      ; UNREGISTERED                                 ; Untyped                   ;
; ADDRESS_ACLR_A                     ; NONE                                         ; Untyped                   ;
; OUTDATA_ACLR_A                     ; NONE                                         ; Untyped                   ;
; WRCONTROL_ACLR_A                   ; NONE                                         ; Untyped                   ;
; INDATA_ACLR_A                      ; NONE                                         ; Untyped                   ;
; BYTEENA_ACLR_A                     ; NONE                                         ; Untyped                   ;
; WIDTH_B                            ; 8                                            ; Untyped                   ;
; WIDTHAD_B                          ; 11                                           ; Untyped                   ;
; NUMWORDS_B                         ; 2048                                         ; Untyped                   ;
; INDATA_REG_B                       ; CLOCK1                                       ; Untyped                   ;
; WRCONTROL_WRADDRESS_REG_B          ; CLOCK1                                       ; Untyped                   ;
; RDCONTROL_REG_B                    ; CLOCK1                                       ; Untyped                   ;
; ADDRESS_REG_B                      ; CLOCK0                                       ; Untyped                   ;
; OUTDATA_REG_B                      ; UNREGISTERED                                 ; Untyped                   ;
; BYTEENA_REG_B                      ; CLOCK1                                       ; Untyped                   ;
; INDATA_ACLR_B                      ; NONE                                         ; Untyped                   ;
; WRCONTROL_ACLR_B                   ; NONE                                         ; Untyped                   ;
; ADDRESS_ACLR_B                     ; NONE                                         ; Untyped                   ;
; OUTDATA_ACLR_B                     ; NONE                                         ; Untyped                   ;
; RDCONTROL_ACLR_B                   ; NONE                                         ; Untyped                   ;
; BYTEENA_ACLR_B                     ; NONE                                         ; Untyped                   ;
; WIDTH_BYTEENA_A                    ; 1                                            ; Untyped                   ;
; WIDTH_BYTEENA_B                    ; 1                                            ; Untyped                   ;
; RAM_BLOCK_TYPE                     ; M10K                                         ; Untyped                   ;
; BYTE_SIZE                          ; 8                                            ; Untyped                   ;
; READ_DURING_WRITE_MODE_MIXED_PORTS ; OLD_DATA                                     ; Untyped                   ;
; READ_DURING_WRITE_MODE_PORT_A      ; NEW_DATA_NO_NBE_READ                         ; Untyped                   ;
; READ_DURING_WRITE_MODE_PORT_B      ; NEW_DATA_NO_NBE_READ                         ; Untyped                   ;
; INIT_FILE                          ; db/model_top.ram0_ifmap_mem_222088fd.hdl.mif ; Untyped                   ;
; INIT_FILE_LAYOUT                   ; PORT_A                                       ; Untyped                   ;
; MAXIMUM_DEPTH                      ; 0                                            ; Untyped                   ;
; CLOCK_ENABLE_INPUT_A               ; NORMAL                                       ; Untyped                   ;
; CLOCK_ENABLE_INPUT_B               ; NORMAL                                       ; Untyped                   ;
; CLOCK_ENABLE_OUTPUT_A              ; NORMAL                                       ; Untyped                   ;
; CLOCK_ENABLE_OUTPUT_B              ; NORMAL                                       ; Untyped                   ;
; CLOCK_ENABLE_CORE_A                ; USE_INPUT_CLKEN                              ; Untyped                   ;
; CLOCK_ENABLE_CORE_B                ; USE_INPUT_CLKEN                              ; Untyped                   ;
; ENABLE_ECC                         ; FALSE                                        ; Untyped                   ;
; ECC_PIPELINE_STAGE_ENABLED         ; FALSE                                        ; Untyped                   ;
; WIDTH_ECCSTATUS                    ; 3                                            ; Untyped                   ;
; DEVICE_FAMILY                      ; Cyclone V                                    ; Untyped                   ;
; CBXI_PARAMETER                     ; altsyncram_o5u1                              ; Untyped                   ;
+------------------------------------+----------------------------------------------+---------------------------+
Note: In order to hide this table in the UI and the text report file, please set the "Show Parameter Settings in Synthesis Report" option in "Analysis and Synthesis Settings -> More Settings" to "Off".


+---------------------------------------------------------------------------------------------------------+
; Parameter Settings for Inferred Entity Instance: dual_port_bram:pool2_to_fc_buf|altsyncram:ram_rtl_0    ;
+------------------------------------+---------------------------------------------------+----------------+
; Parameter Name                     ; Value                                             ; Type           ;
+------------------------------------+---------------------------------------------------+----------------+
; BYTE_SIZE_BLOCK                    ; 8                                                 ; Untyped        ;
; AUTO_CARRY_CHAINS                  ; ON                                                ; AUTO_CARRY     ;
; IGNORE_CARRY_BUFFERS               ; OFF                                               ; IGNORE_CARRY   ;
; AUTO_CASCADE_CHAINS                ; ON                                                ; AUTO_CASCADE   ;
; IGNORE_CASCADE_BUFFERS             ; OFF                                               ; IGNORE_CASCADE ;
; WIDTH_BYTEENA                      ; 1                                                 ; Untyped        ;
; OPERATION_MODE                     ; DUAL_PORT                                         ; Untyped        ;
; WIDTH_A                            ; 8                                                 ; Untyped        ;
; WIDTHAD_A                          ; 9                                                 ; Untyped        ;
; NUMWORDS_A                         ; 512                                               ; Untyped        ;
; OUTDATA_REG_A                      ; UNREGISTERED                                      ; Untyped        ;
; ADDRESS_ACLR_A                     ; NONE                                              ; Untyped        ;
; OUTDATA_ACLR_A                     ; NONE                                              ; Untyped        ;
; WRCONTROL_ACLR_A                   ; NONE                                              ; Untyped        ;
; INDATA_ACLR_A                      ; NONE                                              ; Untyped        ;
; BYTEENA_ACLR_A                     ; NONE                                              ; Untyped        ;
; WIDTH_B                            ; 8                                                 ; Untyped        ;
; WIDTHAD_B                          ; 9                                                 ; Untyped        ;
; NUMWORDS_B                         ; 512                                               ; Untyped        ;
; INDATA_REG_B                       ; CLOCK1                                            ; Untyped        ;
; WRCONTROL_WRADDRESS_REG_B          ; CLOCK1                                            ; Untyped        ;
; RDCONTROL_REG_B                    ; CLOCK1                                            ; Untyped        ;
; ADDRESS_REG_B                      ; CLOCK0                                            ; Untyped        ;
; OUTDATA_REG_B                      ; UNREGISTERED                                      ; Untyped        ;
; BYTEENA_REG_B                      ; CLOCK1                                            ; Untyped        ;
; INDATA_ACLR_B                      ; NONE                                              ; Untyped        ;
; WRCONTROL_ACLR_B                   ; NONE                                              ; Untyped        ;
; ADDRESS_ACLR_B                     ; NONE                                              ; Untyped        ;
; OUTDATA_ACLR_B                     ; NONE                                              ; Untyped        ;
; RDCONTROL_ACLR_B                   ; NONE                                              ; Untyped        ;
; BYTEENA_ACLR_B                     ; NONE                                              ; Untyped        ;
; WIDTH_BYTEENA_A                    ; 1                                                 ; Untyped        ;
; WIDTH_BYTEENA_B                    ; 1                                                 ; Untyped        ;
; RAM_BLOCK_TYPE                     ; M10K                                              ; Untyped        ;
; BYTE_SIZE                          ; 8                                                 ; Untyped        ;
; READ_DURING_WRITE_MODE_MIXED_PORTS ; DONT_CARE                                         ; Untyped        ;
; READ_DURING_WRITE_MODE_PORT_A      ; NEW_DATA_NO_NBE_READ                              ; Untyped        ;
; READ_DURING_WRITE_MODE_PORT_B      ; NEW_DATA_NO_NBE_READ                              ; Untyped        ;
; INIT_FILE                          ; db/model_top.ram0_dual_port_bram_f9f9744e.hdl.mif ; Untyped        ;
; INIT_FILE_LAYOUT                   ; PORT_A                                            ; Untyped        ;
; MAXIMUM_DEPTH                      ; 0                                                 ; Untyped        ;
; CLOCK_ENABLE_INPUT_A               ; NORMAL                                            ; Untyped        ;
; CLOCK_ENABLE_INPUT_B               ; NORMAL                                            ; Untyped        ;
; CLOCK_ENABLE_OUTPUT_A              ; NORMAL                                            ; Untyped        ;
; CLOCK_ENABLE_OUTPUT_B              ; NORMAL                                            ; Untyped        ;
; CLOCK_ENABLE_CORE_A                ; USE_INPUT_CLKEN                                   ; Untyped        ;
; CLOCK_ENABLE_CORE_B                ; USE_INPUT_CLKEN                                   ; Untyped        ;
; ENABLE_ECC                         ; FALSE                                             ; Untyped        ;
; ECC_PIPELINE_STAGE_ENABLED         ; FALSE                                             ; Untyped        ;
; WIDTH_ECCSTATUS                    ; 3                                                 ; Untyped        ;
; DEVICE_FAMILY                      ; Cyclone V                                         ; Untyped        ;
; CBXI_PARAMETER                     ; altsyncram_43q1                                   ; Untyped        ;
+------------------------------------+---------------------------------------------------+----------------+
Note: In order to hide this table in the UI and the text report file, please set the "Show Parameter Settings in Synthesis Report" option in "Analysis and Synthesis Settings -> More Settings" to "Off".


+---------------------------------------------------------------------------------------------------------------+
; Parameter Settings for Inferred Entity Instance: Systolic_Top:conv1_inst|ofmap_mem:o_mem|altsyncram:mem_rtl_0 ;
+------------------------------------+----------------------------------------------+---------------------------+
; Parameter Name                     ; Value                                        ; Type                      ;
+------------------------------------+----------------------------------------------+---------------------------+
; BYTE_SIZE_BLOCK                    ; 8                                            ; Untyped                   ;
; AUTO_CARRY_CHAINS                  ; ON                                           ; AUTO_CARRY                ;
; IGNORE_CARRY_BUFFERS               ; OFF                                          ; IGNORE_CARRY              ;
; AUTO_CASCADE_CHAINS                ; ON                                           ; AUTO_CASCADE              ;
; IGNORE_CASCADE_BUFFERS             ; OFF                                          ; IGNORE_CASCADE            ;
; WIDTH_BYTEENA                      ; 1                                            ; Untyped                   ;
; OPERATION_MODE                     ; DUAL_PORT                                    ; Untyped                   ;
; WIDTH_A                            ; 512                                          ; Untyped                   ;
; WIDTHAD_A                          ; 10                                           ; Untyped                   ;
; NUMWORDS_A                         ; 1024                                         ; Untyped                   ;
; OUTDATA_REG_A                      ; UNREGISTERED                                 ; Untyped                   ;
; ADDRESS_ACLR_A                     ; NONE                                         ; Untyped                   ;
; OUTDATA_ACLR_A                     ; NONE                                         ; Untyped                   ;
; WRCONTROL_ACLR_A                   ; NONE                                         ; Untyped                   ;
; INDATA_ACLR_A                      ; NONE                                         ; Untyped                   ;
; BYTEENA_ACLR_A                     ; NONE                                         ; Untyped                   ;
; WIDTH_B                            ; 512                                          ; Untyped                   ;
; WIDTHAD_B                          ; 10                                           ; Untyped                   ;
; NUMWORDS_B                         ; 1024                                         ; Untyped                   ;
; INDATA_REG_B                       ; CLOCK1                                       ; Untyped                   ;
; WRCONTROL_WRADDRESS_REG_B          ; CLOCK1                                       ; Untyped                   ;
; RDCONTROL_REG_B                    ; CLOCK1                                       ; Untyped                   ;
; ADDRESS_REG_B                      ; CLOCK0                                       ; Untyped                   ;
; OUTDATA_REG_B                      ; UNREGISTERED                                 ; Untyped                   ;
; BYTEENA_REG_B                      ; CLOCK1                                       ; Untyped                   ;
; INDATA_ACLR_B                      ; NONE                                         ; Untyped                   ;
; WRCONTROL_ACLR_B                   ; NONE                                         ; Untyped                   ;
; ADDRESS_ACLR_B                     ; NONE                                         ; Untyped                   ;
; OUTDATA_ACLR_B                     ; NONE                                         ; Untyped                   ;
; RDCONTROL_ACLR_B                   ; NONE                                         ; Untyped                   ;
; BYTEENA_ACLR_B                     ; NONE                                         ; Untyped                   ;
; WIDTH_BYTEENA_A                    ; 1                                            ; Untyped                   ;
; WIDTH_BYTEENA_B                    ; 1                                            ; Untyped                   ;
; RAM_BLOCK_TYPE                     ; M10K                                         ; Untyped                   ;
; BYTE_SIZE                          ; 8                                            ; Untyped                   ;
; READ_DURING_WRITE_MODE_MIXED_PORTS ; OLD_DATA                                     ; Untyped                   ;
; READ_DURING_WRITE_MODE_PORT_A      ; NEW_DATA_NO_NBE_READ                         ; Untyped                   ;
; READ_DURING_WRITE_MODE_PORT_B      ; NEW_DATA_NO_NBE_READ                         ; Untyped                   ;
; INIT_FILE                          ; db/model_top.ram0_ofmap_mem_a5aad296.hdl.mif ; Untyped                   ;
; INIT_FILE_LAYOUT                   ; PORT_A                                       ; Untyped                   ;
; MAXIMUM_DEPTH                      ; 0                                            ; Untyped                   ;
; CLOCK_ENABLE_INPUT_A               ; NORMAL                                       ; Untyped                   ;
; CLOCK_ENABLE_INPUT_B               ; NORMAL                                       ; Untyped                   ;
; CLOCK_ENABLE_OUTPUT_A              ; NORMAL                                       ; Untyped                   ;
; CLOCK_ENABLE_OUTPUT_B              ; NORMAL                                       ; Untyped                   ;
; CLOCK_ENABLE_CORE_A                ; USE_INPUT_CLKEN                              ; Untyped                   ;
; CLOCK_ENABLE_CORE_B                ; USE_INPUT_CLKEN                              ; Untyped                   ;
; ENABLE_ECC                         ; FALSE                                        ; Untyped                   ;
; ECC_PIPELINE_STAGE_ENABLED         ; FALSE                                        ; Untyped                   ;
; WIDTH_ECCSTATUS                    ; 3                                            ; Untyped                   ;
; DEVICE_FAMILY                      ; Cyclone V                                    ; Untyped                   ;
; CBXI_PARAMETER                     ; altsyncram_beu1                              ; Untyped                   ;
+------------------------------------+----------------------------------------------+---------------------------+
Note: In order to hide this table in the UI and the text report file, please set the "Show Parameter Settings in Synthesis Report" option in "Analysis and Synthesis Settings -> More Settings" to "Off".


+----------------------------------------------------------------------------------------------------------------+
; Parameter Settings for Inferred Entity Instance: Systolic_Top:conv1_inst|weight_mem:w_mem|altsyncram:mem_rtl_0 ;
+------------------------------------+-----------------------------------------------+---------------------------+
; Parameter Name                     ; Value                                         ; Type                      ;
+------------------------------------+-----------------------------------------------+---------------------------+
; BYTE_SIZE_BLOCK                    ; 8                                             ; Untyped                   ;
; AUTO_CARRY_CHAINS                  ; ON                                            ; AUTO_CARRY                ;
; IGNORE_CARRY_BUFFERS               ; OFF                                           ; IGNORE_CARRY              ;
; AUTO_CASCADE_CHAINS                ; ON                                            ; AUTO_CASCADE              ;
; IGNORE_CASCADE_BUFFERS             ; OFF                                           ; IGNORE_CASCADE            ;
; WIDTH_BYTEENA                      ; 1                                             ; Untyped                   ;
; OPERATION_MODE                     ; ROM                                           ; Untyped                   ;
; WIDTH_A                            ; 128                                           ; Untyped                   ;
; WIDTHAD_A                          ; 11                                            ; Untyped                   ;
; NUMWORDS_A                         ; 2048                                          ; Untyped                   ;
; OUTDATA_REG_A                      ; UNREGISTERED                                  ; Untyped                   ;
; ADDRESS_ACLR_A                     ; NONE                                          ; Untyped                   ;
; OUTDATA_ACLR_A                     ; NONE                                          ; Untyped                   ;
; WRCONTROL_ACLR_A                   ; NONE                                          ; Untyped                   ;
; INDATA_ACLR_A                      ; NONE                                          ; Untyped                   ;
; BYTEENA_ACLR_A                     ; NONE                                          ; Untyped                   ;
; WIDTH_B                            ; 1                                             ; Untyped                   ;
; WIDTHAD_B                          ; 1                                             ; Untyped                   ;
; NUMWORDS_B                         ; 1                                             ; Untyped                   ;
; INDATA_REG_B                       ; CLOCK1                                        ; Untyped                   ;
; WRCONTROL_WRADDRESS_REG_B          ; CLOCK1                                        ; Untyped                   ;
; RDCONTROL_REG_B                    ; CLOCK1                                        ; Untyped                   ;
; ADDRESS_REG_B                      ; CLOCK1                                        ; Untyped                   ;
; OUTDATA_REG_B                      ; UNREGISTERED                                  ; Untyped                   ;
; BYTEENA_REG_B                      ; CLOCK1                                        ; Untyped                   ;
; INDATA_ACLR_B                      ; NONE                                          ; Untyped                   ;
; WRCONTROL_ACLR_B                   ; NONE                                          ; Untyped                   ;
; ADDRESS_ACLR_B                     ; NONE                                          ; Untyped                   ;
; OUTDATA_ACLR_B                     ; NONE                                          ; Untyped                   ;
; RDCONTROL_ACLR_B                   ; NONE                                          ; Untyped                   ;
; BYTEENA_ACLR_B                     ; NONE                                          ; Untyped                   ;
; WIDTH_BYTEENA_A                    ; 1                                             ; Untyped                   ;
; WIDTH_BYTEENA_B                    ; 1                                             ; Untyped                   ;
; RAM_BLOCK_TYPE                     ; M10K                                          ; Untyped                   ;
; BYTE_SIZE                          ; 8                                             ; Untyped                   ;
; READ_DURING_WRITE_MODE_MIXED_PORTS ; DONT_CARE                                     ; Untyped                   ;
; READ_DURING_WRITE_MODE_PORT_A      ; NEW_DATA_NO_NBE_READ                          ; Untyped                   ;
; READ_DURING_WRITE_MODE_PORT_B      ; NEW_DATA_NO_NBE_READ                          ; Untyped                   ;
; INIT_FILE                          ; db/model_top.ram0_weight_mem_9606ca63.hdl.mif ; Untyped                   ;
; INIT_FILE_LAYOUT                   ; PORT_A                                        ; Untyped                   ;
; MAXIMUM_DEPTH                      ; 0                                             ; Untyped                   ;
; CLOCK_ENABLE_INPUT_A               ; NORMAL                                        ; Untyped                   ;
; CLOCK_ENABLE_INPUT_B               ; NORMAL                                        ; Untyped                   ;
; CLOCK_ENABLE_OUTPUT_A              ; NORMAL                                        ; Untyped                   ;
; CLOCK_ENABLE_OUTPUT_B              ; NORMAL                                        ; Untyped                   ;
; CLOCK_ENABLE_CORE_A                ; USE_INPUT_CLKEN                               ; Untyped                   ;
; CLOCK_ENABLE_CORE_B                ; USE_INPUT_CLKEN                               ; Untyped                   ;
; ENABLE_ECC                         ; FALSE                                         ; Untyped                   ;
; ECC_PIPELINE_STAGE_ENABLED         ; FALSE                                         ; Untyped                   ;
; WIDTH_ECCSTATUS                    ; 3                                             ; Untyped                   ;
; DEVICE_FAMILY                      ; Cyclone V                                     ; Untyped                   ;
; CBXI_PARAMETER                     ; altsyncram_4nf1                               ; Untyped                   ;
+------------------------------------+-----------------------------------------------+---------------------------+
Note: In order to hide this table in the UI and the text report file, please set the "Show Parameter Settings in Synthesis Report" option in "Analysis and Synthesis Settings -> More Settings" to "Off".


+---------------------------------------------------------------------------------------------------------------+
; Parameter Settings for Inferred Entity Instance: Systolic_Top:conv1_inst|ifmap_mem:i_mem|altsyncram:mem_rtl_0 ;
+------------------------------------+----------------------------------------------+---------------------------+
; Parameter Name                     ; Value                                        ; Type                      ;
+------------------------------------+----------------------------------------------+---------------------------+
; BYTE_SIZE_BLOCK                    ; 8                                            ; Untyped                   ;
; AUTO_CARRY_CHAINS                  ; ON                                           ; AUTO_CARRY                ;
; IGNORE_CARRY_BUFFERS               ; OFF                                          ; IGNORE_CARRY              ;
; AUTO_CASCADE_CHAINS                ; ON                                           ; AUTO_CASCADE              ;
; IGNORE_CASCADE_BUFFERS             ; OFF                                          ; IGNORE_CASCADE            ;
; WIDTH_BYTEENA                      ; 1                                            ; Untyped                   ;
; OPERATION_MODE                     ; ROM                                          ; Untyped                   ;
; WIDTH_A                            ; 8                                            ; Untyped                   ;
; WIDTHAD_A                          ; 10                                           ; Untyped                   ;
; NUMWORDS_A                         ; 1024                                         ; Untyped                   ;
; OUTDATA_REG_A                      ; UNREGISTERED                                 ; Untyped                   ;
; ADDRESS_ACLR_A                     ; NONE                                         ; Untyped                   ;
; OUTDATA_ACLR_A                     ; NONE                                         ; Untyped                   ;
; WRCONTROL_ACLR_A                   ; NONE                                         ; Untyped                   ;
; INDATA_ACLR_A                      ; NONE                                         ; Untyped                   ;
; BYTEENA_ACLR_A                     ; NONE                                         ; Untyped                   ;
; WIDTH_B                            ; 1                                            ; Untyped                   ;
; WIDTHAD_B                          ; 1                                            ; Untyped                   ;
; NUMWORDS_B                         ; 1                                            ; Untyped                   ;
; INDATA_REG_B                       ; CLOCK1                                       ; Untyped                   ;
; WRCONTROL_WRADDRESS_REG_B          ; CLOCK1                                       ; Untyped                   ;
; RDCONTROL_REG_B                    ; CLOCK1                                       ; Untyped                   ;
; ADDRESS_REG_B                      ; CLOCK1                                       ; Untyped                   ;
; OUTDATA_REG_B                      ; UNREGISTERED                                 ; Untyped                   ;
; BYTEENA_REG_B                      ; CLOCK1                                       ; Untyped                   ;
; INDATA_ACLR_B                      ; NONE                                         ; Untyped                   ;
; WRCONTROL_ACLR_B                   ; NONE                                         ; Untyped                   ;
; ADDRESS_ACLR_B                     ; NONE                                         ; Untyped                   ;
; OUTDATA_ACLR_B                     ; NONE                                         ; Untyped                   ;
; RDCONTROL_ACLR_B                   ; NONE                                         ; Untyped                   ;
; BYTEENA_ACLR_B                     ; NONE                                         ; Untyped                   ;
; WIDTH_BYTEENA_A                    ; 1                                            ; Untyped                   ;
; WIDTH_BYTEENA_B                    ; 1                                            ; Untyped                   ;
; RAM_BLOCK_TYPE                     ; M10K                                         ; Untyped                   ;
; BYTE_SIZE                          ; 8                                            ; Untyped                   ;
; READ_DURING_WRITE_MODE_MIXED_PORTS ; DONT_CARE                                    ; Untyped                   ;
; READ_DURING_WRITE_MODE_PORT_A      ; NEW_DATA_NO_NBE_READ                         ; Untyped                   ;
; READ_DURING_WRITE_MODE_PORT_B      ; NEW_DATA_NO_NBE_READ                         ; Untyped                   ;
; INIT_FILE                          ; db/model_top.ram0_ifmap_mem_17622b78.hdl.mif ; Untyped                   ;
; INIT_FILE_LAYOUT                   ; PORT_A                                       ; Untyped                   ;
; MAXIMUM_DEPTH                      ; 0                                            ; Untyped                   ;
; CLOCK_ENABLE_INPUT_A               ; NORMAL                                       ; Untyped                   ;
; CLOCK_ENABLE_INPUT_B               ; NORMAL                                       ; Untyped                   ;
; CLOCK_ENABLE_OUTPUT_A              ; NORMAL                                       ; Untyped                   ;
; CLOCK_ENABLE_OUTPUT_B              ; NORMAL                                       ; Untyped                   ;
; CLOCK_ENABLE_CORE_A                ; USE_INPUT_CLKEN                              ; Untyped                   ;
; CLOCK_ENABLE_CORE_B                ; USE_INPUT_CLKEN                              ; Untyped                   ;
; ENABLE_ECC                         ; FALSE                                        ; Untyped                   ;
; ECC_PIPELINE_STAGE_ENABLED         ; FALSE                                        ; Untyped                   ;
; WIDTH_ECCSTATUS                    ; 3                                            ; Untyped                   ;
; DEVICE_FAMILY                      ; Cyclone V                                    ; Untyped                   ;
; CBXI_PARAMETER                     ; altsyncram_fef1                              ; Untyped                   ;
+------------------------------------+----------------------------------------------+---------------------------+
Note: In order to hide this table in the UI and the text report file, please set the "Show Parameter Settings in Synthesis Report" option in "Analysis and Synthesis Settings -> More Settings" to "Off".


+---------------------------------------------------------------------------------------------------------------------+
; Parameter Settings for Inferred Entity Instance: Systolic_Top:conv2_inst|Mem_ctrl:Mem_ctrl_instance|lpm_divide:Mod1 ;
+------------------------+----------------+---------------------------------------------------------------------------+
; Parameter Name         ; Value          ; Type                                                                      ;
+------------------------+----------------+---------------------------------------------------------------------------+
; LPM_WIDTHN             ; 8              ; Untyped                                                                   ;
; LPM_WIDTHD             ; 3              ; Untyped                                                                   ;
; LPM_NREPRESENTATION    ; UNSIGNED       ; Untyped                                                                   ;
; LPM_DREPRESENTATION    ; UNSIGNED       ; Untyped                                                                   ;
; LPM_PIPELINE           ; 0              ; Untyped                                                                   ;
; LPM_REMAINDERPOSITIVE  ; TRUE           ; Untyped                                                                   ;
; MAXIMIZE_SPEED         ; 5              ; Untyped                                                                   ;
; CBXI_PARAMETER         ; lpm_divide_72m ; Untyped                                                                   ;
; CARRY_CHAIN            ; MANUAL         ; Untyped                                                                   ;
; OPTIMIZE_FOR_SPEED     ; 5              ; Untyped                                                                   ;
; AUTO_CARRY_CHAINS      ; ON             ; AUTO_CARRY                                                                ;
; IGNORE_CARRY_BUFFERS   ; OFF            ; IGNORE_CARRY                                                              ;
; AUTO_CASCADE_CHAINS    ; ON             ; AUTO_CASCADE                                                              ;
; IGNORE_CASCADE_BUFFERS ; OFF            ; IGNORE_CASCADE                                                            ;
+------------------------+----------------+---------------------------------------------------------------------------+
Note: In order to hide this table in the UI and the text report file, please set the "Show Parameter Settings in Synthesis Report" option in "Analysis and Synthesis Settings -> More Settings" to "Off".


+---------------------------------------------------------------------------------------------------------------------+
; Parameter Settings for Inferred Entity Instance: Systolic_Top:conv1_inst|Mem_ctrl:Mem_ctrl_instance|lpm_divide:Mod1 ;
+------------------------+----------------+---------------------------------------------------------------------------+
; Parameter Name         ; Value          ; Type                                                                      ;
+------------------------+----------------+---------------------------------------------------------------------------+
; LPM_WIDTHN             ; 10             ; Untyped                                                                   ;
; LPM_WIDTHD             ; 5              ; Untyped                                                                   ;
; LPM_NREPRESENTATION    ; UNSIGNED       ; Untyped                                                                   ;
; LPM_DREPRESENTATION    ; UNSIGNED       ; Untyped                                                                   ;
; LPM_PIPELINE           ; 0              ; Untyped                                                                   ;
; LPM_REMAINDERPOSITIVE  ; TRUE           ; Untyped                                                                   ;
; MAXIMIZE_SPEED         ; 5              ; Untyped                                                                   ;
; CBXI_PARAMETER         ; lpm_divide_i3m ; Untyped                                                                   ;
; CARRY_CHAIN            ; MANUAL         ; Untyped                                                                   ;
; OPTIMIZE_FOR_SPEED     ; 5              ; Untyped                                                                   ;
; AUTO_CARRY_CHAINS      ; ON             ; AUTO_CARRY                                                                ;
; IGNORE_CARRY_BUFFERS   ; OFF            ; IGNORE_CARRY                                                              ;
; AUTO_CASCADE_CHAINS    ; ON             ; AUTO_CASCADE                                                              ;
; IGNORE_CASCADE_BUFFERS ; OFF            ; IGNORE_CASCADE                                                            ;
+------------------------+----------------+---------------------------------------------------------------------------+
Note: In order to hide this table in the UI and the text report file, please set the "Show Parameter Settings in Synthesis Report" option in "Analysis and Synthesis Settings -> More Settings" to "Off".


+---------------------------------------------------------------------------------------------------------------------+
; Parameter Settings for Inferred Entity Instance: Systolic_Top:conv1_inst|Mem_ctrl:Mem_ctrl_instance|lpm_divide:Mod0 ;
+------------------------+----------------+---------------------------------------------------------------------------+
; Parameter Name         ; Value          ; Type                                                                      ;
+------------------------+----------------+---------------------------------------------------------------------------+
; LPM_WIDTHN             ; 32             ; Untyped                                                                   ;
; LPM_WIDTHD             ; 3              ; Untyped                                                                   ;
; LPM_NREPRESENTATION    ; UNSIGNED       ; Untyped                                                                   ;
; LPM_DREPRESENTATION    ; UNSIGNED       ; Untyped                                                                   ;
; LPM_PIPELINE           ; 0              ; Untyped                                                                   ;
; LPM_REMAINDERPOSITIVE  ; TRUE           ; Untyped                                                                   ;
; MAXIMIZE_SPEED         ; 5              ; Untyped                                                                   ;
; CBXI_PARAMETER         ; lpm_divide_k3m ; Untyped                                                                   ;
; CARRY_CHAIN            ; MANUAL         ; Untyped                                                                   ;
; OPTIMIZE_FOR_SPEED     ; 5              ; Untyped                                                                   ;
; AUTO_CARRY_CHAINS      ; ON             ; AUTO_CARRY                                                                ;
; IGNORE_CARRY_BUFFERS   ; OFF            ; IGNORE_CARRY                                                              ;
; AUTO_CASCADE_CHAINS    ; ON             ; AUTO_CASCADE                                                              ;
; IGNORE_CASCADE_BUFFERS ; OFF            ; IGNORE_CASCADE                                                            ;
+------------------------+----------------+---------------------------------------------------------------------------+
Note: In order to hide this table in the UI and the text report file, please set the "Show Parameter Settings in Synthesis Report" option in "Analysis and Synthesis Settings -> More Settings" to "Off".


+---------------------------------------------------------------------------------------------------------------------+
; Parameter Settings for Inferred Entity Instance: Systolic_Top:conv1_inst|Mem_ctrl:Mem_ctrl_instance|lpm_divide:Div1 ;
+------------------------+----------------+---------------------------------------------------------------------------+
; Parameter Name         ; Value          ; Type                                                                      ;
+------------------------+----------------+---------------------------------------------------------------------------+
; LPM_WIDTHN             ; 10             ; Untyped                                                                   ;
; LPM_WIDTHD             ; 5              ; Untyped                                                                   ;
; LPM_NREPRESENTATION    ; UNSIGNED       ; Untyped                                                                   ;
; LPM_DREPRESENTATION    ; UNSIGNED       ; Untyped                                                                   ;
; LPM_PIPELINE           ; 0              ; Untyped                                                                   ;
; LPM_REMAINDERPOSITIVE  ; TRUE           ; Untyped                                                                   ;
; MAXIMIZE_SPEED         ; 5              ; Untyped                                                                   ;
; CBXI_PARAMETER         ; lpm_divide_fbm ; Untyped                                                                   ;
; CARRY_CHAIN            ; MANUAL         ; Untyped                                                                   ;
; OPTIMIZE_FOR_SPEED     ; 5              ; Untyped                                                                   ;
; AUTO_CARRY_CHAINS      ; ON             ; AUTO_CARRY                                                                ;
; IGNORE_CARRY_BUFFERS   ; OFF            ; IGNORE_CARRY                                                              ;
; AUTO_CASCADE_CHAINS    ; ON             ; AUTO_CASCADE                                                              ;
; IGNORE_CASCADE_BUFFERS ; OFF            ; IGNORE_CASCADE                                                            ;
+------------------------+----------------+---------------------------------------------------------------------------+
Note: In order to hide this table in the UI and the text report file, please set the "Show Parameter Settings in Synthesis Report" option in "Analysis and Synthesis Settings -> More Settings" to "Off".


+---------------------------------------------------------------------------------------------------------------------+
; Parameter Settings for Inferred Entity Instance: Systolic_Top:conv1_inst|Mem_ctrl:Mem_ctrl_instance|lpm_divide:Div0 ;
+------------------------+----------------+---------------------------------------------------------------------------+
; Parameter Name         ; Value          ; Type                                                                      ;
+------------------------+----------------+---------------------------------------------------------------------------+
; LPM_WIDTHN             ; 32             ; Untyped                                                                   ;
; LPM_WIDTHD             ; 3              ; Untyped                                                                   ;
; LPM_NREPRESENTATION    ; UNSIGNED       ; Untyped                                                                   ;
; LPM_DREPRESENTATION    ; UNSIGNED       ; Untyped                                                                   ;
; LPM_PIPELINE           ; 0              ; Untyped                                                                   ;
; LPM_REMAINDERPOSITIVE  ; TRUE           ; Untyped                                                                   ;
; MAXIMIZE_SPEED         ; 5              ; Untyped                                                                   ;
; CBXI_PARAMETER         ; lpm_divide_hbm ; Untyped                                                                   ;
; CARRY_CHAIN            ; MANUAL         ; Untyped                                                                   ;
; OPTIMIZE_FOR_SPEED     ; 5              ; Untyped                                                                   ;
; AUTO_CARRY_CHAINS      ; ON             ; AUTO_CARRY                                                                ;
; IGNORE_CARRY_BUFFERS   ; OFF            ; IGNORE_CARRY                                                              ;
; AUTO_CASCADE_CHAINS    ; ON             ; AUTO_CASCADE                                                              ;
; IGNORE_CASCADE_BUFFERS ; OFF            ; IGNORE_CASCADE                                                            ;
+------------------------+----------------+---------------------------------------------------------------------------+
Note: In order to hide this table in the UI and the text report file, please set the "Show Parameter Settings in Synthesis Report" option in "Analysis and Synthesis Settings -> More Settings" to "Off".


+---------------------------------------------------------------------------------------------------------------------+
; Parameter Settings for Inferred Entity Instance: Systolic_Top:conv2_inst|Mem_ctrl:Mem_ctrl_instance|lpm_divide:Div0 ;
+------------------------+----------------+---------------------------------------------------------------------------+
; Parameter Name         ; Value          ; Type                                                                      ;
+------------------------+----------------+---------------------------------------------------------------------------+
; LPM_WIDTHN             ; 8              ; Untyped                                                                   ;
; LPM_WIDTHD             ; 3              ; Untyped                                                                   ;
; LPM_NREPRESENTATION    ; UNSIGNED       ; Untyped                                                                   ;
; LPM_DREPRESENTATION    ; UNSIGNED       ; Untyped                                                                   ;
; LPM_PIPELINE           ; 0              ; Untyped                                                                   ;
; LPM_REMAINDERPOSITIVE  ; TRUE           ; Untyped                                                                   ;
; MAXIMIZE_SPEED         ; 5              ; Untyped                                                                   ;
; CBXI_PARAMETER         ; lpm_divide_4am ; Untyped                                                                   ;
; CARRY_CHAIN            ; MANUAL         ; Untyped                                                                   ;
; OPTIMIZE_FOR_SPEED     ; 5              ; Untyped                                                                   ;
; AUTO_CARRY_CHAINS      ; ON             ; AUTO_CARRY                                                                ;
; IGNORE_CARRY_BUFFERS   ; OFF            ; IGNORE_CARRY                                                              ;
; AUTO_CASCADE_CHAINS    ; ON             ; AUTO_CASCADE                                                              ;
; IGNORE_CASCADE_BUFFERS ; OFF            ; IGNORE_CASCADE                                                            ;
+------------------------+----------------+---------------------------------------------------------------------------+
Note: In order to hide this table in the UI and the text report file, please set the "Show Parameter Settings in Synthesis Report" option in "Analysis and Synthesis Settings -> More Settings" to "Off".


+---------------------------------------------------------------------------------------------------------------------+
; Parameter Settings for Inferred Entity Instance: Systolic_Top:conv2_inst|Mem_ctrl:Mem_ctrl_instance|lpm_divide:Mod0 ;
+------------------------+----------------+---------------------------------------------------------------------------+
; Parameter Name         ; Value          ; Type                                                                      ;
+------------------------+----------------+---------------------------------------------------------------------------+
; LPM_WIDTHN             ; 32             ; Untyped                                                                   ;
; LPM_WIDTHD             ; 3              ; Untyped                                                                   ;
; LPM_NREPRESENTATION    ; UNSIGNED       ; Untyped                                                                   ;
; LPM_DREPRESENTATION    ; UNSIGNED       ; Untyped                                                                   ;
; LPM_PIPELINE           ; 0              ; Untyped                                                                   ;
; LPM_REMAINDERPOSITIVE  ; TRUE           ; Untyped                                                                   ;
; MAXIMIZE_SPEED         ; 5              ; Untyped                                                                   ;
; CBXI_PARAMETER         ; lpm_divide_k3m ; Untyped                                                                   ;
; CARRY_CHAIN            ; MANUAL         ; Untyped                                                                   ;
; OPTIMIZE_FOR_SPEED     ; 5              ; Untyped                                                                   ;
; AUTO_CARRY_CHAINS      ; ON             ; AUTO_CARRY                                                                ;
; IGNORE_CARRY_BUFFERS   ; OFF            ; IGNORE_CARRY                                                              ;
; AUTO_CASCADE_CHAINS    ; ON             ; AUTO_CASCADE                                                              ;
; IGNORE_CASCADE_BUFFERS ; OFF            ; IGNORE_CASCADE                                                            ;
+------------------------+----------------+---------------------------------------------------------------------------+
Note: In order to hide this table in the UI and the text report file, please set the "Show Parameter Settings in Synthesis Report" option in "Analysis and Synthesis Settings -> More Settings" to "Off".


+---------------------------------------------------------------------------------------------------------------------+
; Parameter Settings for Inferred Entity Instance: Systolic_Top:conv2_inst|Mem_ctrl:Mem_ctrl_instance|lpm_divide:Mod2 ;
+------------------------+----------------+---------------------------------------------------------------------------+
; Parameter Name         ; Value          ; Type                                                                      ;
+------------------------+----------------+---------------------------------------------------------------------------+
; LPM_WIDTHN             ; 7              ; Untyped                                                                   ;
; LPM_WIDTHD             ; 4              ; Untyped                                                                   ;
; LPM_NREPRESENTATION    ; UNSIGNED       ; Untyped                                                                   ;
; LPM_DREPRESENTATION    ; UNSIGNED       ; Untyped                                                                   ;
; LPM_PIPELINE           ; 0              ; Untyped                                                                   ;
; LPM_REMAINDERPOSITIVE  ; TRUE           ; Untyped                                                                   ;
; MAXIMIZE_SPEED         ; 5              ; Untyped                                                                   ;
; CBXI_PARAMETER         ; lpm_divide_82m ; Untyped                                                                   ;
; CARRY_CHAIN            ; MANUAL         ; Untyped                                                                   ;
; OPTIMIZE_FOR_SPEED     ; 5              ; Untyped                                                                   ;
; AUTO_CARRY_CHAINS      ; ON             ; AUTO_CARRY                                                                ;
; IGNORE_CARRY_BUFFERS   ; OFF            ; IGNORE_CARRY                                                              ;
; AUTO_CASCADE_CHAINS    ; ON             ; AUTO_CASCADE                                                              ;
; IGNORE_CASCADE_BUFFERS ; OFF            ; IGNORE_CASCADE                                                            ;
+------------------------+----------------+---------------------------------------------------------------------------+
Note: In order to hide this table in the UI and the text report file, please set the "Show Parameter Settings in Synthesis Report" option in "Analysis and Synthesis Settings -> More Settings" to "Off".


+---------------------------------------------------------------------------------------------------------------------+
; Parameter Settings for Inferred Entity Instance: Systolic_Top:conv2_inst|Mem_ctrl:Mem_ctrl_instance|lpm_divide:Div2 ;
+------------------------+----------------+---------------------------------------------------------------------------+
; Parameter Name         ; Value          ; Type                                                                      ;
+------------------------+----------------+---------------------------------------------------------------------------+
; LPM_WIDTHN             ; 7              ; Untyped                                                                   ;
; LPM_WIDTHD             ; 4              ; Untyped                                                                   ;
; LPM_NREPRESENTATION    ; UNSIGNED       ; Untyped                                                                   ;
; LPM_DREPRESENTATION    ; UNSIGNED       ; Untyped                                                                   ;
; LPM_PIPELINE           ; 0              ; Untyped                                                                   ;
; LPM_REMAINDERPOSITIVE  ; TRUE           ; Untyped                                                                   ;
; MAXIMIZE_SPEED         ; 5              ; Untyped                                                                   ;
; CBXI_PARAMETER         ; lpm_divide_5am ; Untyped                                                                   ;
; CARRY_CHAIN            ; MANUAL         ; Untyped                                                                   ;
; OPTIMIZE_FOR_SPEED     ; 5              ; Untyped                                                                   ;
; AUTO_CARRY_CHAINS      ; ON             ; AUTO_CARRY                                                                ;
; IGNORE_CARRY_BUFFERS   ; OFF            ; IGNORE_CARRY                                                              ;
; AUTO_CASCADE_CHAINS    ; ON             ; AUTO_CASCADE                                                              ;
; IGNORE_CASCADE_BUFFERS ; OFF            ; IGNORE_CASCADE                                                            ;
+------------------------+----------------+---------------------------------------------------------------------------+
Note: In order to hide this table in the UI and the text report file, please set the "Show Parameter Settings in Synthesis Report" option in "Analysis and Synthesis Settings -> More Settings" to "Off".


+---------------------------------------------------------------------------------------------------------------------+
; Parameter Settings for Inferred Entity Instance: Systolic_Top:conv2_inst|Mem_ctrl:Mem_ctrl_instance|lpm_divide:Div1 ;
+------------------------+----------------+---------------------------------------------------------------------------+
; Parameter Name         ; Value          ; Type                                                                      ;
+------------------------+----------------+---------------------------------------------------------------------------+
; LPM_WIDTHN             ; 32             ; Untyped                                                                   ;
; LPM_WIDTHD             ; 3              ; Untyped                                                                   ;
; LPM_NREPRESENTATION    ; UNSIGNED       ; Untyped                                                                   ;
; LPM_DREPRESENTATION    ; UNSIGNED       ; Untyped                                                                   ;
; LPM_PIPELINE           ; 0              ; Untyped                                                                   ;
; LPM_REMAINDERPOSITIVE  ; TRUE           ; Untyped                                                                   ;
; MAXIMIZE_SPEED         ; 5              ; Untyped                                                                   ;
; CBXI_PARAMETER         ; lpm_divide_hbm ; Untyped                                                                   ;
; CARRY_CHAIN            ; MANUAL         ; Untyped                                                                   ;
; OPTIMIZE_FOR_SPEED     ; 5              ; Untyped                                                                   ;
; AUTO_CARRY_CHAINS      ; ON             ; AUTO_CARRY                                                                ;
; IGNORE_CARRY_BUFFERS   ; OFF            ; IGNORE_CARRY                                                              ;
; AUTO_CASCADE_CHAINS    ; ON             ; AUTO_CASCADE                                                              ;
; IGNORE_CASCADE_BUFFERS ; OFF            ; IGNORE_CASCADE                                                            ;
+------------------------+----------------+---------------------------------------------------------------------------+
Note: In order to hide this table in the UI and the text report file, please set the "Show Parameter Settings in Synthesis Report" option in "Analysis and Synthesis Settings -> More Settings" to "Off".


+-----------------------------------------------------------------------------------------------------------+
; altsyncram Parameter Settings by Entity Instance                                                          ;
+-------------------------------------------+---------------------------------------------------------------+
; Name                                      ; Value                                                         ;
+-------------------------------------------+---------------------------------------------------------------+
; Number of entity instances                ; 10                                                            ;
; Entity Instance                           ; fc_top:fc_pipeline|fcl_weight_rom:w3|altsyncram:mem_rtl_0     ;
;     -- OPERATION_MODE                     ; ROM                                                           ;
;     -- WIDTH_A                            ; 8                                                             ;
;     -- NUMWORDS_A                         ; 840                                                           ;
;     -- OUTDATA_REG_A                      ; UNREGISTERED                                                  ;
;     -- WIDTH_B                            ; 1                                                             ;
;     -- NUMWORDS_B                         ; 1                                                             ;
;     -- ADDRESS_REG_B                      ; CLOCK1                                                        ;
;     -- OUTDATA_REG_B                      ; UNREGISTERED                                                  ;
;     -- RAM_BLOCK_TYPE                     ; M10K                                                          ;
;     -- READ_DURING_WRITE_MODE_MIXED_PORTS ; DONT_CARE                                                     ;
; Entity Instance                           ; fc_top:fc_pipeline|fcl_weight_rom:w1|altsyncram:mem_rtl_0     ;
;     -- OPERATION_MODE                     ; ROM                                                           ;
;     -- WIDTH_A                            ; 8                                                             ;
;     -- NUMWORDS_A                         ; 48000                                                         ;
;     -- OUTDATA_REG_A                      ; UNREGISTERED                                                  ;
;     -- WIDTH_B                            ; 1                                                             ;
;     -- NUMWORDS_B                         ; 1                                                             ;
;     -- ADDRESS_REG_B                      ; CLOCK1                                                        ;
;     -- OUTDATA_REG_B                      ; UNREGISTERED                                                  ;
;     -- RAM_BLOCK_TYPE                     ; M10K                                                          ;
;     -- READ_DURING_WRITE_MODE_MIXED_PORTS ; DONT_CARE                                                     ;
; Entity Instance                           ; Systolic_Top:conv2_inst|weight_mem:w_mem|altsyncram:mem_rtl_0 ;
;     -- OPERATION_MODE                     ; ROM                                                           ;
;     -- WIDTH_A                            ; 128                                                           ;
;     -- NUMWORDS_A                         ; 2048                                                          ;
;     -- OUTDATA_REG_A                      ; UNREGISTERED                                                  ;
;     -- WIDTH_B                            ; 1                                                             ;
;     -- NUMWORDS_B                         ; 1                                                             ;
;     -- ADDRESS_REG_B                      ; CLOCK1                                                        ;
;     -- OUTDATA_REG_B                      ; UNREGISTERED                                                  ;
;     -- RAM_BLOCK_TYPE                     ; M10K                                                          ;
;     -- READ_DURING_WRITE_MODE_MIXED_PORTS ; DONT_CARE                                                     ;
; Entity Instance                           ; fc_top:fc_pipeline|fcl_weight_rom:w2|altsyncram:mem_rtl_0     ;
;     -- OPERATION_MODE                     ; ROM                                                           ;
;     -- WIDTH_A                            ; 8                                                             ;
;     -- NUMWORDS_A                         ; 10080                                                         ;
;     -- OUTDATA_REG_A                      ; UNREGISTERED                                                  ;
;     -- WIDTH_B                            ; 1                                                             ;
;     -- NUMWORDS_B                         ; 1                                                             ;
;     -- ADDRESS_REG_B                      ; CLOCK1                                                        ;
;     -- OUTDATA_REG_B                      ; UNREGISTERED                                                  ;
;     -- RAM_BLOCK_TYPE                     ; M10K                                                          ;
;     -- READ_DURING_WRITE_MODE_MIXED_PORTS ; DONT_CARE                                                     ;
; Entity Instance                           ; Systolic_Top:conv2_inst|ofmap_mem:o_mem|altsyncram:mem_rtl_0  ;
;     -- OPERATION_MODE                     ; DUAL_PORT                                                     ;
;     -- WIDTH_A                            ; 512                                                           ;
;     -- NUMWORDS_A                         ; 1024                                                          ;
;     -- OUTDATA_REG_A                      ; UNREGISTERED                                                  ;
;     -- WIDTH_B                            ; 512                                                           ;
;     -- NUMWORDS_B                         ; 1024                                                          ;
;     -- ADDRESS_REG_B                      ; CLOCK0                                                        ;
;     -- OUTDATA_REG_B                      ; UNREGISTERED                                                  ;
;     -- RAM_BLOCK_TYPE                     ; M10K                                                          ;
;     -- READ_DURING_WRITE_MODE_MIXED_PORTS ; OLD_DATA                                                      ;
; Entity Instance                           ; Systolic_Top:conv2_inst|ifmap_mem:i_mem|altsyncram:mem_rtl_0  ;
;     -- OPERATION_MODE                     ; DUAL_PORT                                                     ;
;     -- WIDTH_A                            ; 8                                                             ;
;     -- NUMWORDS_A                         ; 2048                                                          ;
;     -- OUTDATA_REG_A                      ; UNREGISTERED                                                  ;
;     -- WIDTH_B                            ; 8                                                             ;
;     -- NUMWORDS_B                         ; 2048                                                          ;
;     -- ADDRESS_REG_B                      ; CLOCK0                                                        ;
;     -- OUTDATA_REG_B                      ; UNREGISTERED                                                  ;
;     -- RAM_BLOCK_TYPE                     ; M10K                                                          ;
;     -- READ_DURING_WRITE_MODE_MIXED_PORTS ; OLD_DATA                                                      ;
; Entity Instance                           ; dual_port_bram:pool2_to_fc_buf|altsyncram:ram_rtl_0           ;
;     -- OPERATION_MODE                     ; DUAL_PORT                                                     ;
;     -- WIDTH_A                            ; 8                                                             ;
;     -- NUMWORDS_A                         ; 512                                                           ;
;     -- OUTDATA_REG_A                      ; UNREGISTERED                                                  ;
;     -- WIDTH_B                            ; 8                                                             ;
;     -- NUMWORDS_B                         ; 512                                                           ;
;     -- ADDRESS_REG_B                      ; CLOCK0                                                        ;
;     -- OUTDATA_REG_B                      ; UNREGISTERED                                                  ;
;     -- RAM_BLOCK_TYPE                     ; M10K                                                          ;
;     -- READ_DURING_WRITE_MODE_MIXED_PORTS ; DONT_CARE                                                     ;
; Entity Instance                           ; Systolic_Top:conv1_inst|ofmap_mem:o_mem|altsyncram:mem_rtl_0  ;
;     -- OPERATION_MODE                     ; DUAL_PORT                                                     ;
;     -- WIDTH_A                            ; 512                                                           ;
;     -- NUMWORDS_A                         ; 1024                                                          ;
;     -- OUTDATA_REG_A                      ; UNREGISTERED                                                  ;
;     -- WIDTH_B                            ; 512                                                           ;
;     -- NUMWORDS_B                         ; 1024                                                          ;
;     -- ADDRESS_REG_B                      ; CLOCK0                                                        ;
;     -- OUTDATA_REG_B                      ; UNREGISTERED                                                  ;
;     -- RAM_BLOCK_TYPE                     ; M10K                                                          ;
;     -- READ_DURING_WRITE_MODE_MIXED_PORTS ; OLD_DATA                                                      ;
; Entity Instance                           ; Systolic_Top:conv1_inst|weight_mem:w_mem|altsyncram:mem_rtl_0 ;
;     -- OPERATION_MODE                     ; ROM                                                           ;
;     -- WIDTH_A                            ; 128                                                           ;
;     -- NUMWORDS_A                         ; 2048                                                          ;
;     -- OUTDATA_REG_A                      ; UNREGISTERED                                                  ;
;     -- WIDTH_B                            ; 1                                                             ;
;     -- NUMWORDS_B                         ; 1                                                             ;
;     -- ADDRESS_REG_B                      ; CLOCK1                                                        ;
;     -- OUTDATA_REG_B                      ; UNREGISTERED                                                  ;
;     -- RAM_BLOCK_TYPE                     ; M10K                                                          ;
;     -- READ_DURING_WRITE_MODE_MIXED_PORTS ; DONT_CARE                                                     ;
; Entity Instance                           ; Systolic_Top:conv1_inst|ifmap_mem:i_mem|altsyncram:mem_rtl_0  ;
;     -- OPERATION_MODE                     ; ROM                                                           ;
;     -- WIDTH_A                            ; 8                                                             ;
;     -- NUMWORDS_A                         ; 1024                                                          ;
;     -- OUTDATA_REG_A                      ; UNREGISTERED                                                  ;
;     -- WIDTH_B                            ; 1                                                             ;
;     -- NUMWORDS_B                         ; 1                                                             ;
;     -- ADDRESS_REG_B                      ; CLOCK1                                                        ;
;     -- OUTDATA_REG_B                      ; UNREGISTERED                                                  ;
;     -- RAM_BLOCK_TYPE                     ; M10K                                                          ;
;     -- READ_DURING_WRITE_MODE_MIXED_PORTS ; DONT_CARE                                                     ;
+-------------------------------------------+---------------------------------------------------------------+


+-----------------------------------------------------------------------------------------------------------------------+
; Port Connectivity Checks: "fc_top:fc_pipeline|fc_layer:fc3"                                                           ;
+-------------+--------+----------+-------------------------------------------------------------------------------------+
; Port        ; Type   ; Severity ; Details                                                                             ;
+-------------+--------+----------+-------------------------------------------------------------------------------------+
; layer_ready ; Output ; Info     ; Connected to dangling logic. Logic that only feeds a dangling port will be removed. ;
+-------------+--------+----------+-------------------------------------------------------------------------------------+


+---------------------------------------------------------------------------------------------------------------------------+
; Port Connectivity Checks: "fc_top:fc_pipeline|fc_serializer:ser23"                                                        ;
+-----------------+--------+----------+-------------------------------------------------------------------------------------+
; Port            ; Type   ; Severity ; Details                                                                             ;
+-----------------+--------+----------+-------------------------------------------------------------------------------------+
; out_data[15..8] ; Output ; Info     ; Connected to dangling logic. Logic that only feeds a dangling port will be removed. ;
+-----------------+--------+----------+-------------------------------------------------------------------------------------+


+-----------------------------------------------------------------------------------------------------------------------+
; Port Connectivity Checks: "fc_top:fc_pipeline|fc_layer:fc2"                                                           ;
+-------------+--------+----------+-------------------------------------------------------------------------------------+
; Port        ; Type   ; Severity ; Details                                                                             ;
+-------------+--------+----------+-------------------------------------------------------------------------------------+
; layer_ready ; Output ; Info     ; Connected to dangling logic. Logic that only feeds a dangling port will be removed. ;
+-------------+--------+----------+-------------------------------------------------------------------------------------+


+---------------------------------------------------------------------------------------------------------------------------+
; Port Connectivity Checks: "fc_top:fc_pipeline|fc_serializer:ser12"                                                        ;
+-----------------+--------+----------+-------------------------------------------------------------------------------------+
; Port            ; Type   ; Severity ; Details                                                                             ;
+-----------------+--------+----------+-------------------------------------------------------------------------------------+
; out_data[15..8] ; Output ; Info     ; Connected to dangling logic. Logic that only feeds a dangling port will be removed. ;
+-----------------+--------+----------+-------------------------------------------------------------------------------------+


+-----------------------------------------------------------------------------------------------------------------------+
; Port Connectivity Checks: "fc_top:fc_pipeline|fc_layer:fc1"                                                           ;
+-------------+--------+----------+-------------------------------------------------------------------------------------+
; Port        ; Type   ; Severity ; Details                                                                             ;
+-------------+--------+----------+-------------------------------------------------------------------------------------+
; layer_ready ; Output ; Info     ; Connected to dangling logic. Logic that only feeds a dangling port will be removed. ;
+-------------+--------+----------+-------------------------------------------------------------------------------------+


+------------------------------------------------------------+
; Port Connectivity Checks: "dual_port_bram:pool2_to_fc_buf" ;
+------+-------+----------+----------------------------------+
; Port ; Type  ; Severity ; Details                          ;
+------+-------+----------+----------------------------------+
; re   ; Input ; Info     ; Stuck at VCC                     ;
+------+-------+----------+----------------------------------+


+---------------------------------------------------------------------------+
; Port Connectivity Checks: "pooling_top:pool2_inst|pooling_layer:dut_pool" ;
+-----------+-------+----------+--------------------------------------------+
; Port      ; Type  ; Severity ; Details                                    ;
+-----------+-------+----------+--------------------------------------------+
; out_ready ; Input ; Info     ; Stuck at VCC                               ;
+-----------+-------+----------+--------------------------------------------+


+------------------------------------------------------------------------------------------------------------------------------------------------------------+
; Port Connectivity Checks: "pooling_top:pool2_inst"                                                                                                         ;
+---------+--------+----------+------------------------------------------------------------------------------------------------------------------------------+
; Port    ; Type   ; Severity ; Details                                                                                                                      ;
+---------+--------+----------+------------------------------------------------------------------------------------------------------------------------------+
; rd_addr ; Output ; Warning  ; Output or bidir port (10 bits) is wider than the port expression (7 bits) it drives; bit(s) "rd_addr[9..7]" have no fanouts  ;
; wr_addr ; Output ; Warning  ; Output or bidir port (8 bits) is wider than the port expression (5 bits) it drives; bit(s) "wr_addr[7..5]" have no fanouts   ;
; wr_addr ; Output ; Info     ; Connected to dangling logic. Logic that only feeds a dangling port will be removed.                                          ;
; wr_data ; Output ; Warning  ; Output or bidir port (18 bits) is wider than the port expression (8 bits) it drives; bit(s) "wr_data[17..8]" have no fanouts ;
+---------+--------+----------+------------------------------------------------------------------------------------------------------------------------------+


+----------------------------------------------------------------------+
; Port Connectivity Checks: "Systolic_Top:conv2_inst|weight_mem:w_mem" ;
+-------------+-------+----------+-------------------------------------+
; Port        ; Type  ; Severity ; Details                             ;
+-------------+-------+----------+-------------------------------------+
; Data        ; Input ; Info     ; Stuck at GND                        ;
; WriteEnable ; Input ; Info     ; Stuck at GND                        ;
+-------------+-------+----------+-------------------------------------+


+----------------------------------------------------------------------------------------------------------------------------------------+
; Port Connectivity Checks: "Systolic_Top:conv2_inst|Mem_ctrl:Mem_ctrl_instance"                                                         ;
+------------------------------+--------+----------+-------------------------------------------------------------------------------------+
; Port                         ; Type   ; Severity ; Details                                                                             ;
+------------------------------+--------+----------+-------------------------------------------------------------------------------------+
; WeightPrefetchOut            ; Output ; Info     ; Explicitly unconnected                                                              ;
; WeightReadEnableOut          ; Output ; Info     ; Explicitly unconnected                                                              ;
; InputFeatureMapStartOut      ; Output ; Info     ; Connected to dangling logic. Logic that only feeds a dangling port will be removed. ;
; InputFeatureMapReadEnableOut ; Output ; Info     ; Connected to dangling logic. Logic that only feeds a dangling port will be removed. ;
; MacDoneOut                   ; Output ; Info     ; Explicitly unconnected                                                              ;
+------------------------------+--------+----------+-------------------------------------------------------------------------------------+


+----------------------------------------------------------------------------------------------------------+
; Port Connectivity Checks: "Systolic_Top:conv2_inst|PE_Array:PE_Array_instance|PE:row[0].col[15].pe_inst" ;
+------------------------+--------+----------+-------------------------------------------------------------+
; Port                   ; Type   ; Severity ; Details                                                     ;
+------------------------+--------+----------+-------------------------------------------------------------+
; InputFeatureMapDataOut ; Output ; Info     ; Explicitly unconnected                                      ;
; WeightDataOut          ; Output ; Info     ; Explicitly unconnected                                      ;
+------------------------+--------+----------+-------------------------------------------------------------+


+----------------------------------------------------------------------------------------------------------+
; Port Connectivity Checks: "Systolic_Top:conv2_inst|PE_Array:PE_Array_instance|PE:row[0].col[14].pe_inst" ;
+------------------------+--------+----------+-------------------------------------------------------------+
; Port                   ; Type   ; Severity ; Details                                                     ;
+------------------------+--------+----------+-------------------------------------------------------------+
; InputFeatureMapDataOut ; Output ; Info     ; Explicitly unconnected                                      ;
; WeightDataOut          ; Output ; Info     ; Explicitly unconnected                                      ;
+------------------------+--------+----------+-------------------------------------------------------------+


+----------------------------------------------------------------------------------------------------------+
; Port Connectivity Checks: "Systolic_Top:conv2_inst|PE_Array:PE_Array_instance|PE:row[0].col[13].pe_inst" ;
+------------------------+--------+----------+-------------------------------------------------------------+
; Port                   ; Type   ; Severity ; Details                                                     ;
+------------------------+--------+----------+-------------------------------------------------------------+
; InputFeatureMapDataOut ; Output ; Info     ; Explicitly unconnected                                      ;
; WeightDataOut          ; Output ; Info     ; Explicitly unconnected                                      ;
+------------------------+--------+----------+-------------------------------------------------------------+


+----------------------------------------------------------------------------------------------------------+
; Port Connectivity Checks: "Systolic_Top:conv2_inst|PE_Array:PE_Array_instance|PE:row[0].col[12].pe_inst" ;
+------------------------+--------+----------+-------------------------------------------------------------+
; Port                   ; Type   ; Severity ; Details                                                     ;
+------------------------+--------+----------+-------------------------------------------------------------+
; InputFeatureMapDataOut ; Output ; Info     ; Explicitly unconnected                                      ;
; WeightDataOut          ; Output ; Info     ; Explicitly unconnected                                      ;
+------------------------+--------+----------+-------------------------------------------------------------+


+----------------------------------------------------------------------------------------------------------+
; Port Connectivity Checks: "Systolic_Top:conv2_inst|PE_Array:PE_Array_instance|PE:row[0].col[11].pe_inst" ;
+------------------------+--------+----------+-------------------------------------------------------------+
; Port                   ; Type   ; Severity ; Details                                                     ;
+------------------------+--------+----------+-------------------------------------------------------------+
; InputFeatureMapDataOut ; Output ; Info     ; Explicitly unconnected                                      ;
; WeightDataOut          ; Output ; Info     ; Explicitly unconnected                                      ;
+------------------------+--------+----------+-------------------------------------------------------------+


+----------------------------------------------------------------------------------------------------------+
; Port Connectivity Checks: "Systolic_Top:conv2_inst|PE_Array:PE_Array_instance|PE:row[0].col[10].pe_inst" ;
+------------------------+--------+----------+-------------------------------------------------------------+
; Port                   ; Type   ; Severity ; Details                                                     ;
+------------------------+--------+----------+-------------------------------------------------------------+
; InputFeatureMapDataOut ; Output ; Info     ; Explicitly unconnected                                      ;
; WeightDataOut          ; Output ; Info     ; Explicitly unconnected                                      ;
+------------------------+--------+----------+-------------------------------------------------------------+


+---------------------------------------------------------------------------------------------------------+
; Port Connectivity Checks: "Systolic_Top:conv2_inst|PE_Array:PE_Array_instance|PE:row[0].col[9].pe_inst" ;
+------------------------+--------+----------+------------------------------------------------------------+
; Port                   ; Type   ; Severity ; Details                                                    ;
+------------------------+--------+----------+------------------------------------------------------------+
; InputFeatureMapDataOut ; Output ; Info     ; Explicitly unconnected                                     ;
; WeightDataOut          ; Output ; Info     ; Explicitly unconnected                                     ;
+------------------------+--------+----------+------------------------------------------------------------+


+---------------------------------------------------------------------------------------------------------+
; Port Connectivity Checks: "Systolic_Top:conv2_inst|PE_Array:PE_Array_instance|PE:row[0].col[8].pe_inst" ;
+------------------------+--------+----------+------------------------------------------------------------+
; Port                   ; Type   ; Severity ; Details                                                    ;
+------------------------+--------+----------+------------------------------------------------------------+
; InputFeatureMapDataOut ; Output ; Info     ; Explicitly unconnected                                     ;
; WeightDataOut          ; Output ; Info     ; Explicitly unconnected                                     ;
+------------------------+--------+----------+------------------------------------------------------------+


+---------------------------------------------------------------------------------------------------------+
; Port Connectivity Checks: "Systolic_Top:conv2_inst|PE_Array:PE_Array_instance|PE:row[0].col[7].pe_inst" ;
+------------------------+--------+----------+------------------------------------------------------------+
; Port                   ; Type   ; Severity ; Details                                                    ;
+------------------------+--------+----------+------------------------------------------------------------+
; InputFeatureMapDataOut ; Output ; Info     ; Explicitly unconnected                                     ;
; WeightDataOut          ; Output ; Info     ; Explicitly unconnected                                     ;
+------------------------+--------+----------+------------------------------------------------------------+


+---------------------------------------------------------------------------------------------------------+
; Port Connectivity Checks: "Systolic_Top:conv2_inst|PE_Array:PE_Array_instance|PE:row[0].col[6].pe_inst" ;
+------------------------+--------+----------+------------------------------------------------------------+
; Port                   ; Type   ; Severity ; Details                                                    ;
+------------------------+--------+----------+------------------------------------------------------------+
; InputFeatureMapDataOut ; Output ; Info     ; Explicitly unconnected                                     ;
; WeightDataOut          ; Output ; Info     ; Explicitly unconnected                                     ;
+------------------------+--------+----------+------------------------------------------------------------+


+---------------------------------------------------------------------------------------------------------+
; Port Connectivity Checks: "Systolic_Top:conv2_inst|PE_Array:PE_Array_instance|PE:row[0].col[5].pe_inst" ;
+------------------------+--------+----------+------------------------------------------------------------+
; Port                   ; Type   ; Severity ; Details                                                    ;
+------------------------+--------+----------+------------------------------------------------------------+
; InputFeatureMapDataOut ; Output ; Info     ; Explicitly unconnected                                     ;
; WeightDataOut          ; Output ; Info     ; Explicitly unconnected                                     ;
+------------------------+--------+----------+------------------------------------------------------------+


+---------------------------------------------------------------------------------------------------------+
; Port Connectivity Checks: "Systolic_Top:conv2_inst|PE_Array:PE_Array_instance|PE:row[0].col[4].pe_inst" ;
+------------------------+--------+----------+------------------------------------------------------------+
; Port                   ; Type   ; Severity ; Details                                                    ;
+------------------------+--------+----------+------------------------------------------------------------+
; InputFeatureMapDataOut ; Output ; Info     ; Explicitly unconnected                                     ;
; WeightDataOut          ; Output ; Info     ; Explicitly unconnected                                     ;
+------------------------+--------+----------+------------------------------------------------------------+


+---------------------------------------------------------------------------------------------------------+
; Port Connectivity Checks: "Systolic_Top:conv2_inst|PE_Array:PE_Array_instance|PE:row[0].col[3].pe_inst" ;
+------------------------+--------+----------+------------------------------------------------------------+
; Port                   ; Type   ; Severity ; Details                                                    ;
+------------------------+--------+----------+------------------------------------------------------------+
; InputFeatureMapDataOut ; Output ; Info     ; Explicitly unconnected                                     ;
; WeightDataOut          ; Output ; Info     ; Explicitly unconnected                                     ;
+------------------------+--------+----------+------------------------------------------------------------+


+---------------------------------------------------------------------------------------------------------+
; Port Connectivity Checks: "Systolic_Top:conv2_inst|PE_Array:PE_Array_instance|PE:row[0].col[2].pe_inst" ;
+------------------------+--------+----------+------------------------------------------------------------+
; Port                   ; Type   ; Severity ; Details                                                    ;
+------------------------+--------+----------+------------------------------------------------------------+
; InputFeatureMapDataOut ; Output ; Info     ; Explicitly unconnected                                     ;
; WeightDataOut          ; Output ; Info     ; Explicitly unconnected                                     ;
+------------------------+--------+----------+------------------------------------------------------------+


+---------------------------------------------------------------------------------------------------------+
; Port Connectivity Checks: "Systolic_Top:conv2_inst|PE_Array:PE_Array_instance|PE:row[0].col[1].pe_inst" ;
+------------------------+--------+----------+------------------------------------------------------------+
; Port                   ; Type   ; Severity ; Details                                                    ;
+------------------------+--------+----------+------------------------------------------------------------+
; InputFeatureMapDataOut ; Output ; Info     ; Explicitly unconnected                                     ;
; WeightDataOut          ; Output ; Info     ; Explicitly unconnected                                     ;
+------------------------+--------+----------+------------------------------------------------------------+


+---------------------------------------------------------------------------------------------------------+
; Port Connectivity Checks: "Systolic_Top:conv2_inst|PE_Array:PE_Array_instance|PE:row[0].col[0].pe_inst" ;
+------------------------+--------+----------+------------------------------------------------------------+
; Port                   ; Type   ; Severity ; Details                                                    ;
+------------------------+--------+----------+------------------------------------------------------------+
; InputFeatureMapDataOut ; Output ; Info     ; Explicitly unconnected                                     ;
; WeightDataOut          ; Output ; Info     ; Explicitly unconnected                                     ;
+------------------------+--------+----------+------------------------------------------------------------+


+------------------------------------------------------------------------------------------------------------------------------------+
; Port Connectivity Checks: "Systolic_Top:conv2_inst|PE_Array:PE_Array_instance"                                                     ;
+--------------------------+--------+----------+-------------------------------------------------------------------------------------+
; Port                     ; Type   ; Severity ; Details                                                                             ;
+--------------------------+--------+----------+-------------------------------------------------------------------------------------+
; OutputFeatureMapValidOut ; Output ; Info     ; Connected to dangling logic. Logic that only feeds a dangling port will be removed. ;
+--------------------------+--------+----------+-------------------------------------------------------------------------------------+


+-------------------------------------------------------------+
; Port Connectivity Checks: "Systolic_Top:conv2_inst"         ;
+---------------------------+-------+----------+--------------+
; Port                      ; Type  ; Severity ; Details      ;
+---------------------------+-------+----------+--------------+
; TestOutputAddressIn[9..7] ; Input ; Info     ; Stuck at GND ;
+---------------------------+-------+----------+--------------+


+---------------------------------------------------------------------------+
; Port Connectivity Checks: "pooling_top:pool1_inst|pooling_layer:dut_pool" ;
+-----------+-------+----------+--------------------------------------------+
; Port      ; Type  ; Severity ; Details                                    ;
+-----------+-------+----------+--------------------------------------------+
; out_ready ; Input ; Info     ; Stuck at VCC                               ;
+-----------+-------+----------+--------------------------------------------+


+------------------------------------------------------------------------------------------------------------------------------------------------------------+
; Port Connectivity Checks: "pooling_top:pool1_inst"                                                                                                         ;
+---------+--------+----------+------------------------------------------------------------------------------------------------------------------------------+
; Port    ; Type   ; Severity ; Details                                                                                                                      ;
+---------+--------+----------+------------------------------------------------------------------------------------------------------------------------------+
; wr_data ; Output ; Warning  ; Output or bidir port (18 bits) is wider than the port expression (8 bits) it drives; bit(s) "wr_data[17..8]" have no fanouts ;
+---------+--------+----------+------------------------------------------------------------------------------------------------------------------------------+


+----------------------------------------------------------------------+
; Port Connectivity Checks: "Systolic_Top:conv1_inst|weight_mem:w_mem" ;
+-------------+-------+----------+-------------------------------------+
; Port        ; Type  ; Severity ; Details                             ;
+-------------+-------+----------+-------------------------------------+
; Data        ; Input ; Info     ; Stuck at GND                        ;
; WriteEnable ; Input ; Info     ; Stuck at GND                        ;
+-------------+-------+----------+-------------------------------------+


+----------------------------------------------------------------------------------------------------------------------------------------+
; Port Connectivity Checks: "Systolic_Top:conv1_inst|Mem_ctrl:Mem_ctrl_instance"                                                         ;
+------------------------------+--------+----------+-------------------------------------------------------------------------------------+
; Port                         ; Type   ; Severity ; Details                                                                             ;
+------------------------------+--------+----------+-------------------------------------------------------------------------------------+
; WeightPrefetchOut            ; Output ; Info     ; Explicitly unconnected                                                              ;
; WeightReadEnableOut          ; Output ; Info     ; Explicitly unconnected                                                              ;
; InputFeatureMapStartOut      ; Output ; Info     ; Connected to dangling logic. Logic that only feeds a dangling port will be removed. ;
; InputFeatureMapReadEnableOut ; Output ; Info     ; Connected to dangling logic. Logic that only feeds a dangling port will be removed. ;
; MacDoneOut                   ; Output ; Info     ; Explicitly unconnected                                                              ;
+------------------------------+--------+----------+-------------------------------------------------------------------------------------+


+----------------------------------------------------------------------------------------------------------+
; Port Connectivity Checks: "Systolic_Top:conv1_inst|PE_Array:PE_Array_instance|PE:row[0].col[15].pe_inst" ;
+------------------------+--------+----------+-------------------------------------------------------------+
; Port                   ; Type   ; Severity ; Details                                                     ;
+------------------------+--------+----------+-------------------------------------------------------------+
; InputFeatureMapDataOut ; Output ; Info     ; Explicitly unconnected                                      ;
; WeightDataOut          ; Output ; Info     ; Explicitly unconnected                                      ;
+------------------------+--------+----------+-------------------------------------------------------------+


+----------------------------------------------------------------------------------------------------------+
; Port Connectivity Checks: "Systolic_Top:conv1_inst|PE_Array:PE_Array_instance|PE:row[0].col[14].pe_inst" ;
+------------------------+--------+----------+-------------------------------------------------------------+
; Port                   ; Type   ; Severity ; Details                                                     ;
+------------------------+--------+----------+-------------------------------------------------------------+
; InputFeatureMapDataOut ; Output ; Info     ; Explicitly unconnected                                      ;
; WeightDataOut          ; Output ; Info     ; Explicitly unconnected                                      ;
+------------------------+--------+----------+-------------------------------------------------------------+


+----------------------------------------------------------------------------------------------------------+
; Port Connectivity Checks: "Systolic_Top:conv1_inst|PE_Array:PE_Array_instance|PE:row[0].col[13].pe_inst" ;
+------------------------+--------+----------+-------------------------------------------------------------+
; Port                   ; Type   ; Severity ; Details                                                     ;
+------------------------+--------+----------+-------------------------------------------------------------+
; InputFeatureMapDataOut ; Output ; Info     ; Explicitly unconnected                                      ;
; WeightDataOut          ; Output ; Info     ; Explicitly unconnected                                      ;
+------------------------+--------+----------+-------------------------------------------------------------+


+----------------------------------------------------------------------------------------------------------+
; Port Connectivity Checks: "Systolic_Top:conv1_inst|PE_Array:PE_Array_instance|PE:row[0].col[12].pe_inst" ;
+------------------------+--------+----------+-------------------------------------------------------------+
; Port                   ; Type   ; Severity ; Details                                                     ;
+------------------------+--------+----------+-------------------------------------------------------------+
; InputFeatureMapDataOut ; Output ; Info     ; Explicitly unconnected                                      ;
; WeightDataOut          ; Output ; Info     ; Explicitly unconnected                                      ;
+------------------------+--------+----------+-------------------------------------------------------------+


+----------------------------------------------------------------------------------------------------------+
; Port Connectivity Checks: "Systolic_Top:conv1_inst|PE_Array:PE_Array_instance|PE:row[0].col[11].pe_inst" ;
+------------------------+--------+----------+-------------------------------------------------------------+
; Port                   ; Type   ; Severity ; Details                                                     ;
+------------------------+--------+----------+-------------------------------------------------------------+
; InputFeatureMapDataOut ; Output ; Info     ; Explicitly unconnected                                      ;
; WeightDataOut          ; Output ; Info     ; Explicitly unconnected                                      ;
+------------------------+--------+----------+-------------------------------------------------------------+


+----------------------------------------------------------------------------------------------------------+
; Port Connectivity Checks: "Systolic_Top:conv1_inst|PE_Array:PE_Array_instance|PE:row[0].col[10].pe_inst" ;
+------------------------+--------+----------+-------------------------------------------------------------+
; Port                   ; Type   ; Severity ; Details                                                     ;
+------------------------+--------+----------+-------------------------------------------------------------+
; InputFeatureMapDataOut ; Output ; Info     ; Explicitly unconnected                                      ;
; WeightDataOut          ; Output ; Info     ; Explicitly unconnected                                      ;
+------------------------+--------+----------+-------------------------------------------------------------+


+---------------------------------------------------------------------------------------------------------+
; Port Connectivity Checks: "Systolic_Top:conv1_inst|PE_Array:PE_Array_instance|PE:row[0].col[9].pe_inst" ;
+------------------------+--------+----------+------------------------------------------------------------+
; Port                   ; Type   ; Severity ; Details                                                    ;
+------------------------+--------+----------+------------------------------------------------------------+
; InputFeatureMapDataOut ; Output ; Info     ; Explicitly unconnected                                     ;
; WeightDataOut          ; Output ; Info     ; Explicitly unconnected                                     ;
+------------------------+--------+----------+------------------------------------------------------------+


+---------------------------------------------------------------------------------------------------------+
; Port Connectivity Checks: "Systolic_Top:conv1_inst|PE_Array:PE_Array_instance|PE:row[0].col[8].pe_inst" ;
+------------------------+--------+----------+------------------------------------------------------------+
; Port                   ; Type   ; Severity ; Details                                                    ;
+------------------------+--------+----------+------------------------------------------------------------+
; InputFeatureMapDataOut ; Output ; Info     ; Explicitly unconnected                                     ;
; WeightDataOut          ; Output ; Info     ; Explicitly unconnected                                     ;
+------------------------+--------+----------+------------------------------------------------------------+


+---------------------------------------------------------------------------------------------------------+
; Port Connectivity Checks: "Systolic_Top:conv1_inst|PE_Array:PE_Array_instance|PE:row[0].col[7].pe_inst" ;
+------------------------+--------+----------+------------------------------------------------------------+
; Port                   ; Type   ; Severity ; Details                                                    ;
+------------------------+--------+----------+------------------------------------------------------------+
; InputFeatureMapDataOut ; Output ; Info     ; Explicitly unconnected                                     ;
; WeightDataOut          ; Output ; Info     ; Explicitly unconnected                                     ;
+------------------------+--------+----------+------------------------------------------------------------+


+---------------------------------------------------------------------------------------------------------+
; Port Connectivity Checks: "Systolic_Top:conv1_inst|PE_Array:PE_Array_instance|PE:row[0].col[6].pe_inst" ;
+------------------------+--------+----------+------------------------------------------------------------+
; Port                   ; Type   ; Severity ; Details                                                    ;
+------------------------+--------+----------+------------------------------------------------------------+
; InputFeatureMapDataOut ; Output ; Info     ; Explicitly unconnected                                     ;
; WeightDataOut          ; Output ; Info     ; Explicitly unconnected                                     ;
+------------------------+--------+----------+------------------------------------------------------------+


+---------------------------------------------------------------------------------------------------------+
; Port Connectivity Checks: "Systolic_Top:conv1_inst|PE_Array:PE_Array_instance|PE:row[0].col[5].pe_inst" ;
+------------------------+--------+----------+------------------------------------------------------------+
; Port                   ; Type   ; Severity ; Details                                                    ;
+------------------------+--------+----------+------------------------------------------------------------+
; InputFeatureMapDataOut ; Output ; Info     ; Explicitly unconnected                                     ;
; WeightDataOut          ; Output ; Info     ; Explicitly unconnected                                     ;
+------------------------+--------+----------+------------------------------------------------------------+


+---------------------------------------------------------------------------------------------------------+
; Port Connectivity Checks: "Systolic_Top:conv1_inst|PE_Array:PE_Array_instance|PE:row[0].col[4].pe_inst" ;
+------------------------+--------+----------+------------------------------------------------------------+
; Port                   ; Type   ; Severity ; Details                                                    ;
+------------------------+--------+----------+------------------------------------------------------------+
; InputFeatureMapDataOut ; Output ; Info     ; Explicitly unconnected                                     ;
; WeightDataOut          ; Output ; Info     ; Explicitly unconnected                                     ;
+------------------------+--------+----------+------------------------------------------------------------+


+---------------------------------------------------------------------------------------------------------+
; Port Connectivity Checks: "Systolic_Top:conv1_inst|PE_Array:PE_Array_instance|PE:row[0].col[3].pe_inst" ;
+------------------------+--------+----------+------------------------------------------------------------+
; Port                   ; Type   ; Severity ; Details                                                    ;
+------------------------+--------+----------+------------------------------------------------------------+
; InputFeatureMapDataOut ; Output ; Info     ; Explicitly unconnected                                     ;
; WeightDataOut          ; Output ; Info     ; Explicitly unconnected                                     ;
+------------------------+--------+----------+------------------------------------------------------------+


+---------------------------------------------------------------------------------------------------------+
; Port Connectivity Checks: "Systolic_Top:conv1_inst|PE_Array:PE_Array_instance|PE:row[0].col[2].pe_inst" ;
+------------------------+--------+----------+------------------------------------------------------------+
; Port                   ; Type   ; Severity ; Details                                                    ;
+------------------------+--------+----------+------------------------------------------------------------+
; InputFeatureMapDataOut ; Output ; Info     ; Explicitly unconnected                                     ;
; WeightDataOut          ; Output ; Info     ; Explicitly unconnected                                     ;
+------------------------+--------+----------+------------------------------------------------------------+


+---------------------------------------------------------------------------------------------------------+
; Port Connectivity Checks: "Systolic_Top:conv1_inst|PE_Array:PE_Array_instance|PE:row[0].col[1].pe_inst" ;
+------------------------+--------+----------+------------------------------------------------------------+
; Port                   ; Type   ; Severity ; Details                                                    ;
+------------------------+--------+----------+------------------------------------------------------------+
; InputFeatureMapDataOut ; Output ; Info     ; Explicitly unconnected                                     ;
; WeightDataOut          ; Output ; Info     ; Explicitly unconnected                                     ;
+------------------------+--------+----------+------------------------------------------------------------+


+---------------------------------------------------------------------------------------------------------+
; Port Connectivity Checks: "Systolic_Top:conv1_inst|PE_Array:PE_Array_instance|PE:row[0].col[0].pe_inst" ;
+------------------------+--------+----------+------------------------------------------------------------+
; Port                   ; Type   ; Severity ; Details                                                    ;
+------------------------+--------+----------+------------------------------------------------------------+
; InputFeatureMapDataOut ; Output ; Info     ; Explicitly unconnected                                     ;
; WeightDataOut          ; Output ; Info     ; Explicitly unconnected                                     ;
+------------------------+--------+----------+------------------------------------------------------------+


+------------------------------------------------------------------------------------------------------------------------------------+
; Port Connectivity Checks: "Systolic_Top:conv1_inst|PE_Array:PE_Array_instance"                                                     ;
+--------------------------+--------+----------+-------------------------------------------------------------------------------------+
; Port                     ; Type   ; Severity ; Details                                                                             ;
+--------------------------+--------+----------+-------------------------------------------------------------------------------------+
; OutputFeatureMapValidOut ; Output ; Info     ; Connected to dangling logic. Logic that only feeds a dangling port will be removed. ;
+--------------------------+--------+----------+-------------------------------------------------------------------------------------+


+-----------------------------------------------------------------------------------------------------------------------------------+
; Port Connectivity Checks: "Systolic_Top:conv1_inst"                                                                               ;
+-------------------------+--------+----------+-------------------------------------------------------------------------------------+
; Port                    ; Type   ; Severity ; Details                                                                             ;
+-------------------------+--------+----------+-------------------------------------------------------------------------------------+
; TestOutputOut[511..256] ; Output ; Info     ; Connected to dangling logic. Logic that only feeds a dangling port will be removed. ;
; IfmapWriteAddressIn     ; Input  ; Info     ; Stuck at GND                                                                        ;
; IfmapWriteDataIn        ; Input  ; Info     ; Stuck at GND                                                                        ;
; IfmapWriteEnableIn      ; Input  ; Info     ; Stuck at GND                                                                        ;
+-------------------------+--------+----------+-------------------------------------------------------------------------------------+


+-----------------------------------------------------+
; Post-Synthesis Netlist Statistics for Top Partition ;
+-----------------------+-----------------------------+
; Type                  ; Count                       ;
+-----------------------+-----------------------------+
; arriav_ff             ; 10009                       ;
;     CLR               ; 64                          ;
;     CLR SCLR          ; 20                          ;
;     CLR SCLR SLD      ; 18                          ;
;     CLR SLD           ; 2                           ;
;     ENA               ; 32                          ;
;     ENA CLR           ; 247                         ;
;     ENA CLR SCLR      ; 7096                        ;
;     ENA CLR SLD       ; 1631                        ;
;     ENA SCLR          ; 812                         ;
;     SCLR              ; 42                          ;
;     plain             ; 45                          ;
; arriav_lcell_comb     ; 7739                        ;
;     arith             ; 4516                        ;
;         0 data inputs ; 79                          ;
;         1 data inputs ; 4069                        ;
;         2 data inputs ; 166                         ;
;         3 data inputs ; 89                          ;
;         4 data inputs ; 47                          ;
;         5 data inputs ; 66                          ;
;     extend            ; 8                           ;
;         7 data inputs ; 8                           ;
;     normal            ; 3164                        ;
;         1 data inputs ; 7                           ;
;         2 data inputs ; 155                         ;
;         3 data inputs ; 178                         ;
;         4 data inputs ; 190                         ;
;         5 data inputs ; 253                         ;
;         6 data inputs ; 2381                        ;
;     shared            ; 51                          ;
;         0 data inputs ; 6                           ;
;         1 data inputs ; 37                          ;
;         2 data inputs ; 4                           ;
;         4 data inputs ; 4                           ;
; arriav_mac            ; 29                          ;
; boundary_port         ; 21                          ;
; stratixv_ram_block    ; 1056                        ;
;                       ;                             ;
; Max LUT depth         ; 33.00                       ;
; Average LUT depth     ; 3.44                        ;
+-----------------------+-----------------------------+


+-------------------------------+
; Elapsed Time Per Partition    ;
+----------------+--------------+
; Partition Name ; Elapsed Time ;
+----------------+--------------+
; Top            ; 00:00:15     ;
+----------------+--------------+


+-------------------------------+
; Analysis & Synthesis Messages ;
+-------------------------------+
Info: *******************************************************************
Info: Running Quartus Prime Analysis & Synthesis
    Info: Version 20.1.0 Build 711 06/05/2020 SJ Standard Edition
    Info: Processing started: Thu Jun 11 14:35:04 2026
Info: Command: quartus_map --read_settings_files=on --write_settings_files=off output_stationary -c model_top
Warning (18236): Number of processors has not been specified which may cause overloading on shared machines.  Set the global assignment NUM_PARALLEL_PROCESSORS in your QSF to an appropriate value for best performance.
Info (20030): Parallel compilation is enabled and will use 10 of the 10 processors detected
Info (12021): Found 1 design units, including 1 entities, in source file weight_mem.sv
    Info (12023): Found entity 1: weight_mem File: C:/Users/dnare/Desktop/289Q_Projects_Consolidated/Output_Stationary_Full_project/Full_project/weight_mem.sv Line: 3
Warning (10259): Verilog HDL error at tb_lenet_top.sv(361): constant value overflow File: C:/Users/dnare/Desktop/289Q_Projects_Consolidated/Output_Stationary_Full_project/Full_project/tb_lenet_top.sv Line: 361
Info (12021): Found 1 design units, including 1 entities, in source file tb_lenet_top.sv
    Info (12023): Found entity 1: model_top_tb File: C:/Users/dnare/Desktop/289Q_Projects_Consolidated/Output_Stationary_Full_project/Full_project/tb_lenet_top.sv Line: 5
Info (12021): Found 1 design units, including 1 entities, in source file systolic_top.sv
    Info (12023): Found entity 1: Systolic_Top File: C:/Users/dnare/Desktop/289Q_Projects_Consolidated/Output_Stationary_Full_project/Full_project/Systolic_Top.sv Line: 3
Info (12021): Found 1 design units, including 1 entities, in source file pooling_top.sv
    Info (12023): Found entity 1: pooling_top File: C:/Users/dnare/Desktop/289Q_Projects_Consolidated/Output_Stationary_Full_project/Full_project/pooling_top.sv Line: 3
Info (12021): Found 1 design units, including 1 entities, in source file pooling_tb.sv
    Info (12023): Found entity 1: pooling_tb File: C:/Users/dnare/Desktop/289Q_Projects_Consolidated/Output_Stationary_Full_project/Full_project/pooling_tb.sv Line: 1
Info (12021): Found 1 design units, including 1 entities, in source file pooling.sv
    Info (12023): Found entity 1: pooling_layer File: C:/Users/dnare/Desktop/289Q_Projects_Consolidated/Output_Stationary_Full_project/Full_project/pooling.sv Line: 1
Info (12021): Found 1 design units, including 1 entities, in source file pe_array.sv
    Info (12023): Found entity 1: PE_Array File: C:/Users/dnare/Desktop/289Q_Projects_Consolidated/Output_Stationary_Full_project/Full_project/PE_Array.sv Line: 3
Info (12021): Found 1 design units, including 1 entities, in source file pe.sv
    Info (12023): Found entity 1: PE File: C:/Users/dnare/Desktop/289Q_Projects_Consolidated/Output_Stationary_Full_project/Full_project/PE.sv Line: 4
Info (12021): Found 1 design units, including 1 entities, in source file ofmap_mem.sv
    Info (12023): Found entity 1: ofmap_mem File: C:/Users/dnare/Desktop/289Q_Projects_Consolidated/Output_Stationary_Full_project/Full_project/ofmap_mem.sv Line: 3
Info (12021): Found 1 design units, including 1 entities, in source file model_top.sv
    Info (12023): Found entity 1: model_top File: C:/Users/dnare/Desktop/289Q_Projects_Consolidated/Output_Stationary_Full_project/Full_project/model_top.sv Line: 3
Info (12021): Found 3 design units, including 3 entities, in source file memory_control.sv
    Info (12023): Found entity 1: dual_port_bram File: C:/Users/dnare/Desktop/289Q_Projects_Consolidated/Output_Stationary_Full_project/Full_project/memory_control.sv Line: 3
    Info (12023): Found entity 2: weight_addr_gen File: C:/Users/dnare/Desktop/289Q_Projects_Consolidated/Output_Stationary_Full_project/Full_project/memory_control.sv Line: 41
    Info (12023): Found entity 3: activation_line_buffer File: C:/Users/dnare/Desktop/289Q_Projects_Consolidated/Output_Stationary_Full_project/Full_project/memory_control.sv Line: 102
Info (12021): Found 1 design units, including 1 entities, in source file mem_ctrl.sv
    Info (12023): Found entity 1: Mem_ctrl File: C:/Users/dnare/Desktop/289Q_Projects_Consolidated/Output_Stationary_Full_project/Full_project/Mem_ctrl.sv Line: 5
Info (12021): Found 1 design units, including 1 entities, in source file ifmap_mem.sv
    Info (12023): Found entity 1: ifmap_mem File: C:/Users/dnare/Desktop/289Q_Projects_Consolidated/Output_Stationary_Full_project/Full_project/ifmap_mem.sv Line: 3
Info (12021): Found 1 design units, including 1 entities, in source file fifo.sv
    Info (12023): Found entity 1: FIFO File: C:/Users/dnare/Desktop/289Q_Projects_Consolidated/Output_Stationary_Full_project/Full_project/FIFO.sv Line: 3
Info (12021): Found 1 design units, including 1 entities, in source file fcl_weight_rom.sv
    Info (12023): Found entity 1: fcl_weight_rom File: C:/Users/dnare/Desktop/289Q_Projects_Consolidated/Output_Stationary_Full_project/Full_project/fcl_weight_rom.sv Line: 1
Info (12021): Found 1 design units, including 1 entities, in source file fcl_bias_rom.sv
    Info (12023): Found entity 1: fcl_bias_rom File: C:/Users/dnare/Desktop/289Q_Projects_Consolidated/Output_Stationary_Full_project/Full_project/fcl_bias_rom.sv Line: 1
Info (12021): Found 1 design units, including 1 entities, in source file fc_top.sv
    Info (12023): Found entity 1: fc_top File: C:/Users/dnare/Desktop/289Q_Projects_Consolidated/Output_Stationary_Full_project/Full_project/fc_top.sv Line: 1
Info (12021): Found 1 design units, including 1 entities, in source file fc_serial.sv
    Info (12023): Found entity 1: fc_serializer File: C:/Users/dnare/Desktop/289Q_Projects_Consolidated/Output_Stationary_Full_project/Full_project/fc_serial.sv Line: 3
Info (12021): Found 1 design units, including 1 entities, in source file fc_layer_tb.sv
    Info (12023): Found entity 1: fc_layer_tb File: C:/Users/dnare/Desktop/289Q_Projects_Consolidated/Output_Stationary_Full_project/Full_project/fc_layer_tb.sv Line: 3
Info (12021): Found 1 design units, including 1 entities, in source file fc_layer.sv
    Info (12023): Found entity 1: fc_layer File: C:/Users/dnare/Desktop/289Q_Projects_Consolidated/Output_Stationary_Full_project/Full_project/fc_layer.sv Line: 7
Info (12127): Elaborating entity "model_top" for the top level hierarchy
Warning (10230): Verilog HDL assignment warning at model_top.sv(223): truncated value with size 32 to match size of target (11) File: C:/Users/dnare/Desktop/289Q_Projects_Consolidated/Output_Stationary_Full_project/Full_project/model_top.sv Line: 223
Warning (10230): Verilog HDL assignment warning at model_top.sv(225): truncated value with size 32 to match size of target (4) File: C:/Users/dnare/Desktop/289Q_Projects_Consolidated/Output_Stationary_Full_project/Full_project/model_top.sv Line: 225
Warning (10230): Verilog HDL assignment warning at model_top.sv(243): truncated value with size 32 to match size of target (11) File: C:/Users/dnare/Desktop/289Q_Projects_Consolidated/Output_Stationary_Full_project/Full_project/model_top.sv Line: 243
Warning (10230): Verilog HDL assignment warning at model_top.sv(302): truncated value with size 32 to match size of target (9) File: C:/Users/dnare/Desktop/289Q_Projects_Consolidated/Output_Stationary_Full_project/Full_project/model_top.sv Line: 302
Warning (10230): Verilog HDL assignment warning at model_top.sv(304): truncated value with size 32 to match size of target (5) File: C:/Users/dnare/Desktop/289Q_Projects_Consolidated/Output_Stationary_Full_project/Full_project/model_top.sv Line: 304
Info (10264): Verilog HDL Case Statement information at model_top.sv(364): all case item expressions in this case statement are onehot File: C:/Users/dnare/Desktop/289Q_Projects_Consolidated/Output_Stationary_Full_project/Full_project/model_top.sv Line: 364
Warning (10030): Net "conv1_bias.data_a" at model_top.sv(85) has no driver or initial value, using a default initial value '0' File: C:/Users/dnare/Desktop/289Q_Projects_Consolidated/Output_Stationary_Full_project/Full_project/model_top.sv Line: 85
Warning (10030): Net "conv1_bias.waddr_a" at model_top.sv(85) has no driver or initial value, using a default initial value '0' File: C:/Users/dnare/Desktop/289Q_Projects_Consolidated/Output_Stationary_Full_project/Full_project/model_top.sv Line: 85
Warning (10030): Net "conv2_bias.data_a" at model_top.sv(86) has no driver or initial value, using a default initial value '0' File: C:/Users/dnare/Desktop/289Q_Projects_Consolidated/Output_Stationary_Full_project/Full_project/model_top.sv Line: 86
Warning (10030): Net "conv2_bias.waddr_a" at model_top.sv(86) has no driver or initial value, using a default initial value '0' File: C:/Users/dnare/Desktop/289Q_Projects_Consolidated/Output_Stationary_Full_project/Full_project/model_top.sv Line: 86
Warning (10030): Net "conv1_bias.we_a" at model_top.sv(85) has no driver or initial value, using a default initial value '0' File: C:/Users/dnare/Desktop/289Q_Projects_Consolidated/Output_Stationary_Full_project/Full_project/model_top.sv Line: 85
Warning (10030): Net "conv2_bias.we_a" at model_top.sv(86) has no driver or initial value, using a default initial value '0' File: C:/Users/dnare/Desktop/289Q_Projects_Consolidated/Output_Stationary_Full_project/Full_project/model_top.sv Line: 86
Info (12128): Elaborating entity "Systolic_Top" for hierarchy "Systolic_Top:conv1_inst" File: C:/Users/dnare/Desktop/289Q_Projects_Consolidated/Output_Stationary_Full_project/Full_project/model_top.sv Line: 196
Info (10008): Verilog HDL or VHDL information: EDA Netlist Writer cannot regroup multidimensional array "WeightData" into its bus
Info (12128): Elaborating entity "PE_Array" for hierarchy "Systolic_Top:conv1_inst|PE_Array:PE_Array_instance" File: C:/Users/dnare/Desktop/289Q_Projects_Consolidated/Output_Stationary_Full_project/Full_project/Systolic_Top.sv Line: 102
Info (10008): Verilog HDL or VHDL information: EDA Netlist Writer cannot regroup multidimensional array "WeightDataIn" into its bus
Info (10008): Verilog HDL or VHDL information: EDA Netlist Writer cannot regroup multidimensional array "PeAccumulationData" into its bus
Info (10008): Verilog HDL or VHDL information: EDA Netlist Writer cannot regroup multidimensional array "WeightDataIn" into its bus
Info (12128): Elaborating entity "PE" for hierarchy "Systolic_Top:conv1_inst|PE_Array:PE_Array_instance|PE:row[0].col[0].pe_inst" File: C:/Users/dnare/Desktop/289Q_Projects_Consolidated/Output_Stationary_Full_project/Full_project/PE_Array.sv Line: 66
Info (12128): Elaborating entity "Mem_ctrl" for hierarchy "Systolic_Top:conv1_inst|Mem_ctrl:Mem_ctrl_instance" File: C:/Users/dnare/Desktop/289Q_Projects_Consolidated/Output_Stationary_Full_project/Full_project/Systolic_Top.sv Line: 137
Warning (10230): Verilog HDL assignment warning at Mem_ctrl.sv(85): truncated value with size 32 to match size of target (11) File: C:/Users/dnare/Desktop/289Q_Projects_Consolidated/Output_Stationary_Full_project/Full_project/Mem_ctrl.sv Line: 85
Warning (10230): Verilog HDL assignment warning at Mem_ctrl.sv(86): truncated value with size 32 to match size of target (10) File: C:/Users/dnare/Desktop/289Q_Projects_Consolidated/Output_Stationary_Full_project/Full_project/Mem_ctrl.sv Line: 86
Warning (10230): Verilog HDL assignment warning at Mem_ctrl.sv(88): truncated value with size 32 to match size of target (10) File: C:/Users/dnare/Desktop/289Q_Projects_Consolidated/Output_Stationary_Full_project/Full_project/Mem_ctrl.sv Line: 88
Info (12128): Elaborating entity "ifmap_mem" for hierarchy "Systolic_Top:conv1_inst|ifmap_mem:i_mem" File: C:/Users/dnare/Desktop/289Q_Projects_Consolidated/Output_Stationary_Full_project/Full_project/Systolic_Top.sv Line: 158
Info (12128): Elaborating entity "weight_mem" for hierarchy "Systolic_Top:conv1_inst|weight_mem:w_mem" File: C:/Users/dnare/Desktop/289Q_Projects_Consolidated/Output_Stationary_Full_project/Full_project/Systolic_Top.sv Line: 177
Info (12128): Elaborating entity "ofmap_mem" for hierarchy "Systolic_Top:conv1_inst|ofmap_mem:o_mem" File: C:/Users/dnare/Desktop/289Q_Projects_Consolidated/Output_Stationary_Full_project/Full_project/Systolic_Top.sv Line: 193
Info (12128): Elaborating entity "pooling_top" for hierarchy "pooling_top:pool1_inst" File: C:/Users/dnare/Desktop/289Q_Projects_Consolidated/Output_Stationary_Full_project/Full_project/model_top.sv Line: 214
Warning (10036): Verilog HDL or VHDL warning at pooling_top.sv(41): object "ch_write" assigned a value but never read File: C:/Users/dnare/Desktop/289Q_Projects_Consolidated/Output_Stationary_Full_project/Full_project/pooling_top.sv Line: 41
Warning (10230): Verilog HDL assignment warning at pooling_top.sv(83): truncated value with size 32 to match size of target (10) File: C:/Users/dnare/Desktop/289Q_Projects_Consolidated/Output_Stationary_Full_project/Full_project/pooling_top.sv Line: 83
Warning (10230): Verilog HDL assignment warning at pooling_top.sv(84): truncated value with size 32 to match size of target (10) File: C:/Users/dnare/Desktop/289Q_Projects_Consolidated/Output_Stationary_Full_project/Full_project/pooling_top.sv Line: 84
Warning (10230): Verilog HDL assignment warning at pooling_top.sv(85): truncated value with size 32 to match size of target (10) File: C:/Users/dnare/Desktop/289Q_Projects_Consolidated/Output_Stationary_Full_project/Full_project/pooling_top.sv Line: 85
Warning (10230): Verilog HDL assignment warning at pooling_top.sv(86): truncated value with size 32 to match size of target (10) File: C:/Users/dnare/Desktop/289Q_Projects_Consolidated/Output_Stationary_Full_project/Full_project/pooling_top.sv Line: 86
Warning (10230): Verilog HDL assignment warning at pooling_top.sv(90): truncated value with size 32 to match size of target (8) File: C:/Users/dnare/Desktop/289Q_Projects_Consolidated/Output_Stationary_Full_project/Full_project/pooling_top.sv Line: 90
Info (12128): Elaborating entity "pooling_layer" for hierarchy "pooling_top:pool1_inst|pooling_layer:dut_pool" File: C:/Users/dnare/Desktop/289Q_Projects_Consolidated/Output_Stationary_Full_project/Full_project/pooling_top.sv Line: 68
Info (12128): Elaborating entity "Systolic_Top" for hierarchy "Systolic_Top:conv2_inst" File: C:/Users/dnare/Desktop/289Q_Projects_Consolidated/Output_Stationary_Full_project/Full_project/model_top.sv Line: 275
Info (10008): Verilog HDL or VHDL information: EDA Netlist Writer cannot regroup multidimensional array "WeightData" into its bus
Info (12128): Elaborating entity "PE_Array" for hierarchy "Systolic_Top:conv2_inst|PE_Array:PE_Array_instance" File: C:/Users/dnare/Desktop/289Q_Projects_Consolidated/Output_Stationary_Full_project/Full_project/Systolic_Top.sv Line: 102
Info (10008): Verilog HDL or VHDL information: EDA Netlist Writer cannot regroup multidimensional array "WeightDataIn" into its bus
Info (10008): Verilog HDL or VHDL information: EDA Netlist Writer cannot regroup multidimensional array "PeAccumulationData" into its bus
Info (10008): Verilog HDL or VHDL information: EDA Netlist Writer cannot regroup multidimensional array "WeightDataIn" into its bus
Info (12128): Elaborating entity "PE" for hierarchy "Systolic_Top:conv2_inst|PE_Array:PE_Array_instance|PE:row[0].col[0].pe_inst" File: C:/Users/dnare/Desktop/289Q_Projects_Consolidated/Output_Stationary_Full_project/Full_project/PE_Array.sv Line: 66
Info (12128): Elaborating entity "Mem_ctrl" for hierarchy "Systolic_Top:conv2_inst|Mem_ctrl:Mem_ctrl_instance" File: C:/Users/dnare/Desktop/289Q_Projects_Consolidated/Output_Stationary_Full_project/Full_project/Systolic_Top.sv Line: 137
Warning (10230): Verilog HDL assignment warning at Mem_ctrl.sv(85): truncated value with size 32 to match size of target (11) File: C:/Users/dnare/Desktop/289Q_Projects_Consolidated/Output_Stationary_Full_project/Full_project/Mem_ctrl.sv Line: 85
Warning (10230): Verilog HDL assignment warning at Mem_ctrl.sv(86): truncated value with size 32 to match size of target (11) File: C:/Users/dnare/Desktop/289Q_Projects_Consolidated/Output_Stationary_Full_project/Full_project/Mem_ctrl.sv Line: 86
Warning (10230): Verilog HDL assignment warning at Mem_ctrl.sv(88): truncated value with size 32 to match size of target (10) File: C:/Users/dnare/Desktop/289Q_Projects_Consolidated/Output_Stationary_Full_project/Full_project/Mem_ctrl.sv Line: 88
Info (12128): Elaborating entity "ifmap_mem" for hierarchy "Systolic_Top:conv2_inst|ifmap_mem:i_mem" File: C:/Users/dnare/Desktop/289Q_Projects_Consolidated/Output_Stationary_Full_project/Full_project/Systolic_Top.sv Line: 158
Info (12128): Elaborating entity "weight_mem" for hierarchy "Systolic_Top:conv2_inst|weight_mem:w_mem" File: C:/Users/dnare/Desktop/289Q_Projects_Consolidated/Output_Stationary_Full_project/Full_project/Systolic_Top.sv Line: 177
Info (12128): Elaborating entity "pooling_top" for hierarchy "pooling_top:pool2_inst" File: C:/Users/dnare/Desktop/289Q_Projects_Consolidated/Output_Stationary_Full_project/Full_project/model_top.sv Line: 293
Warning (10036): Verilog HDL or VHDL warning at pooling_top.sv(41): object "ch_write" assigned a value but never read File: C:/Users/dnare/Desktop/289Q_Projects_Consolidated/Output_Stationary_Full_project/Full_project/pooling_top.sv Line: 41
Warning (10230): Verilog HDL assignment warning at pooling_top.sv(83): truncated value with size 32 to match size of target (7) File: C:/Users/dnare/Desktop/289Q_Projects_Consolidated/Output_Stationary_Full_project/Full_project/pooling_top.sv Line: 83
Warning (10230): Verilog HDL assignment warning at pooling_top.sv(84): truncated value with size 32 to match size of target (7) File: C:/Users/dnare/Desktop/289Q_Projects_Consolidated/Output_Stationary_Full_project/Full_project/pooling_top.sv Line: 84
Warning (10230): Verilog HDL assignment warning at pooling_top.sv(85): truncated value with size 32 to match size of target (7) File: C:/Users/dnare/Desktop/289Q_Projects_Consolidated/Output_Stationary_Full_project/Full_project/pooling_top.sv Line: 85
Warning (10230): Verilog HDL assignment warning at pooling_top.sv(86): truncated value with size 32 to match size of target (7) File: C:/Users/dnare/Desktop/289Q_Projects_Consolidated/Output_Stationary_Full_project/Full_project/pooling_top.sv Line: 86
Warning (10230): Verilog HDL assignment warning at pooling_top.sv(90): truncated value with size 32 to match size of target (5) File: C:/Users/dnare/Desktop/289Q_Projects_Consolidated/Output_Stationary_Full_project/Full_project/pooling_top.sv Line: 90
Info (12128): Elaborating entity "dual_port_bram" for hierarchy "dual_port_bram:pool2_to_fc_buf" File: C:/Users/dnare/Desktop/289Q_Projects_Consolidated/Output_Stationary_Full_project/Full_project/model_top.sv Line: 327
Info (12128): Elaborating entity "fc_top" for hierarchy "fc_top:fc_pipeline" File: C:/Users/dnare/Desktop/289Q_Projects_Consolidated/Output_Stationary_Full_project/Full_project/model_top.sv Line: 361
Warning (10230): Verilog HDL assignment warning at fc_top.sv(247): truncated value with size 32 to match size of target (4) File: C:/Users/dnare/Desktop/289Q_Projects_Consolidated/Output_Stationary_Full_project/Full_project/fc_top.sv Line: 247
Info (12128): Elaborating entity "fcl_weight_rom" for hierarchy "fc_top:fc_pipeline|fcl_weight_rom:w1" File: C:/Users/dnare/Desktop/289Q_Projects_Consolidated/Output_Stationary_Full_project/Full_project/fc_top.sv Line: 39
Warning (10030): Net "mem.data_a" at fcl_weight_rom.sv(13) has no driver or initial value, using a default initial value '0' File: C:/Users/dnare/Desktop/289Q_Projects_Consolidated/Output_Stationary_Full_project/Full_project/fcl_weight_rom.sv Line: 13
Warning (10030): Net "mem.waddr_a" at fcl_weight_rom.sv(13) has no driver or initial value, using a default initial value '0' File: C:/Users/dnare/Desktop/289Q_Projects_Consolidated/Output_Stationary_Full_project/Full_project/fcl_weight_rom.sv Line: 13
Warning (10030): Net "mem.we_a" at fcl_weight_rom.sv(13) has no driver or initial value, using a default initial value '0' File: C:/Users/dnare/Desktop/289Q_Projects_Consolidated/Output_Stationary_Full_project/Full_project/fcl_weight_rom.sv Line: 13
Info (12128): Elaborating entity "fcl_bias_rom" for hierarchy "fc_top:fc_pipeline|fcl_bias_rom:b1" File: C:/Users/dnare/Desktop/289Q_Projects_Consolidated/Output_Stationary_Full_project/Full_project/fc_top.sv Line: 50
Info (12128): Elaborating entity "fc_layer" for hierarchy "fc_top:fc_pipeline|fc_layer:fc1" File: C:/Users/dnare/Desktop/289Q_Projects_Consolidated/Output_Stationary_Full_project/Full_project/fc_top.sv Line: 70
Warning (10230): Verilog HDL assignment warning at fc_layer.sv(47): truncated value with size 32 to match size of target (16) File: C:/Users/dnare/Desktop/289Q_Projects_Consolidated/Output_Stationary_Full_project/Full_project/fc_layer.sv Line: 47
Warning (10230): Verilog HDL assignment warning at fc_layer.sv(117): truncated value with size 26 to match size of target (16) File: C:/Users/dnare/Desktop/289Q_Projects_Consolidated/Output_Stationary_Full_project/Full_project/fc_layer.sv Line: 117
Info (12128): Elaborating entity "fc_serializer" for hierarchy "fc_top:fc_pipeline|fc_serializer:ser12" File: C:/Users/dnare/Desktop/289Q_Projects_Consolidated/Output_Stationary_Full_project/Full_project/fc_top.sv Line: 93
Warning (10230): Verilog HDL assignment warning at fc_serial.sv(34): truncated value with size 32 to match size of target (8) File: C:/Users/dnare/Desktop/289Q_Projects_Consolidated/Output_Stationary_Full_project/Full_project/fc_serial.sv Line: 34
Info (12128): Elaborating entity "fcl_weight_rom" for hierarchy "fc_top:fc_pipeline|fcl_weight_rom:w2" File: C:/Users/dnare/Desktop/289Q_Projects_Consolidated/Output_Stationary_Full_project/Full_project/fc_top.sv Line: 116
Warning (10030): Net "mem.data_a" at fcl_weight_rom.sv(13) has no driver or initial value, using a default initial value '0' File: C:/Users/dnare/Desktop/289Q_Projects_Consolidated/Output_Stationary_Full_project/Full_project/fcl_weight_rom.sv Line: 13
Warning (10030): Net "mem.waddr_a" at fcl_weight_rom.sv(13) has no driver or initial value, using a default initial value '0' File: C:/Users/dnare/Desktop/289Q_Projects_Consolidated/Output_Stationary_Full_project/Full_project/fcl_weight_rom.sv Line: 13
Warning (10030): Net "mem.we_a" at fcl_weight_rom.sv(13) has no driver or initial value, using a default initial value '0' File: C:/Users/dnare/Desktop/289Q_Projects_Consolidated/Output_Stationary_Full_project/Full_project/fcl_weight_rom.sv Line: 13
Info (12128): Elaborating entity "fcl_bias_rom" for hierarchy "fc_top:fc_pipeline|fcl_bias_rom:b2" File: C:/Users/dnare/Desktop/289Q_Projects_Consolidated/Output_Stationary_Full_project/Full_project/fc_top.sv Line: 127
Info (12128): Elaborating entity "fc_layer" for hierarchy "fc_top:fc_pipeline|fc_layer:fc2" File: C:/Users/dnare/Desktop/289Q_Projects_Consolidated/Output_Stationary_Full_project/Full_project/fc_top.sv Line: 147
Warning (10230): Verilog HDL assignment warning at fc_layer.sv(47): truncated value with size 32 to match size of target (14) File: C:/Users/dnare/Desktop/289Q_Projects_Consolidated/Output_Stationary_Full_project/Full_project/fc_layer.sv Line: 47
Warning (10230): Verilog HDL assignment warning at fc_layer.sv(117): truncated value with size 24 to match size of target (16) File: C:/Users/dnare/Desktop/289Q_Projects_Consolidated/Output_Stationary_Full_project/Full_project/fc_layer.sv Line: 117
Info (12128): Elaborating entity "fc_serializer" for hierarchy "fc_top:fc_pipeline|fc_serializer:ser23" File: C:/Users/dnare/Desktop/289Q_Projects_Consolidated/Output_Stationary_Full_project/Full_project/fc_top.sv Line: 169
Warning (10230): Verilog HDL assignment warning at fc_serial.sv(34): truncated value with size 32 to match size of target (8) File: C:/Users/dnare/Desktop/289Q_Projects_Consolidated/Output_Stationary_Full_project/Full_project/fc_serial.sv Line: 34
Info (12128): Elaborating entity "fcl_weight_rom" for hierarchy "fc_top:fc_pipeline|fcl_weight_rom:w3" File: C:/Users/dnare/Desktop/289Q_Projects_Consolidated/Output_Stationary_Full_project/Full_project/fc_top.sv Line: 196
Warning (10030): Net "mem.data_a" at fcl_weight_rom.sv(13) has no driver or initial value, using a default initial value '0' File: C:/Users/dnare/Desktop/289Q_Projects_Consolidated/Output_Stationary_Full_project/Full_project/fcl_weight_rom.sv Line: 13
Warning (10030): Net "mem.waddr_a" at fcl_weight_rom.sv(13) has no driver or initial value, using a default initial value '0' File: C:/Users/dnare/Desktop/289Q_Projects_Consolidated/Output_Stationary_Full_project/Full_project/fcl_weight_rom.sv Line: 13
Warning (10030): Net "mem.we_a" at fcl_weight_rom.sv(13) has no driver or initial value, using a default initial value '0' File: C:/Users/dnare/Desktop/289Q_Projects_Consolidated/Output_Stationary_Full_project/Full_project/fcl_weight_rom.sv Line: 13
Info (12128): Elaborating entity "fcl_bias_rom" for hierarchy "fc_top:fc_pipeline|fcl_bias_rom:b3" File: C:/Users/dnare/Desktop/289Q_Projects_Consolidated/Output_Stationary_Full_project/Full_project/fc_top.sv Line: 207
Info (12128): Elaborating entity "fc_layer" for hierarchy "fc_top:fc_pipeline|fc_layer:fc3" File: C:/Users/dnare/Desktop/289Q_Projects_Consolidated/Output_Stationary_Full_project/Full_project/fc_top.sv Line: 228
Warning (10230): Verilog HDL assignment warning at fc_layer.sv(47): truncated value with size 32 to match size of target (10) File: C:/Users/dnare/Desktop/289Q_Projects_Consolidated/Output_Stationary_Full_project/Full_project/fc_layer.sv Line: 47
Warning (10230): Verilog HDL assignment warning at fc_layer.sv(117): truncated value with size 24 to match size of target (16) File: C:/Users/dnare/Desktop/289Q_Projects_Consolidated/Output_Stationary_Full_project/Full_project/fc_layer.sv Line: 117
Warning (276020): Inferred RAM node "dual_port_bram:pool2_to_fc_buf|ram_rtl_0" from synchronous design logic.  Pass-through logic has been added to match the read-during-write behavior of the original design.
Info (276014): Found 2 instances of uninferred RAM logic
    Info (276004): RAM logic "conv1_bias" is uninferred due to inappropriate RAM size File: C:/Users/dnare/Desktop/289Q_Projects_Consolidated/Output_Stationary_Full_project/Full_project/model_top.sv Line: 85
    Info (276004): RAM logic "conv2_bias" is uninferred due to inappropriate RAM size File: C:/Users/dnare/Desktop/289Q_Projects_Consolidated/Output_Stationary_Full_project/Full_project/model_top.sv Line: 86
Critical Warning (127005): Memory depth (8) in the design file differs from memory depth (6) in the Memory Initialization File "C:/Users/dnare/Desktop/289Q_Projects_Consolidated/Output_Stationary_Full_project/Full_project/db/model_top.ram0_model_top_bac017d0.hdl.mif" -- setting initial value for remaining addresses to 0
Info (19000): Inferred 10 megafunctions from design logic
    Info (276029): Inferred altsyncram megafunction from the following design logic: "fc_top:fc_pipeline|fcl_weight_rom:w3|mem_rtl_0" 
        Info (286033): Parameter OPERATION_MODE set to ROM
        Info (286033): Parameter WIDTH_A set to 8
        Info (286033): Parameter WIDTHAD_A set to 10
        Info (286033): Parameter NUMWORDS_A set to 840
        Info (286033): Parameter OUTDATA_REG_A set to UNREGISTERED
        Info (286033): Parameter ADDRESS_ACLR_A set to NONE
        Info (286033): Parameter OUTDATA_ACLR_A set to NONE
        Info (286033): Parameter INDATA_ACLR_A set to NONE
        Info (286033): Parameter WRCONTROL_ACLR_A set to NONE
        Info (286033): Parameter RAM_BLOCK_TYPE set to M10K
        Info (286033): Parameter INIT_FILE set to db/model_top.ram0_fcl_weight_rom_79e1117c.hdl.mif
    Info (276029): Inferred altsyncram megafunction from the following design logic: "fc_top:fc_pipeline|fcl_weight_rom:w2|mem_rtl_0" 
        Info (286033): Parameter OPERATION_MODE set to ROM
        Info (286033): Parameter WIDTH_A set to 8
        Info (286033): Parameter WIDTHAD_A set to 14
        Info (286033): Parameter NUMWORDS_A set to 10080
        Info (286033): Parameter OUTDATA_REG_A set to UNREGISTERED
        Info (286033): Parameter ADDRESS_ACLR_A set to NONE
        Info (286033): Parameter OUTDATA_ACLR_A set to NONE
        Info (286033): Parameter INDATA_ACLR_A set to NONE
        Info (286033): Parameter WRCONTROL_ACLR_A set to NONE
        Info (286033): Parameter RAM_BLOCK_TYPE set to M10K
        Info (286033): Parameter INIT_FILE set to db/model_top.ram0_fcl_weight_rom_7132221a.hdl.mif
    Info (276029): Inferred altsyncram megafunction from the following design logic: "fc_top:fc_pipeline|fcl_weight_rom:w1|mem_rtl_0" 
        Info (286033): Parameter OPERATION_MODE set to ROM
        Info (286033): Parameter WIDTH_A set to 8
        Info (286033): Parameter WIDTHAD_A set to 16
        Info (286033): Parameter NUMWORDS_A set to 48000
        Info (286033): Parameter OUTDATA_REG_A set to UNREGISTERED
        Info (286033): Parameter ADDRESS_ACLR_A set to NONE
        Info (286033): Parameter OUTDATA_ACLR_A set to NONE
        Info (286033): Parameter INDATA_ACLR_A set to NONE
        Info (286033): Parameter WRCONTROL_ACLR_A set to NONE
        Info (286033): Parameter RAM_BLOCK_TYPE set to M10K
        Info (286033): Parameter INIT_FILE set to db/model_top.ram0_fcl_weight_rom_640a27c2.hdl.mif
    Info (276029): Inferred altsyncram megafunction from the following design logic: "dual_port_bram:pool2_to_fc_buf|ram_rtl_0" 
        Info (286033): Parameter OPERATION_MODE set to DUAL_PORT
        Info (286033): Parameter WIDTH_A set to 8
        Info (286033): Parameter WIDTHAD_A set to 9
        Info (286033): Parameter NUMWORDS_A set to 512
        Info (286033): Parameter WIDTH_B set to 8
        Info (286033): Parameter WIDTHAD_B set to 9
        Info (286033): Parameter NUMWORDS_B set to 512
        Info (286033): Parameter ADDRESS_ACLR_A set to NONE
        Info (286033): Parameter OUTDATA_REG_B set to UNREGISTERED
        Info (286033): Parameter ADDRESS_ACLR_B set to NONE
        Info (286033): Parameter OUTDATA_ACLR_B set to NONE
        Info (286033): Parameter ADDRESS_REG_B set to CLOCK0
        Info (286033): Parameter INDATA_ACLR_A set to NONE
        Info (286033): Parameter WRCONTROL_ACLR_A set to NONE
        Info (286033): Parameter RAM_BLOCK_TYPE set to M10K
        Info (286033): Parameter INIT_FILE set to db/model_top.ram0_dual_port_bram_f9f9744e.hdl.mif
    Info (276029): Inferred altsyncram megafunction from the following design logic: "Systolic_Top:conv2_inst|ofmap_mem:o_mem|mem_rtl_0" 
        Info (286033): Parameter OPERATION_MODE set to DUAL_PORT
        Info (286033): Parameter WIDTH_A set to 512
        Info (286033): Parameter WIDTHAD_A set to 10
        Info (286033): Parameter NUMWORDS_A set to 1024
        Info (286033): Parameter WIDTH_B set to 512
        Info (286033): Parameter WIDTHAD_B set to 10
        Info (286033): Parameter NUMWORDS_B set to 1024
        Info (286033): Parameter ADDRESS_ACLR_A set to NONE
        Info (286033): Parameter OUTDATA_REG_B set to UNREGISTERED
        Info (286033): Parameter ADDRESS_ACLR_B set to NONE
        Info (286033): Parameter OUTDATA_ACLR_B set to NONE
        Info (286033): Parameter ADDRESS_REG_B set to CLOCK0
        Info (286033): Parameter INDATA_ACLR_A set to NONE
        Info (286033): Parameter WRCONTROL_ACLR_A set to NONE
        Info (286033): Parameter RAM_BLOCK_TYPE set to M10K
        Info (286033): Parameter INIT_FILE set to db/model_top.ram0_ofmap_mem_a5aad296.hdl.mif
        Info (286033): Parameter READ_DURING_WRITE_MODE_MIXED_PORTS set to OLD_DATA
    Info (276029): Inferred altsyncram megafunction from the following design logic: "Systolic_Top:conv2_inst|weight_mem:w_mem|mem_rtl_0" 
        Info (286033): Parameter OPERATION_MODE set to ROM
        Info (286033): Parameter WIDTH_A set to 128
        Info (286033): Parameter WIDTHAD_A set to 11
        Info (286033): Parameter NUMWORDS_A set to 2048
        Info (286033): Parameter OUTDATA_REG_A set to UNREGISTERED
        Info (286033): Parameter ADDRESS_ACLR_A set to NONE
        Info (286033): Parameter OUTDATA_ACLR_A set to NONE
        Info (286033): Parameter INDATA_ACLR_A set to NONE
        Info (286033): Parameter WRCONTROL_ACLR_A set to NONE
        Info (286033): Parameter RAM_BLOCK_TYPE set to M10K
        Info (286033): Parameter INIT_FILE set to db/model_top.ram0_weight_mem_56e3bfd1.hdl.mif
    Info (276029): Inferred altsyncram megafunction from the following design logic: "Systolic_Top:conv2_inst|ifmap_mem:i_mem|mem_rtl_0" 
        Info (286033): Parameter OPERATION_MODE set to DUAL_PORT
        Info (286033): Parameter WIDTH_A set to 8
        Info (286033): Parameter WIDTHAD_A set to 11
        Info (286033): Parameter NUMWORDS_A set to 2048
        Info (286033): Parameter WIDTH_B set to 8
        Info (286033): Parameter WIDTHAD_B set to 11
        Info (286033): Parameter NUMWORDS_B set to 2048
        Info (286033): Parameter ADDRESS_ACLR_A set to NONE
        Info (286033): Parameter OUTDATA_REG_B set to UNREGISTERED
        Info (286033): Parameter ADDRESS_ACLR_B set to NONE
        Info (286033): Parameter OUTDATA_ACLR_B set to NONE
        Info (286033): Parameter ADDRESS_REG_B set to CLOCK0
        Info (286033): Parameter INDATA_ACLR_A set to NONE
        Info (286033): Parameter WRCONTROL_ACLR_A set to NONE
        Info (286033): Parameter RAM_BLOCK_TYPE set to M10K
        Info (286033): Parameter INIT_FILE set to db/model_top.ram0_ifmap_mem_222088fd.hdl.mif
        Info (286033): Parameter READ_DURING_WRITE_MODE_MIXED_PORTS set to OLD_DATA
    Info (276029): Inferred altsyncram megafunction from the following design logic: "Systolic_Top:conv1_inst|ofmap_mem:o_mem|mem_rtl_0" 
        Info (286033): Parameter OPERATION_MODE set to DUAL_PORT
        Info (286033): Parameter WIDTH_A set to 512
        Info (286033): Parameter WIDTHAD_A set to 10
        Info (286033): Parameter NUMWORDS_A set to 1024
        Info (286033): Parameter WIDTH_B set to 512
        Info (286033): Parameter WIDTHAD_B set to 10
        Info (286033): Parameter NUMWORDS_B set to 1024
        Info (286033): Parameter ADDRESS_ACLR_A set to NONE
        Info (286033): Parameter OUTDATA_REG_B set to UNREGISTERED
        Info (286033): Parameter ADDRESS_ACLR_B set to NONE
        Info (286033): Parameter OUTDATA_ACLR_B set to NONE
        Info (286033): Parameter ADDRESS_REG_B set to CLOCK0
        Info (286033): Parameter INDATA_ACLR_A set to NONE
        Info (286033): Parameter WRCONTROL_ACLR_A set to NONE
        Info (286033): Parameter RAM_BLOCK_TYPE set to M10K
        Info (286033): Parameter INIT_FILE set to db/model_top.ram0_ofmap_mem_a5aad296.hdl.mif
        Info (286033): Parameter READ_DURING_WRITE_MODE_MIXED_PORTS set to OLD_DATA
    Info (276029): Inferred altsyncram megafunction from the following design logic: "Systolic_Top:conv1_inst|weight_mem:w_mem|mem_rtl_0" 
        Info (286033): Parameter OPERATION_MODE set to ROM
        Info (286033): Parameter WIDTH_A set to 128
        Info (286033): Parameter WIDTHAD_A set to 11
        Info (286033): Parameter NUMWORDS_A set to 2048
        Info (286033): Parameter OUTDATA_REG_A set to UNREGISTERED
        Info (286033): Parameter ADDRESS_ACLR_A set to NONE
        Info (286033): Parameter OUTDATA_ACLR_A set to NONE
        Info (286033): Parameter INDATA_ACLR_A set to NONE
        Info (286033): Parameter WRCONTROL_ACLR_A set to NONE
        Info (286033): Parameter RAM_BLOCK_TYPE set to M10K
        Info (286033): Parameter INIT_FILE set to db/model_top.ram0_weight_mem_9606ca63.hdl.mif
    Info (276029): Inferred altsyncram megafunction from the following design logic: "Systolic_Top:conv1_inst|ifmap_mem:i_mem|mem_rtl_0" 
        Info (286033): Parameter OPERATION_MODE set to ROM
        Info (286033): Parameter WIDTH_A set to 8
        Info (286033): Parameter WIDTHAD_A set to 10
        Info (286033): Parameter NUMWORDS_A set to 1024
        Info (286033): Parameter OUTDATA_REG_A set to UNREGISTERED
        Info (286033): Parameter ADDRESS_ACLR_A set to NONE
        Info (286033): Parameter OUTDATA_ACLR_A set to NONE
        Info (286033): Parameter INDATA_ACLR_A set to NONE
        Info (286033): Parameter WRCONTROL_ACLR_A set to NONE
        Info (286033): Parameter RAM_BLOCK_TYPE set to M10K
        Info (286033): Parameter INIT_FILE set to db/model_top.ram0_ifmap_mem_17622b78.hdl.mif
Info (278001): Inferred 10 megafunctions from design logic
    Info (278004): Inferred divider/modulo megafunction ("lpm_divide") from the following logic: "Systolic_Top:conv2_inst|Mem_ctrl:Mem_ctrl_instance|Mod1" File: C:/Users/dnare/Desktop/289Q_Projects_Consolidated/Output_Stationary_Full_project/Full_project/Mem_ctrl.sv Line: 81
    Info (278004): Inferred divider/modulo megafunction ("lpm_divide") from the following logic: "Systolic_Top:conv1_inst|Mem_ctrl:Mem_ctrl_instance|Mod1" File: C:/Users/dnare/Desktop/289Q_Projects_Consolidated/Output_Stationary_Full_project/Full_project/Mem_ctrl.sv Line: 83
    Info (278004): Inferred divider/modulo megafunction ("lpm_divide") from the following logic: "Systolic_Top:conv1_inst|Mem_ctrl:Mem_ctrl_instance|Mod0" File: C:/Users/dnare/Desktop/289Q_Projects_Consolidated/Output_Stationary_Full_project/Full_project/Mem_ctrl.sv Line: 80
    Info (278004): Inferred divider/modulo megafunction ("lpm_divide") from the following logic: "Systolic_Top:conv1_inst|Mem_ctrl:Mem_ctrl_instance|Div1" File: C:/Users/dnare/Desktop/289Q_Projects_Consolidated/Output_Stationary_Full_project/Full_project/Mem_ctrl.sv Line: 82
    Info (278004): Inferred divider/modulo megafunction ("lpm_divide") from the following logic: "Systolic_Top:conv1_inst|Mem_ctrl:Mem_ctrl_instance|Div0" File: C:/Users/dnare/Desktop/289Q_Projects_Consolidated/Output_Stationary_Full_project/Full_project/Mem_ctrl.sv Line: 79
    Info (278004): Inferred divider/modulo megafunction ("lpm_divide") from the following logic: "Systolic_Top:conv2_inst|Mem_ctrl:Mem_ctrl_instance|Div0" File: C:/Users/dnare/Desktop/289Q_Projects_Consolidated/Output_Stationary_Full_project/Full_project/Mem_ctrl.sv Line: 78
    Info (278004): Inferred divider/modulo megafunction ("lpm_divide") from the following logic: "Systolic_Top:conv2_inst|Mem_ctrl:Mem_ctrl_instance|Mod0" File: C:/Users/dnare/Desktop/289Q_Projects_Consolidated/Output_Stationary_Full_project/Full_project/Mem_ctrl.sv Line: 80
    Info (278004): Inferred divider/modulo megafunction ("lpm_divide") from the following logic: "Systolic_Top:conv2_inst|Mem_ctrl:Mem_ctrl_instance|Mod2" File: C:/Users/dnare/Desktop/289Q_Projects_Consolidated/Output_Stationary_Full_project/Full_project/Mem_ctrl.sv Line: 83
    Info (278004): Inferred divider/modulo megafunction ("lpm_divide") from the following logic: "Systolic_Top:conv2_inst|Mem_ctrl:Mem_ctrl_instance|Div2" File: C:/Users/dnare/Desktop/289Q_Projects_Consolidated/Output_Stationary_Full_project/Full_project/Mem_ctrl.sv Line: 82
    Info (278004): Inferred divider/modulo megafunction ("lpm_divide") from the following logic: "Systolic_Top:conv2_inst|Mem_ctrl:Mem_ctrl_instance|Div1" File: C:/Users/dnare/Desktop/289Q_Projects_Consolidated/Output_Stationary_Full_project/Full_project/Mem_ctrl.sv Line: 79
Info (12130): Elaborated megafunction instantiation "fc_top:fc_pipeline|fcl_weight_rom:w3|altsyncram:mem_rtl_0"
Info (12133): Instantiated megafunction "fc_top:fc_pipeline|fcl_weight_rom:w3|altsyncram:mem_rtl_0" with the following parameter:
    Info (12134): Parameter "OPERATION_MODE" = "ROM"
    Info (12134): Parameter "WIDTH_A" = "8"
    Info (12134): Parameter "WIDTHAD_A" = "10"
    Info (12134): Parameter "NUMWORDS_A" = "840"
    Info (12134): Parameter "OUTDATA_REG_A" = "UNREGISTERED"
    Info (12134): Parameter "ADDRESS_ACLR_A" = "NONE"
    Info (12134): Parameter "OUTDATA_ACLR_A" = "NONE"
    Info (12134): Parameter "INDATA_ACLR_A" = "NONE"
    Info (12134): Parameter "WRCONTROL_ACLR_A" = "NONE"
    Info (12134): Parameter "RAM_BLOCK_TYPE" = "M10K"
    Info (12134): Parameter "INIT_FILE" = "db/model_top.ram0_fcl_weight_rom_79e1117c.hdl.mif"
Info (12021): Found 1 design units, including 1 entities, in source file db/altsyncram_hvf1.tdf
    Info (12023): Found entity 1: altsyncram_hvf1 File: C:/Users/dnare/Desktop/289Q_Projects_Consolidated/Output_Stationary_Full_project/Full_project/db/altsyncram_hvf1.tdf Line: 28
Info (12130): Elaborated megafunction instantiation "fc_top:fc_pipeline|fcl_weight_rom:w1|altsyncram:mem_rtl_0"
Info (12133): Instantiated megafunction "fc_top:fc_pipeline|fcl_weight_rom:w1|altsyncram:mem_rtl_0" with the following parameter:
    Info (12134): Parameter "OPERATION_MODE" = "ROM"
    Info (12134): Parameter "WIDTH_A" = "8"
    Info (12134): Parameter "WIDTHAD_A" = "16"
    Info (12134): Parameter "NUMWORDS_A" = "48000"
    Info (12134): Parameter "OUTDATA_REG_A" = "UNREGISTERED"
    Info (12134): Parameter "ADDRESS_ACLR_A" = "NONE"
    Info (12134): Parameter "OUTDATA_ACLR_A" = "NONE"
    Info (12134): Parameter "INDATA_ACLR_A" = "NONE"
    Info (12134): Parameter "WRCONTROL_ACLR_A" = "NONE"
    Info (12134): Parameter "RAM_BLOCK_TYPE" = "M10K"
    Info (12134): Parameter "INIT_FILE" = "db/model_top.ram0_fcl_weight_rom_640a27c2.hdl.mif"
Info (12021): Found 1 design units, including 1 entities, in source file db/altsyncram_e2g1.tdf
    Info (12023): Found entity 1: altsyncram_e2g1 File: C:/Users/dnare/Desktop/289Q_Projects_Consolidated/Output_Stationary_Full_project/Full_project/db/altsyncram_e2g1.tdf Line: 32
Info (12021): Found 1 design units, including 1 entities, in source file db/decode_41a.tdf
    Info (12023): Found entity 1: decode_41a File: C:/Users/dnare/Desktop/289Q_Projects_Consolidated/Output_Stationary_Full_project/Full_project/db/decode_41a.tdf Line: 23
Info (12021): Found 1 design units, including 1 entities, in source file db/mux_rfb.tdf
    Info (12023): Found entity 1: mux_rfb File: C:/Users/dnare/Desktop/289Q_Projects_Consolidated/Output_Stationary_Full_project/Full_project/db/mux_rfb.tdf Line: 23
Info (12130): Elaborated megafunction instantiation "Systolic_Top:conv2_inst|weight_mem:w_mem|altsyncram:mem_rtl_0"
Info (12133): Instantiated megafunction "Systolic_Top:conv2_inst|weight_mem:w_mem|altsyncram:mem_rtl_0" with the following parameter:
    Info (12134): Parameter "OPERATION_MODE" = "ROM"
    Info (12134): Parameter "WIDTH_A" = "128"
    Info (12134): Parameter "WIDTHAD_A" = "11"
    Info (12134): Parameter "NUMWORDS_A" = "2048"
    Info (12134): Parameter "OUTDATA_REG_A" = "UNREGISTERED"
    Info (12134): Parameter "ADDRESS_ACLR_A" = "NONE"
    Info (12134): Parameter "OUTDATA_ACLR_A" = "NONE"
    Info (12134): Parameter "INDATA_ACLR_A" = "NONE"
    Info (12134): Parameter "WRCONTROL_ACLR_A" = "NONE"
    Info (12134): Parameter "RAM_BLOCK_TYPE" = "M10K"
    Info (12134): Parameter "INIT_FILE" = "db/model_top.ram0_weight_mem_56e3bfd1.hdl.mif"
Info (12021): Found 1 design units, including 1 entities, in source file db/altsyncram_2qf1.tdf
    Info (12023): Found entity 1: altsyncram_2qf1 File: C:/Users/dnare/Desktop/289Q_Projects_Consolidated/Output_Stationary_Full_project/Full_project/db/altsyncram_2qf1.tdf Line: 28
Info (12130): Elaborated megafunction instantiation "fc_top:fc_pipeline|fcl_weight_rom:w2|altsyncram:mem_rtl_0"
Info (12133): Instantiated megafunction "fc_top:fc_pipeline|fcl_weight_rom:w2|altsyncram:mem_rtl_0" with the following parameter:
    Info (12134): Parameter "OPERATION_MODE" = "ROM"
    Info (12134): Parameter "WIDTH_A" = "8"
    Info (12134): Parameter "WIDTHAD_A" = "14"
    Info (12134): Parameter "NUMWORDS_A" = "10080"
    Info (12134): Parameter "OUTDATA_REG_A" = "UNREGISTERED"
    Info (12134): Parameter "ADDRESS_ACLR_A" = "NONE"
    Info (12134): Parameter "OUTDATA_ACLR_A" = "NONE"
    Info (12134): Parameter "INDATA_ACLR_A" = "NONE"
    Info (12134): Parameter "WRCONTROL_ACLR_A" = "NONE"
    Info (12134): Parameter "RAM_BLOCK_TYPE" = "M10K"
    Info (12134): Parameter "INIT_FILE" = "db/model_top.ram0_fcl_weight_rom_7132221a.hdl.mif"
Info (12021): Found 1 design units, including 1 entities, in source file db/altsyncram_j0g1.tdf
    Info (12023): Found entity 1: altsyncram_j0g1 File: C:/Users/dnare/Desktop/289Q_Projects_Consolidated/Output_Stationary_Full_project/Full_project/db/altsyncram_j0g1.tdf Line: 32
Info (12021): Found 1 design units, including 1 entities, in source file db/decode_u0a.tdf
    Info (12023): Found entity 1: decode_u0a File: C:/Users/dnare/Desktop/289Q_Projects_Consolidated/Output_Stationary_Full_project/Full_project/db/decode_u0a.tdf Line: 23
Info (12021): Found 1 design units, including 1 entities, in source file db/mux_lfb.tdf
    Info (12023): Found entity 1: mux_lfb File: C:/Users/dnare/Desktop/289Q_Projects_Consolidated/Output_Stationary_Full_project/Full_project/db/mux_lfb.tdf Line: 23
Info (12130): Elaborated megafunction instantiation "Systolic_Top:conv2_inst|ofmap_mem:o_mem|altsyncram:mem_rtl_0"
Info (12133): Instantiated megafunction "Systolic_Top:conv2_inst|ofmap_mem:o_mem|altsyncram:mem_rtl_0" with the following parameter:
    Info (12134): Parameter "OPERATION_MODE" = "DUAL_PORT"
    Info (12134): Parameter "WIDTH_A" = "512"
    Info (12134): Parameter "WIDTHAD_A" = "10"
    Info (12134): Parameter "NUMWORDS_A" = "1024"
    Info (12134): Parameter "WIDTH_B" = "512"
    Info (12134): Parameter "WIDTHAD_B" = "10"
    Info (12134): Parameter "NUMWORDS_B" = "1024"
    Info (12134): Parameter "ADDRESS_ACLR_A" = "NONE"
    Info (12134): Parameter "OUTDATA_REG_B" = "UNREGISTERED"
    Info (12134): Parameter "ADDRESS_ACLR_B" = "NONE"
    Info (12134): Parameter "OUTDATA_ACLR_B" = "NONE"
    Info (12134): Parameter "ADDRESS_REG_B" = "CLOCK0"
    Info (12134): Parameter "INDATA_ACLR_A" = "NONE"
    Info (12134): Parameter "WRCONTROL_ACLR_A" = "NONE"
    Info (12134): Parameter "RAM_BLOCK_TYPE" = "M10K"
    Info (12134): Parameter "INIT_FILE" = "db/model_top.ram0_ofmap_mem_a5aad296.hdl.mif"
    Info (12134): Parameter "READ_DURING_WRITE_MODE_MIXED_PORTS" = "OLD_DATA"
Info (12021): Found 1 design units, including 1 entities, in source file db/altsyncram_beu1.tdf
    Info (12023): Found entity 1: altsyncram_beu1 File: C:/Users/dnare/Desktop/289Q_Projects_Consolidated/Output_Stationary_Full_project/Full_project/db/altsyncram_beu1.tdf Line: 28
Info (12130): Elaborated megafunction instantiation "Systolic_Top:conv2_inst|ifmap_mem:i_mem|altsyncram:mem_rtl_0"
Info (12133): Instantiated megafunction "Systolic_Top:conv2_inst|ifmap_mem:i_mem|altsyncram:mem_rtl_0" with the following parameter:
    Info (12134): Parameter "OPERATION_MODE" = "DUAL_PORT"
    Info (12134): Parameter "WIDTH_A" = "8"
    Info (12134): Parameter "WIDTHAD_A" = "11"
    Info (12134): Parameter "NUMWORDS_A" = "2048"
    Info (12134): Parameter "WIDTH_B" = "8"
    Info (12134): Parameter "WIDTHAD_B" = "11"
    Info (12134): Parameter "NUMWORDS_B" = "2048"
    Info (12134): Parameter "ADDRESS_ACLR_A" = "NONE"
    Info (12134): Parameter "OUTDATA_REG_B" = "UNREGISTERED"
    Info (12134): Parameter "ADDRESS_ACLR_B" = "NONE"
    Info (12134): Parameter "OUTDATA_ACLR_B" = "NONE"
    Info (12134): Parameter "ADDRESS_REG_B" = "CLOCK0"
    Info (12134): Parameter "INDATA_ACLR_A" = "NONE"
    Info (12134): Parameter "WRCONTROL_ACLR_A" = "NONE"
    Info (12134): Parameter "RAM_BLOCK_TYPE" = "M10K"
    Info (12134): Parameter "INIT_FILE" = "db/model_top.ram0_ifmap_mem_222088fd.hdl.mif"
    Info (12134): Parameter "READ_DURING_WRITE_MODE_MIXED_PORTS" = "OLD_DATA"
Info (12021): Found 1 design units, including 1 entities, in source file db/altsyncram_o5u1.tdf
    Info (12023): Found entity 1: altsyncram_o5u1 File: C:/Users/dnare/Desktop/289Q_Projects_Consolidated/Output_Stationary_Full_project/Full_project/db/altsyncram_o5u1.tdf Line: 28
Info (12130): Elaborated megafunction instantiation "dual_port_bram:pool2_to_fc_buf|altsyncram:ram_rtl_0"
Info (12133): Instantiated megafunction "dual_port_bram:pool2_to_fc_buf|altsyncram:ram_rtl_0" with the following parameter:
    Info (12134): Parameter "OPERATION_MODE" = "DUAL_PORT"
    Info (12134): Parameter "WIDTH_A" = "8"
    Info (12134): Parameter "WIDTHAD_A" = "9"
    Info (12134): Parameter "NUMWORDS_A" = "512"
    Info (12134): Parameter "WIDTH_B" = "8"
    Info (12134): Parameter "WIDTHAD_B" = "9"
    Info (12134): Parameter "NUMWORDS_B" = "512"
    Info (12134): Parameter "ADDRESS_ACLR_A" = "NONE"
    Info (12134): Parameter "OUTDATA_REG_B" = "UNREGISTERED"
    Info (12134): Parameter "ADDRESS_ACLR_B" = "NONE"
    Info (12134): Parameter "OUTDATA_ACLR_B" = "NONE"
    Info (12134): Parameter "ADDRESS_REG_B" = "CLOCK0"
    Info (12134): Parameter "INDATA_ACLR_A" = "NONE"
    Info (12134): Parameter "WRCONTROL_ACLR_A" = "NONE"
    Info (12134): Parameter "RAM_BLOCK_TYPE" = "M10K"
    Info (12134): Parameter "INIT_FILE" = "db/model_top.ram0_dual_port_bram_f9f9744e.hdl.mif"
Info (12021): Found 1 design units, including 1 entities, in source file db/altsyncram_43q1.tdf
    Info (12023): Found entity 1: altsyncram_43q1 File: C:/Users/dnare/Desktop/289Q_Projects_Consolidated/Output_Stationary_Full_project/Full_project/db/altsyncram_43q1.tdf Line: 28
Info (12130): Elaborated megafunction instantiation "Systolic_Top:conv1_inst|ofmap_mem:o_mem|altsyncram:mem_rtl_0"
Info (12133): Instantiated megafunction "Systolic_Top:conv1_inst|ofmap_mem:o_mem|altsyncram:mem_rtl_0" with the following parameter:
    Info (12134): Parameter "OPERATION_MODE" = "DUAL_PORT"
    Info (12134): Parameter "WIDTH_A" = "512"
    Info (12134): Parameter "WIDTHAD_A" = "10"
    Info (12134): Parameter "NUMWORDS_A" = "1024"
    Info (12134): Parameter "WIDTH_B" = "512"
    Info (12134): Parameter "WIDTHAD_B" = "10"
    Info (12134): Parameter "NUMWORDS_B" = "1024"
    Info (12134): Parameter "ADDRESS_ACLR_A" = "NONE"
    Info (12134): Parameter "OUTDATA_REG_B" = "UNREGISTERED"
    Info (12134): Parameter "ADDRESS_ACLR_B" = "NONE"
    Info (12134): Parameter "OUTDATA_ACLR_B" = "NONE"
    Info (12134): Parameter "ADDRESS_REG_B" = "CLOCK0"
    Info (12134): Parameter "INDATA_ACLR_A" = "NONE"
    Info (12134): Parameter "WRCONTROL_ACLR_A" = "NONE"
    Info (12134): Parameter "RAM_BLOCK_TYPE" = "M10K"
    Info (12134): Parameter "INIT_FILE" = "db/model_top.ram0_ofmap_mem_a5aad296.hdl.mif"
    Info (12134): Parameter "READ_DURING_WRITE_MODE_MIXED_PORTS" = "OLD_DATA"
Info (12130): Elaborated megafunction instantiation "Systolic_Top:conv1_inst|weight_mem:w_mem|altsyncram:mem_rtl_0"
Info (12133): Instantiated megafunction "Systolic_Top:conv1_inst|weight_mem:w_mem|altsyncram:mem_rtl_0" with the following parameter:
    Info (12134): Parameter "OPERATION_MODE" = "ROM"
    Info (12134): Parameter "WIDTH_A" = "128"
    Info (12134): Parameter "WIDTHAD_A" = "11"
    Info (12134): Parameter "NUMWORDS_A" = "2048"
    Info (12134): Parameter "OUTDATA_REG_A" = "UNREGISTERED"
    Info (12134): Parameter "ADDRESS_ACLR_A" = "NONE"
    Info (12134): Parameter "OUTDATA_ACLR_A" = "NONE"
    Info (12134): Parameter "INDATA_ACLR_A" = "NONE"
    Info (12134): Parameter "WRCONTROL_ACLR_A" = "NONE"
    Info (12134): Parameter "RAM_BLOCK_TYPE" = "M10K"
    Info (12134): Parameter "INIT_FILE" = "db/model_top.ram0_weight_mem_9606ca63.hdl.mif"
Info (12021): Found 1 design units, including 1 entities, in source file db/altsyncram_4nf1.tdf
    Info (12023): Found entity 1: altsyncram_4nf1 File: C:/Users/dnare/Desktop/289Q_Projects_Consolidated/Output_Stationary_Full_project/Full_project/db/altsyncram_4nf1.tdf Line: 28
Info (12130): Elaborated megafunction instantiation "Systolic_Top:conv1_inst|ifmap_mem:i_mem|altsyncram:mem_rtl_0"
Info (12133): Instantiated megafunction "Systolic_Top:conv1_inst|ifmap_mem:i_mem|altsyncram:mem_rtl_0" with the following parameter:
    Info (12134): Parameter "OPERATION_MODE" = "ROM"
    Info (12134): Parameter "WIDTH_A" = "8"
    Info (12134): Parameter "WIDTHAD_A" = "10"
    Info (12134): Parameter "NUMWORDS_A" = "1024"
    Info (12134): Parameter "OUTDATA_REG_A" = "UNREGISTERED"
    Info (12134): Parameter "ADDRESS_ACLR_A" = "NONE"
    Info (12134): Parameter "OUTDATA_ACLR_A" = "NONE"
    Info (12134): Parameter "INDATA_ACLR_A" = "NONE"
    Info (12134): Parameter "WRCONTROL_ACLR_A" = "NONE"
    Info (12134): Parameter "RAM_BLOCK_TYPE" = "M10K"
    Info (12134): Parameter "INIT_FILE" = "db/model_top.ram0_ifmap_mem_17622b78.hdl.mif"
Info (12021): Found 1 design units, including 1 entities, in source file db/altsyncram_fef1.tdf
    Info (12023): Found entity 1: altsyncram_fef1 File: C:/Users/dnare/Desktop/289Q_Projects_Consolidated/Output_Stationary_Full_project/Full_project/db/altsyncram_fef1.tdf Line: 28
Info (12130): Elaborated megafunction instantiation "Systolic_Top:conv2_inst|Mem_ctrl:Mem_ctrl_instance|lpm_divide:Mod1" File: C:/Users/dnare/Desktop/289Q_Projects_Consolidated/Output_Stationary_Full_project/Full_project/Mem_ctrl.sv Line: 81
Info (12133): Instantiated megafunction "Systolic_Top:conv2_inst|Mem_ctrl:Mem_ctrl_instance|lpm_divide:Mod1" with the following parameter: File: C:/Users/dnare/Desktop/289Q_Projects_Consolidated/Output_Stationary_Full_project/Full_project/Mem_ctrl.sv Line: 81
    Info (12134): Parameter "LPM_WIDTHN" = "8"
    Info (12134): Parameter "LPM_WIDTHD" = "3"
    Info (12134): Parameter "LPM_NREPRESENTATION" = "UNSIGNED"
    Info (12134): Parameter "LPM_DREPRESENTATION" = "UNSIGNED"
Info (12021): Found 1 design units, including 1 entities, in source file db/lpm_divide_72m.tdf
    Info (12023): Found entity 1: lpm_divide_72m File: C:/Users/dnare/Desktop/289Q_Projects_Consolidated/Output_Stationary_Full_project/Full_project/db/lpm_divide_72m.tdf Line: 25
Info (12021): Found 1 design units, including 1 entities, in source file db/sign_div_unsign_akh.tdf
    Info (12023): Found entity 1: sign_div_unsign_akh File: C:/Users/dnare/Desktop/289Q_Projects_Consolidated/Output_Stationary_Full_project/Full_project/db/sign_div_unsign_akh.tdf Line: 25
Info (12021): Found 1 design units, including 1 entities, in source file db/alt_u_div_qse.tdf
    Info (12023): Found entity 1: alt_u_div_qse File: C:/Users/dnare/Desktop/289Q_Projects_Consolidated/Output_Stationary_Full_project/Full_project/db/alt_u_div_qse.tdf Line: 23
Info (12130): Elaborated megafunction instantiation "Systolic_Top:conv1_inst|Mem_ctrl:Mem_ctrl_instance|lpm_divide:Mod1" File: C:/Users/dnare/Desktop/289Q_Projects_Consolidated/Output_Stationary_Full_project/Full_project/Mem_ctrl.sv Line: 83
Info (12133): Instantiated megafunction "Systolic_Top:conv1_inst|Mem_ctrl:Mem_ctrl_instance|lpm_divide:Mod1" with the following parameter: File: C:/Users/dnare/Desktop/289Q_Projects_Consolidated/Output_Stationary_Full_project/Full_project/Mem_ctrl.sv Line: 83
    Info (12134): Parameter "LPM_WIDTHN" = "10"
    Info (12134): Parameter "LPM_WIDTHD" = "5"
    Info (12134): Parameter "LPM_NREPRESENTATION" = "UNSIGNED"
    Info (12134): Parameter "LPM_DREPRESENTATION" = "UNSIGNED"
Info (12021): Found 1 design units, including 1 entities, in source file db/lpm_divide_i3m.tdf
    Info (12023): Found entity 1: lpm_divide_i3m File: C:/Users/dnare/Desktop/289Q_Projects_Consolidated/Output_Stationary_Full_project/Full_project/db/lpm_divide_i3m.tdf Line: 25
Info (12021): Found 1 design units, including 1 entities, in source file db/sign_div_unsign_llh.tdf
    Info (12023): Found entity 1: sign_div_unsign_llh File: C:/Users/dnare/Desktop/289Q_Projects_Consolidated/Output_Stationary_Full_project/Full_project/db/sign_div_unsign_llh.tdf Line: 25
Info (12021): Found 1 design units, including 1 entities, in source file db/alt_u_div_gve.tdf
    Info (12023): Found entity 1: alt_u_div_gve File: C:/Users/dnare/Desktop/289Q_Projects_Consolidated/Output_Stationary_Full_project/Full_project/db/alt_u_div_gve.tdf Line: 23
Info (12130): Elaborated megafunction instantiation "Systolic_Top:conv1_inst|Mem_ctrl:Mem_ctrl_instance|lpm_divide:Mod0" File: C:/Users/dnare/Desktop/289Q_Projects_Consolidated/Output_Stationary_Full_project/Full_project/Mem_ctrl.sv Line: 80
Info (12133): Instantiated megafunction "Systolic_Top:conv1_inst|Mem_ctrl:Mem_ctrl_instance|lpm_divide:Mod0" with the following parameter: File: C:/Users/dnare/Desktop/289Q_Projects_Consolidated/Output_Stationary_Full_project/Full_project/Mem_ctrl.sv Line: 80
    Info (12134): Parameter "LPM_WIDTHN" = "32"
    Info (12134): Parameter "LPM_WIDTHD" = "3"
    Info (12134): Parameter "LPM_NREPRESENTATION" = "UNSIGNED"
    Info (12134): Parameter "LPM_DREPRESENTATION" = "UNSIGNED"
Info (12021): Found 1 design units, including 1 entities, in source file db/lpm_divide_k3m.tdf
    Info (12023): Found entity 1: lpm_divide_k3m File: C:/Users/dnare/Desktop/289Q_Projects_Consolidated/Output_Stationary_Full_project/Full_project/db/lpm_divide_k3m.tdf Line: 25
Info (12021): Found 1 design units, including 1 entities, in source file db/sign_div_unsign_nlh.tdf
    Info (12023): Found entity 1: sign_div_unsign_nlh File: C:/Users/dnare/Desktop/289Q_Projects_Consolidated/Output_Stationary_Full_project/Full_project/db/sign_div_unsign_nlh.tdf Line: 25
Info (12021): Found 1 design units, including 1 entities, in source file db/alt_u_div_kve.tdf
    Info (12023): Found entity 1: alt_u_div_kve File: C:/Users/dnare/Desktop/289Q_Projects_Consolidated/Output_Stationary_Full_project/Full_project/db/alt_u_div_kve.tdf Line: 23
Info (12130): Elaborated megafunction instantiation "Systolic_Top:conv1_inst|Mem_ctrl:Mem_ctrl_instance|lpm_divide:Div1" File: C:/Users/dnare/Desktop/289Q_Projects_Consolidated/Output_Stationary_Full_project/Full_project/Mem_ctrl.sv Line: 82
Info (12133): Instantiated megafunction "Systolic_Top:conv1_inst|Mem_ctrl:Mem_ctrl_instance|lpm_divide:Div1" with the following parameter: File: C:/Users/dnare/Desktop/289Q_Projects_Consolidated/Output_Stationary_Full_project/Full_project/Mem_ctrl.sv Line: 82
    Info (12134): Parameter "LPM_WIDTHN" = "10"
    Info (12134): Parameter "LPM_WIDTHD" = "5"
    Info (12134): Parameter "LPM_NREPRESENTATION" = "UNSIGNED"
    Info (12134): Parameter "LPM_DREPRESENTATION" = "UNSIGNED"
Info (12021): Found 1 design units, including 1 entities, in source file db/lpm_divide_fbm.tdf
    Info (12023): Found entity 1: lpm_divide_fbm File: C:/Users/dnare/Desktop/289Q_Projects_Consolidated/Output_Stationary_Full_project/Full_project/db/lpm_divide_fbm.tdf Line: 25
Info (12130): Elaborated megafunction instantiation "Systolic_Top:conv1_inst|Mem_ctrl:Mem_ctrl_instance|lpm_divide:Div0" File: C:/Users/dnare/Desktop/289Q_Projects_Consolidated/Output_Stationary_Full_project/Full_project/Mem_ctrl.sv Line: 79
Info (12133): Instantiated megafunction "Systolic_Top:conv1_inst|Mem_ctrl:Mem_ctrl_instance|lpm_divide:Div0" with the following parameter: File: C:/Users/dnare/Desktop/289Q_Projects_Consolidated/Output_Stationary_Full_project/Full_project/Mem_ctrl.sv Line: 79
    Info (12134): Parameter "LPM_WIDTHN" = "32"
    Info (12134): Parameter "LPM_WIDTHD" = "3"
    Info (12134): Parameter "LPM_NREPRESENTATION" = "UNSIGNED"
    Info (12134): Parameter "LPM_DREPRESENTATION" = "UNSIGNED"
Info (12021): Found 1 design units, including 1 entities, in source file db/lpm_divide_hbm.tdf
    Info (12023): Found entity 1: lpm_divide_hbm File: C:/Users/dnare/Desktop/289Q_Projects_Consolidated/Output_Stationary_Full_project/Full_project/db/lpm_divide_hbm.tdf Line: 25
Info (12130): Elaborated megafunction instantiation "Systolic_Top:conv2_inst|Mem_ctrl:Mem_ctrl_instance|lpm_divide:Div0" File: C:/Users/dnare/Desktop/289Q_Projects_Consolidated/Output_Stationary_Full_project/Full_project/Mem_ctrl.sv Line: 78
Info (12133): Instantiated megafunction "Systolic_Top:conv2_inst|Mem_ctrl:Mem_ctrl_instance|lpm_divide:Div0" with the following parameter: File: C:/Users/dnare/Desktop/289Q_Projects_Consolidated/Output_Stationary_Full_project/Full_project/Mem_ctrl.sv Line: 78
    Info (12134): Parameter "LPM_WIDTHN" = "8"
    Info (12134): Parameter "LPM_WIDTHD" = "3"
    Info (12134): Parameter "LPM_NREPRESENTATION" = "UNSIGNED"
    Info (12134): Parameter "LPM_DREPRESENTATION" = "UNSIGNED"
Info (12021): Found 1 design units, including 1 entities, in source file db/lpm_divide_4am.tdf
    Info (12023): Found entity 1: lpm_divide_4am File: C:/Users/dnare/Desktop/289Q_Projects_Consolidated/Output_Stationary_Full_project/Full_project/db/lpm_divide_4am.tdf Line: 25
Info (12130): Elaborated megafunction instantiation "Systolic_Top:conv2_inst|Mem_ctrl:Mem_ctrl_instance|lpm_divide:Mod0" File: C:/Users/dnare/Desktop/289Q_Projects_Consolidated/Output_Stationary_Full_project/Full_project/Mem_ctrl.sv Line: 80
Info (12133): Instantiated megafunction "Systolic_Top:conv2_inst|Mem_ctrl:Mem_ctrl_instance|lpm_divide:Mod0" with the following parameter: File: C:/Users/dnare/Desktop/289Q_Projects_Consolidated/Output_Stationary_Full_project/Full_project/Mem_ctrl.sv Line: 80
    Info (12134): Parameter "LPM_WIDTHN" = "32"
    Info (12134): Parameter "LPM_WIDTHD" = "3"
    Info (12134): Parameter "LPM_NREPRESENTATION" = "UNSIGNED"
    Info (12134): Parameter "LPM_DREPRESENTATION" = "UNSIGNED"
Info (12130): Elaborated megafunction instantiation "Systolic_Top:conv2_inst|Mem_ctrl:Mem_ctrl_instance|lpm_divide:Mod2" File: C:/Users/dnare/Desktop/289Q_Projects_Consolidated/Output_Stationary_Full_project/Full_project/Mem_ctrl.sv Line: 83
Info (12133): Instantiated megafunction "Systolic_Top:conv2_inst|Mem_ctrl:Mem_ctrl_instance|lpm_divide:Mod2" with the following parameter: File: C:/Users/dnare/Desktop/289Q_Projects_Consolidated/Output_Stationary_Full_project/Full_project/Mem_ctrl.sv Line: 83
    Info (12134): Parameter "LPM_WIDTHN" = "7"
    Info (12134): Parameter "LPM_WIDTHD" = "4"
    Info (12134): Parameter "LPM_NREPRESENTATION" = "UNSIGNED"
    Info (12134): Parameter "LPM_DREPRESENTATION" = "UNSIGNED"
Info (12021): Found 1 design units, including 1 entities, in source file db/lpm_divide_82m.tdf
    Info (12023): Found entity 1: lpm_divide_82m File: C:/Users/dnare/Desktop/289Q_Projects_Consolidated/Output_Stationary_Full_project/Full_project/db/lpm_divide_82m.tdf Line: 25
Info (12021): Found 1 design units, including 1 entities, in source file db/sign_div_unsign_bkh.tdf
    Info (12023): Found entity 1: sign_div_unsign_bkh File: C:/Users/dnare/Desktop/289Q_Projects_Consolidated/Output_Stationary_Full_project/Full_project/db/sign_div_unsign_bkh.tdf Line: 25
Info (12021): Found 1 design units, including 1 entities, in source file db/alt_u_div_rse.tdf
    Info (12023): Found entity 1: alt_u_div_rse File: C:/Users/dnare/Desktop/289Q_Projects_Consolidated/Output_Stationary_Full_project/Full_project/db/alt_u_div_rse.tdf Line: 23
Info (12130): Elaborated megafunction instantiation "Systolic_Top:conv2_inst|Mem_ctrl:Mem_ctrl_instance|lpm_divide:Div2" File: C:/Users/dnare/Desktop/289Q_Projects_Consolidated/Output_Stationary_Full_project/Full_project/Mem_ctrl.sv Line: 82
Info (12133): Instantiated megafunction "Systolic_Top:conv2_inst|Mem_ctrl:Mem_ctrl_instance|lpm_divide:Div2" with the following parameter: File: C:/Users/dnare/Desktop/289Q_Projects_Consolidated/Output_Stationary_Full_project/Full_project/Mem_ctrl.sv Line: 82
    Info (12134): Parameter "LPM_WIDTHN" = "7"
    Info (12134): Parameter "LPM_WIDTHD" = "4"
    Info (12134): Parameter "LPM_NREPRESENTATION" = "UNSIGNED"
    Info (12134): Parameter "LPM_DREPRESENTATION" = "UNSIGNED"
Info (12021): Found 1 design units, including 1 entities, in source file db/lpm_divide_5am.tdf
    Info (12023): Found entity 1: lpm_divide_5am File: C:/Users/dnare/Desktop/289Q_Projects_Consolidated/Output_Stationary_Full_project/Full_project/db/lpm_divide_5am.tdf Line: 25
Info (12130): Elaborated megafunction instantiation "Systolic_Top:conv2_inst|Mem_ctrl:Mem_ctrl_instance|lpm_divide:Div1" File: C:/Users/dnare/Desktop/289Q_Projects_Consolidated/Output_Stationary_Full_project/Full_project/Mem_ctrl.sv Line: 79
Info (12133): Instantiated megafunction "Systolic_Top:conv2_inst|Mem_ctrl:Mem_ctrl_instance|lpm_divide:Div1" with the following parameter: File: C:/Users/dnare/Desktop/289Q_Projects_Consolidated/Output_Stationary_Full_project/Full_project/Mem_ctrl.sv Line: 79
    Info (12134): Parameter "LPM_WIDTHN" = "32"
    Info (12134): Parameter "LPM_WIDTHD" = "3"
    Info (12134): Parameter "LPM_NREPRESENTATION" = "UNSIGNED"
    Info (12134): Parameter "LPM_DREPRESENTATION" = "UNSIGNED"
Warning (12241): 2 hierarchies have connectivity warnings - see the Connectivity Checks report folder
Warning (14284): Synthesized away the following node(s):
    Warning (14285): Synthesized away the following RAM node(s):
        Warning (14320): Synthesized away node "Systolic_Top:conv1_inst|ofmap_mem:o_mem|altsyncram:mem_rtl_0|altsyncram_beu1:auto_generated|ram_block1a256" File: C:/Users/dnare/Desktop/289Q_Projects_Consolidated/Output_Stationary_Full_project/Full_project/db/altsyncram_beu1.tdf Line: 7718
        Warning (14320): Synthesized away node "Systolic_Top:conv1_inst|ofmap_mem:o_mem|altsyncram:mem_rtl_0|altsyncram_beu1:auto_generated|ram_block1a257" File: C:/Users/dnare/Desktop/289Q_Projects_Consolidated/Output_Stationary_Full_project/Full_project/db/altsyncram_beu1.tdf Line: 7748
        Warning (14320): Synthesized away node "Systolic_Top:conv1_inst|ofmap_mem:o_mem|altsyncram:mem_rtl_0|altsyncram_beu1:auto_generated|ram_block1a258" File: C:/Users/dnare/Desktop/289Q_Projects_Consolidated/Output_Stationary_Full_project/Full_project/db/altsyncram_beu1.tdf Line: 7778
        Warning (14320): Synthesized away node "Systolic_Top:conv1_inst|ofmap_mem:o_mem|altsyncram:mem_rtl_0|altsyncram_beu1:auto_generated|ram_block1a259" File: C:/Users/dnare/Desktop/289Q_Projects_Consolidated/Output_Stationary_Full_project/Full_project/db/altsyncram_beu1.tdf Line: 7808
        Warning (14320): Synthesized away node "Systolic_Top:conv1_inst|ofmap_mem:o_mem|altsyncram:mem_rtl_0|altsyncram_beu1:auto_generated|ram_block1a260" File: C:/Users/dnare/Desktop/289Q_Projects_Consolidated/Output_Stationary_Full_project/Full_project/db/altsyncram_beu1.tdf Line: 7838
        Warning (14320): Synthesized away node "Systolic_Top:conv1_inst|ofmap_mem:o_mem|altsyncram:mem_rtl_0|altsyncram_beu1:auto_generated|ram_block1a261" File: C:/Users/dnare/Desktop/289Q_Projects_Consolidated/Output_Stationary_Full_project/Full_project/db/altsyncram_beu1.tdf Line: 7868
        Warning (14320): Synthesized away node "Systolic_Top:conv1_inst|ofmap_mem:o_mem|altsyncram:mem_rtl_0|altsyncram_beu1:auto_generated|ram_block1a262" File: C:/Users/dnare/Desktop/289Q_Projects_Consolidated/Output_Stationary_Full_project/Full_project/db/altsyncram_beu1.tdf Line: 7898
        Warning (14320): Synthesized away node "Systolic_Top:conv1_inst|ofmap_mem:o_mem|altsyncram:mem_rtl_0|altsyncram_beu1:auto_generated|ram_block1a263" File: C:/Users/dnare/Desktop/289Q_Projects_Consolidated/Output_Stationary_Full_project/Full_project/db/altsyncram_beu1.tdf Line: 7928
        Warning (14320): Synthesized away node "Systolic_Top:conv1_inst|ofmap_mem:o_mem|altsyncram:mem_rtl_0|altsyncram_beu1:auto_generated|ram_block1a264" File: C:/Users/dnare/Desktop/289Q_Projects_Consolidated/Output_Stationary_Full_project/Full_project/db/altsyncram_beu1.tdf Line: 7958
        Warning (14320): Synthesized away node "Systolic_Top:conv1_inst|ofmap_mem:o_mem|altsyncram:mem_rtl_0|altsyncram_beu1:auto_generated|ram_block1a265" File: C:/Users/dnare/Desktop/289Q_Projects_Consolidated/Output_Stationary_Full_project/Full_project/db/altsyncram_beu1.tdf Line: 7988
        Warning (14320): Synthesized away node "Systolic_Top:conv1_inst|ofmap_mem:o_mem|altsyncram:mem_rtl_0|altsyncram_beu1:auto_generated|ram_block1a266" File: C:/Users/dnare/Desktop/289Q_Projects_Consolidated/Output_Stationary_Full_project/Full_project/db/altsyncram_beu1.tdf Line: 8018
        Warning (14320): Synthesized away node "Systolic_Top:conv1_inst|ofmap_mem:o_mem|altsyncram:mem_rtl_0|altsyncram_beu1:auto_generated|ram_block1a267" File: C:/Users/dnare/Desktop/289Q_Projects_Consolidated/Output_Stationary_Full_project/Full_project/db/altsyncram_beu1.tdf Line: 8048
        Warning (14320): Synthesized away node "Systolic_Top:conv1_inst|ofmap_mem:o_mem|altsyncram:mem_rtl_0|altsyncram_beu1:auto_generated|ram_block1a268" File: C:/Users/dnare/Desktop/289Q_Projects_Consolidated/Output_Stationary_Full_project/Full_project/db/altsyncram_beu1.tdf Line: 8078
        Warning (14320): Synthesized away node "Systolic_Top:conv1_inst|ofmap_mem:o_mem|altsyncram:mem_rtl_0|altsyncram_beu1:auto_generated|ram_block1a269" File: C:/Users/dnare/Desktop/289Q_Projects_Consolidated/Output_Stationary_Full_project/Full_project/db/altsyncram_beu1.tdf Line: 8108
        Warning (14320): Synthesized away node "Systolic_Top:conv1_inst|ofmap_mem:o_mem|altsyncram:mem_rtl_0|altsyncram_beu1:auto_generated|ram_block1a270" File: C:/Users/dnare/Desktop/289Q_Projects_Consolidated/Output_Stationary_Full_project/Full_project/db/altsyncram_beu1.tdf Line: 8138
        Warning (14320): Synthesized away node "Systolic_Top:conv1_inst|ofmap_mem:o_mem|altsyncram:mem_rtl_0|altsyncram_beu1:auto_generated|ram_block1a271" File: C:/Users/dnare/Desktop/289Q_Projects_Consolidated/Output_Stationary_Full_project/Full_project/db/altsyncram_beu1.tdf Line: 8168
        Warning (14320): Synthesized away node "Systolic_Top:conv1_inst|ofmap_mem:o_mem|altsyncram:mem_rtl_0|altsyncram_beu1:auto_generated|ram_block1a272" File: C:/Users/dnare/Desktop/289Q_Projects_Consolidated/Output_Stationary_Full_project/Full_project/db/altsyncram_beu1.tdf Line: 8198
        Warning (14320): Synthesized away node "Systolic_Top:conv1_inst|ofmap_mem:o_mem|altsyncram:mem_rtl_0|altsyncram_beu1:auto_generated|ram_block1a273" File: C:/Users/dnare/Desktop/289Q_Projects_Consolidated/Output_Stationary_Full_project/Full_project/db/altsyncram_beu1.tdf Line: 8228
        Warning (14320): Synthesized away node "Systolic_Top:conv1_inst|ofmap_mem:o_mem|altsyncram:mem_rtl_0|altsyncram_beu1:auto_generated|ram_block1a274" File: C:/Users/dnare/Desktop/289Q_Projects_Consolidated/Output_Stationary_Full_project/Full_project/db/altsyncram_beu1.tdf Line: 8258
        Warning (14320): Synthesized away node "Systolic_Top:conv1_inst|ofmap_mem:o_mem|altsyncram:mem_rtl_0|altsyncram_beu1:auto_generated|ram_block1a275" File: C:/Users/dnare/Desktop/289Q_Projects_Consolidated/Output_Stationary_Full_project/Full_project/db/altsyncram_beu1.tdf Line: 8288
        Warning (14320): Synthesized away node "Systolic_Top:conv1_inst|ofmap_mem:o_mem|altsyncram:mem_rtl_0|altsyncram_beu1:auto_generated|ram_block1a276" File: C:/Users/dnare/Desktop/289Q_Projects_Consolidated/Output_Stationary_Full_project/Full_project/db/altsyncram_beu1.tdf Line: 8318
        Warning (14320): Synthesized away node "Systolic_Top:conv1_inst|ofmap_mem:o_mem|altsyncram:mem_rtl_0|altsyncram_beu1:auto_generated|ram_block1a277" File: C:/Users/dnare/Desktop/289Q_Projects_Consolidated/Output_Stationary_Full_project/Full_project/db/altsyncram_beu1.tdf Line: 8348
        Warning (14320): Synthesized away node "Systolic_Top:conv1_inst|ofmap_mem:o_mem|altsyncram:mem_rtl_0|altsyncram_beu1:auto_generated|ram_block1a278" File: C:/Users/dnare/Desktop/289Q_Projects_Consolidated/Output_Stationary_Full_project/Full_project/db/altsyncram_beu1.tdf Line: 8378
        Warning (14320): Synthesized away node "Systolic_Top:conv1_inst|ofmap_mem:o_mem|altsyncram:mem_rtl_0|altsyncram_beu1:auto_generated|ram_block1a279" File: C:/Users/dnare/Desktop/289Q_Projects_Consolidated/Output_Stationary_Full_project/Full_project/db/altsyncram_beu1.tdf Line: 8408
        Warning (14320): Synthesized away node "Systolic_Top:conv1_inst|ofmap_mem:o_mem|altsyncram:mem_rtl_0|altsyncram_beu1:auto_generated|ram_block1a280" File: C:/Users/dnare/Desktop/289Q_Projects_Consolidated/Output_Stationary_Full_project/Full_project/db/altsyncram_beu1.tdf Line: 8438
        Warning (14320): Synthesized away node "Systolic_Top:conv1_inst|ofmap_mem:o_mem|altsyncram:mem_rtl_0|altsyncram_beu1:auto_generated|ram_block1a281" File: C:/Users/dnare/Desktop/289Q_Projects_Consolidated/Output_Stationary_Full_project/Full_project/db/altsyncram_beu1.tdf Line: 8468
        Warning (14320): Synthesized away node "Systolic_Top:conv1_inst|ofmap_mem:o_mem|altsyncram:mem_rtl_0|altsyncram_beu1:auto_generated|ram_block1a282" File: C:/Users/dnare/Desktop/289Q_Projects_Consolidated/Output_Stationary_Full_project/Full_project/db/altsyncram_beu1.tdf Line: 8498
        Warning (14320): Synthesized away node "Systolic_Top:conv1_inst|ofmap_mem:o_mem|altsyncram:mem_rtl_0|altsyncram_beu1:auto_generated|ram_block1a283" File: C:/Users/dnare/Desktop/289Q_Projects_Consolidated/Output_Stationary_Full_project/Full_project/db/altsyncram_beu1.tdf Line: 8528
        Warning (14320): Synthesized away node "Systolic_Top:conv1_inst|ofmap_mem:o_mem|altsyncram:mem_rtl_0|altsyncram_beu1:auto_generated|ram_block1a284" File: C:/Users/dnare/Desktop/289Q_Projects_Consolidated/Output_Stationary_Full_project/Full_project/db/altsyncram_beu1.tdf Line: 8558
        Warning (14320): Synthesized away node "Systolic_Top:conv1_inst|ofmap_mem:o_mem|altsyncram:mem_rtl_0|altsyncram_beu1:auto_generated|ram_block1a285" File: C:/Users/dnare/Desktop/289Q_Projects_Consolidated/Output_Stationary_Full_project/Full_project/db/altsyncram_beu1.tdf Line: 8588
        Warning (14320): Synthesized away node "Systolic_Top:conv1_inst|ofmap_mem:o_mem|altsyncram:mem_rtl_0|altsyncram_beu1:auto_generated|ram_block1a286" File: C:/Users/dnare/Desktop/289Q_Projects_Consolidated/Output_Stationary_Full_project/Full_project/db/altsyncram_beu1.tdf Line: 8618
        Warning (14320): Synthesized away node "Systolic_Top:conv1_inst|ofmap_mem:o_mem|altsyncram:mem_rtl_0|altsyncram_beu1:auto_generated|ram_block1a287" File: C:/Users/dnare/Desktop/289Q_Projects_Consolidated/Output_Stationary_Full_project/Full_project/db/altsyncram_beu1.tdf Line: 8648
        Warning (14320): Synthesized away node "Systolic_Top:conv1_inst|ofmap_mem:o_mem|altsyncram:mem_rtl_0|altsyncram_beu1:auto_generated|ram_block1a288" File: C:/Users/dnare/Desktop/289Q_Projects_Consolidated/Output_Stationary_Full_project/Full_project/db/altsyncram_beu1.tdf Line: 8678
        Warning (14320): Synthesized away node "Systolic_Top:conv1_inst|ofmap_mem:o_mem|altsyncram:mem_rtl_0|altsyncram_beu1:auto_generated|ram_block1a289" File: C:/Users/dnare/Desktop/289Q_Projects_Consolidated/Output_Stationary_Full_project/Full_project/db/altsyncram_beu1.tdf Line: 8708
        Warning (14320): Synthesized away node "Systolic_Top:conv1_inst|ofmap_mem:o_mem|altsyncram:mem_rtl_0|altsyncram_beu1:auto_generated|ram_block1a290" File: C:/Users/dnare/Desktop/289Q_Projects_Consolidated/Output_Stationary_Full_project/Full_project/db/altsyncram_beu1.tdf Line: 8738
        Warning (14320): Synthesized away node "Systolic_Top:conv1_inst|ofmap_mem:o_mem|altsyncram:mem_rtl_0|altsyncram_beu1:auto_generated|ram_block1a291" File: C:/Users/dnare/Desktop/289Q_Projects_Consolidated/Output_Stationary_Full_project/Full_project/db/altsyncram_beu1.tdf Line: 8768
        Warning (14320): Synthesized away node "Systolic_Top:conv1_inst|ofmap_mem:o_mem|altsyncram:mem_rtl_0|altsyncram_beu1:auto_generated|ram_block1a292" File: C:/Users/dnare/Desktop/289Q_Projects_Consolidated/Output_Stationary_Full_project/Full_project/db/altsyncram_beu1.tdf Line: 8798
        Warning (14320): Synthesized away node "Systolic_Top:conv1_inst|ofmap_mem:o_mem|altsyncram:mem_rtl_0|altsyncram_beu1:auto_generated|ram_block1a293" File: C:/Users/dnare/Desktop/289Q_Projects_Consolidated/Output_Stationary_Full_project/Full_project/db/altsyncram_beu1.tdf Line: 8828
        Warning (14320): Synthesized away node "Systolic_Top:conv1_inst|ofmap_mem:o_mem|altsyncram:mem_rtl_0|altsyncram_beu1:auto_generated|ram_block1a294" File: C:/Users/dnare/Desktop/289Q_Projects_Consolidated/Output_Stationary_Full_project/Full_project/db/altsyncram_beu1.tdf Line: 8858
        Warning (14320): Synthesized away node "Systolic_Top:conv1_inst|ofmap_mem:o_mem|altsyncram:mem_rtl_0|altsyncram_beu1:auto_generated|ram_block1a295" File: C:/Users/dnare/Desktop/289Q_Projects_Consolidated/Output_Stationary_Full_project/Full_project/db/altsyncram_beu1.tdf Line: 8888
        Warning (14320): Synthesized away node "Systolic_Top:conv1_inst|ofmap_mem:o_mem|altsyncram:mem_rtl_0|altsyncram_beu1:auto_generated|ram_block1a296" File: C:/Users/dnare/Desktop/289Q_Projects_Consolidated/Output_Stationary_Full_project/Full_project/db/altsyncram_beu1.tdf Line: 8918
        Warning (14320): Synthesized away node "Systolic_Top:conv1_inst|ofmap_mem:o_mem|altsyncram:mem_rtl_0|altsyncram_beu1:auto_generated|ram_block1a297" File: C:/Users/dnare/Desktop/289Q_Projects_Consolidated/Output_Stationary_Full_project/Full_project/db/altsyncram_beu1.tdf Line: 8948
        Warning (14320): Synthesized away node "Systolic_Top:conv1_inst|ofmap_mem:o_mem|altsyncram:mem_rtl_0|altsyncram_beu1:auto_generated|ram_block1a298" File: C:/Users/dnare/Desktop/289Q_Projects_Consolidated/Output_Stationary_Full_project/Full_project/db/altsyncram_beu1.tdf Line: 8978
        Warning (14320): Synthesized away node "Systolic_Top:conv1_inst|ofmap_mem:o_mem|altsyncram:mem_rtl_0|altsyncram_beu1:auto_generated|ram_block1a299" File: C:/Users/dnare/Desktop/289Q_Projects_Consolidated/Output_Stationary_Full_project/Full_project/db/altsyncram_beu1.tdf Line: 9008
        Warning (14320): Synthesized away node "Systolic_Top:conv1_inst|ofmap_mem:o_mem|altsyncram:mem_rtl_0|altsyncram_beu1:auto_generated|ram_block1a300" File: C:/Users/dnare/Desktop/289Q_Projects_Consolidated/Output_Stationary_Full_project/Full_project/db/altsyncram_beu1.tdf Line: 9038
        Warning (14320): Synthesized away node "Systolic_Top:conv1_inst|ofmap_mem:o_mem|altsyncram:mem_rtl_0|altsyncram_beu1:auto_generated|ram_block1a301" File: C:/Users/dnare/Desktop/289Q_Projects_Consolidated/Output_Stationary_Full_project/Full_project/db/altsyncram_beu1.tdf Line: 9068
        Warning (14320): Synthesized away node "Systolic_Top:conv1_inst|ofmap_mem:o_mem|altsyncram:mem_rtl_0|altsyncram_beu1:auto_generated|ram_block1a302" File: C:/Users/dnare/Desktop/289Q_Projects_Consolidated/Output_Stationary_Full_project/Full_project/db/altsyncram_beu1.tdf Line: 9098
        Warning (14320): Synthesized away node "Systolic_Top:conv1_inst|ofmap_mem:o_mem|altsyncram:mem_rtl_0|altsyncram_beu1:auto_generated|ram_block1a303" File: C:/Users/dnare/Desktop/289Q_Projects_Consolidated/Output_Stationary_Full_project/Full_project/db/altsyncram_beu1.tdf Line: 9128
        Warning (14320): Synthesized away node "Systolic_Top:conv1_inst|ofmap_mem:o_mem|altsyncram:mem_rtl_0|altsyncram_beu1:auto_generated|ram_block1a304" File: C:/Users/dnare/Desktop/289Q_Projects_Consolidated/Output_Stationary_Full_project/Full_project/db/altsyncram_beu1.tdf Line: 9158
        Warning (14320): Synthesized away node "Systolic_Top:conv1_inst|ofmap_mem:o_mem|altsyncram:mem_rtl_0|altsyncram_beu1:auto_generated|ram_block1a305" File: C:/Users/dnare/Desktop/289Q_Projects_Consolidated/Output_Stationary_Full_project/Full_project/db/altsyncram_beu1.tdf Line: 9188
        Warning (14320): Synthesized away node "Systolic_Top:conv1_inst|ofmap_mem:o_mem|altsyncram:mem_rtl_0|altsyncram_beu1:auto_generated|ram_block1a306" File: C:/Users/dnare/Desktop/289Q_Projects_Consolidated/Output_Stationary_Full_project/Full_project/db/altsyncram_beu1.tdf Line: 9218
        Warning (14320): Synthesized away node "Systolic_Top:conv1_inst|ofmap_mem:o_mem|altsyncram:mem_rtl_0|altsyncram_beu1:auto_generated|ram_block1a307" File: C:/Users/dnare/Desktop/289Q_Projects_Consolidated/Output_Stationary_Full_project/Full_project/db/altsyncram_beu1.tdf Line: 9248
        Warning (14320): Synthesized away node "Systolic_Top:conv1_inst|ofmap_mem:o_mem|altsyncram:mem_rtl_0|altsyncram_beu1:auto_generated|ram_block1a308" File: C:/Users/dnare/Desktop/289Q_Projects_Consolidated/Output_Stationary_Full_project/Full_project/db/altsyncram_beu1.tdf Line: 9278
        Warning (14320): Synthesized away node "Systolic_Top:conv1_inst|ofmap_mem:o_mem|altsyncram:mem_rtl_0|altsyncram_beu1:auto_generated|ram_block1a309" File: C:/Users/dnare/Desktop/289Q_Projects_Consolidated/Output_Stationary_Full_project/Full_project/db/altsyncram_beu1.tdf Line: 9308
        Warning (14320): Synthesized away node "Systolic_Top:conv1_inst|ofmap_mem:o_mem|altsyncram:mem_rtl_0|altsyncram_beu1:auto_generated|ram_block1a310" File: C:/Users/dnare/Desktop/289Q_Projects_Consolidated/Output_Stationary_Full_project/Full_project/db/altsyncram_beu1.tdf Line: 9338
        Warning (14320): Synthesized away node "Systolic_Top:conv1_inst|ofmap_mem:o_mem|altsyncram:mem_rtl_0|altsyncram_beu1:auto_generated|ram_block1a311" File: C:/Users/dnare/Desktop/289Q_Projects_Consolidated/Output_Stationary_Full_project/Full_project/db/altsyncram_beu1.tdf Line: 9368
        Warning (14320): Synthesized away node "Systolic_Top:conv1_inst|ofmap_mem:o_mem|altsyncram:mem_rtl_0|altsyncram_beu1:auto_generated|ram_block1a312" File: C:/Users/dnare/Desktop/289Q_Projects_Consolidated/Output_Stationary_Full_project/Full_project/db/altsyncram_beu1.tdf Line: 9398
        Warning (14320): Synthesized away node "Systolic_Top:conv1_inst|ofmap_mem:o_mem|altsyncram:mem_rtl_0|altsyncram_beu1:auto_generated|ram_block1a313" File: C:/Users/dnare/Desktop/289Q_Projects_Consolidated/Output_Stationary_Full_project/Full_project/db/altsyncram_beu1.tdf Line: 9428
        Warning (14320): Synthesized away node "Systolic_Top:conv1_inst|ofmap_mem:o_mem|altsyncram:mem_rtl_0|altsyncram_beu1:auto_generated|ram_block1a314" File: C:/Users/dnare/Desktop/289Q_Projects_Consolidated/Output_Stationary_Full_project/Full_project/db/altsyncram_beu1.tdf Line: 9458
        Warning (14320): Synthesized away node "Systolic_Top:conv1_inst|ofmap_mem:o_mem|altsyncram:mem_rtl_0|altsyncram_beu1:auto_generated|ram_block1a315" File: C:/Users/dnare/Desktop/289Q_Projects_Consolidated/Output_Stationary_Full_project/Full_project/db/altsyncram_beu1.tdf Line: 9488
        Warning (14320): Synthesized away node "Systolic_Top:conv1_inst|ofmap_mem:o_mem|altsyncram:mem_rtl_0|altsyncram_beu1:auto_generated|ram_block1a316" File: C:/Users/dnare/Desktop/289Q_Projects_Consolidated/Output_Stationary_Full_project/Full_project/db/altsyncram_beu1.tdf Line: 9518
        Warning (14320): Synthesized away node "Systolic_Top:conv1_inst|ofmap_mem:o_mem|altsyncram:mem_rtl_0|altsyncram_beu1:auto_generated|ram_block1a317" File: C:/Users/dnare/Desktop/289Q_Projects_Consolidated/Output_Stationary_Full_project/Full_project/db/altsyncram_beu1.tdf Line: 9548
        Warning (14320): Synthesized away node "Systolic_Top:conv1_inst|ofmap_mem:o_mem|altsyncram:mem_rtl_0|altsyncram_beu1:auto_generated|ram_block1a318" File: C:/Users/dnare/Desktop/289Q_Projects_Consolidated/Output_Stationary_Full_project/Full_project/db/altsyncram_beu1.tdf Line: 9578
        Warning (14320): Synthesized away node "Systolic_Top:conv1_inst|ofmap_mem:o_mem|altsyncram:mem_rtl_0|altsyncram_beu1:auto_generated|ram_block1a319" File: C:/Users/dnare/Desktop/289Q_Projects_Consolidated/Output_Stationary_Full_project/Full_project/db/altsyncram_beu1.tdf Line: 9608
        Warning (14320): Synthesized away node "Systolic_Top:conv1_inst|ofmap_mem:o_mem|altsyncram:mem_rtl_0|altsyncram_beu1:auto_generated|ram_block1a320" File: C:/Users/dnare/Desktop/289Q_Projects_Consolidated/Output_Stationary_Full_project/Full_project/db/altsyncram_beu1.tdf Line: 9638
        Warning (14320): Synthesized away node "Systolic_Top:conv1_inst|ofmap_mem:o_mem|altsyncram:mem_rtl_0|altsyncram_beu1:auto_generated|ram_block1a321" File: C:/Users/dnare/Desktop/289Q_Projects_Consolidated/Output_Stationary_Full_project/Full_project/db/altsyncram_beu1.tdf Line: 9668
        Warning (14320): Synthesized away node "Systolic_Top:conv1_inst|ofmap_mem:o_mem|altsyncram:mem_rtl_0|altsyncram_beu1:auto_generated|ram_block1a322" File: C:/Users/dnare/Desktop/289Q_Projects_Consolidated/Output_Stationary_Full_project/Full_project/db/altsyncram_beu1.tdf Line: 9698
        Warning (14320): Synthesized away node "Systolic_Top:conv1_inst|ofmap_mem:o_mem|altsyncram:mem_rtl_0|altsyncram_beu1:auto_generated|ram_block1a323" File: C:/Users/dnare/Desktop/289Q_Projects_Consolidated/Output_Stationary_Full_project/Full_project/db/altsyncram_beu1.tdf Line: 9728
        Warning (14320): Synthesized away node "Systolic_Top:conv1_inst|ofmap_mem:o_mem|altsyncram:mem_rtl_0|altsyncram_beu1:auto_generated|ram_block1a324" File: C:/Users/dnare/Desktop/289Q_Projects_Consolidated/Output_Stationary_Full_project/Full_project/db/altsyncram_beu1.tdf Line: 9758
        Warning (14320): Synthesized away node "Systolic_Top:conv1_inst|ofmap_mem:o_mem|altsyncram:mem_rtl_0|altsyncram_beu1:auto_generated|ram_block1a325" File: C:/Users/dnare/Desktop/289Q_Projects_Consolidated/Output_Stationary_Full_project/Full_project/db/altsyncram_beu1.tdf Line: 9788
        Warning (14320): Synthesized away node "Systolic_Top:conv1_inst|ofmap_mem:o_mem|altsyncram:mem_rtl_0|altsyncram_beu1:auto_generated|ram_block1a326" File: C:/Users/dnare/Desktop/289Q_Projects_Consolidated/Output_Stationary_Full_project/Full_project/db/altsyncram_beu1.tdf Line: 9818
        Warning (14320): Synthesized away node "Systolic_Top:conv1_inst|ofmap_mem:o_mem|altsyncram:mem_rtl_0|altsyncram_beu1:auto_generated|ram_block1a327" File: C:/Users/dnare/Desktop/289Q_Projects_Consolidated/Output_Stationary_Full_project/Full_project/db/altsyncram_beu1.tdf Line: 9848
        Warning (14320): Synthesized away node "Systolic_Top:conv1_inst|ofmap_mem:o_mem|altsyncram:mem_rtl_0|altsyncram_beu1:auto_generated|ram_block1a328" File: C:/Users/dnare/Desktop/289Q_Projects_Consolidated/Output_Stationary_Full_project/Full_project/db/altsyncram_beu1.tdf Line: 9878
        Warning (14320): Synthesized away node "Systolic_Top:conv1_inst|ofmap_mem:o_mem|altsyncram:mem_rtl_0|altsyncram_beu1:auto_generated|ram_block1a329" File: C:/Users/dnare/Desktop/289Q_Projects_Consolidated/Output_Stationary_Full_project/Full_project/db/altsyncram_beu1.tdf Line: 9908
        Warning (14320): Synthesized away node "Systolic_Top:conv1_inst|ofmap_mem:o_mem|altsyncram:mem_rtl_0|altsyncram_beu1:auto_generated|ram_block1a330" File: C:/Users/dnare/Desktop/289Q_Projects_Consolidated/Output_Stationary_Full_project/Full_project/db/altsyncram_beu1.tdf Line: 9938
        Warning (14320): Synthesized away node "Systolic_Top:conv1_inst|ofmap_mem:o_mem|altsyncram:mem_rtl_0|altsyncram_beu1:auto_generated|ram_block1a331" File: C:/Users/dnare/Desktop/289Q_Projects_Consolidated/Output_Stationary_Full_project/Full_project/db/altsyncram_beu1.tdf Line: 9968
        Warning (14320): Synthesized away node "Systolic_Top:conv1_inst|ofmap_mem:o_mem|altsyncram:mem_rtl_0|altsyncram_beu1:auto_generated|ram_block1a332" File: C:/Users/dnare/Desktop/289Q_Projects_Consolidated/Output_Stationary_Full_project/Full_project/db/altsyncram_beu1.tdf Line: 9998
        Warning (14320): Synthesized away node "Systolic_Top:conv1_inst|ofmap_mem:o_mem|altsyncram:mem_rtl_0|altsyncram_beu1:auto_generated|ram_block1a333" File: C:/Users/dnare/Desktop/289Q_Projects_Consolidated/Output_Stationary_Full_project/Full_project/db/altsyncram_beu1.tdf Line: 10028
        Warning (14320): Synthesized away node "Systolic_Top:conv1_inst|ofmap_mem:o_mem|altsyncram:mem_rtl_0|altsyncram_beu1:auto_generated|ram_block1a334" File: C:/Users/dnare/Desktop/289Q_Projects_Consolidated/Output_Stationary_Full_project/Full_project/db/altsyncram_beu1.tdf Line: 10058
        Warning (14320): Synthesized away node "Systolic_Top:conv1_inst|ofmap_mem:o_mem|altsyncram:mem_rtl_0|altsyncram_beu1:auto_generated|ram_block1a335" File: C:/Users/dnare/Desktop/289Q_Projects_Consolidated/Output_Stationary_Full_project/Full_project/db/altsyncram_beu1.tdf Line: 10088
        Warning (14320): Synthesized away node "Systolic_Top:conv1_inst|ofmap_mem:o_mem|altsyncram:mem_rtl_0|altsyncram_beu1:auto_generated|ram_block1a336" File: C:/Users/dnare/Desktop/289Q_Projects_Consolidated/Output_Stationary_Full_project/Full_project/db/altsyncram_beu1.tdf Line: 10118
        Warning (14320): Synthesized away node "Systolic_Top:conv1_inst|ofmap_mem:o_mem|altsyncram:mem_rtl_0|altsyncram_beu1:auto_generated|ram_block1a337" File: C:/Users/dnare/Desktop/289Q_Projects_Consolidated/Output_Stationary_Full_project/Full_project/db/altsyncram_beu1.tdf Line: 10148
        Warning (14320): Synthesized away node "Systolic_Top:conv1_inst|ofmap_mem:o_mem|altsyncram:mem_rtl_0|altsyncram_beu1:auto_generated|ram_block1a338" File: C:/Users/dnare/Desktop/289Q_Projects_Consolidated/Output_Stationary_Full_project/Full_project/db/altsyncram_beu1.tdf Line: 10178
        Warning (14320): Synthesized away node "Systolic_Top:conv1_inst|ofmap_mem:o_mem|altsyncram:mem_rtl_0|altsyncram_beu1:auto_generated|ram_block1a339" File: C:/Users/dnare/Desktop/289Q_Projects_Consolidated/Output_Stationary_Full_project/Full_project/db/altsyncram_beu1.tdf Line: 10208
        Warning (14320): Synthesized away node "Systolic_Top:conv1_inst|ofmap_mem:o_mem|altsyncram:mem_rtl_0|altsyncram_beu1:auto_generated|ram_block1a340" File: C:/Users/dnare/Desktop/289Q_Projects_Consolidated/Output_Stationary_Full_project/Full_project/db/altsyncram_beu1.tdf Line: 10238
        Warning (14320): Synthesized away node "Systolic_Top:conv1_inst|ofmap_mem:o_mem|altsyncram:mem_rtl_0|altsyncram_beu1:auto_generated|ram_block1a341" File: C:/Users/dnare/Desktop/289Q_Projects_Consolidated/Output_Stationary_Full_project/Full_project/db/altsyncram_beu1.tdf Line: 10268
        Warning (14320): Synthesized away node "Systolic_Top:conv1_inst|ofmap_mem:o_mem|altsyncram:mem_rtl_0|altsyncram_beu1:auto_generated|ram_block1a342" File: C:/Users/dnare/Desktop/289Q_Projects_Consolidated/Output_Stationary_Full_project/Full_project/db/altsyncram_beu1.tdf Line: 10298
        Warning (14320): Synthesized away node "Systolic_Top:conv1_inst|ofmap_mem:o_mem|altsyncram:mem_rtl_0|altsyncram_beu1:auto_generated|ram_block1a343" File: C:/Users/dnare/Desktop/289Q_Projects_Consolidated/Output_Stationary_Full_project/Full_project/db/altsyncram_beu1.tdf Line: 10328
        Warning (14320): Synthesized away node "Systolic_Top:conv1_inst|ofmap_mem:o_mem|altsyncram:mem_rtl_0|altsyncram_beu1:auto_generated|ram_block1a344" File: C:/Users/dnare/Desktop/289Q_Projects_Consolidated/Output_Stationary_Full_project/Full_project/db/altsyncram_beu1.tdf Line: 10358
        Warning (14320): Synthesized away node "Systolic_Top:conv1_inst|ofmap_mem:o_mem|altsyncram:mem_rtl_0|altsyncram_beu1:auto_generated|ram_block1a345" File: C:/Users/dnare/Desktop/289Q_Projects_Consolidated/Output_Stationary_Full_project/Full_project/db/altsyncram_beu1.tdf Line: 10388
        Warning (14320): Synthesized away node "Systolic_Top:conv1_inst|ofmap_mem:o_mem|altsyncram:mem_rtl_0|altsyncram_beu1:auto_generated|ram_block1a346" File: C:/Users/dnare/Desktop/289Q_Projects_Consolidated/Output_Stationary_Full_project/Full_project/db/altsyncram_beu1.tdf Line: 10418
        Warning (14320): Synthesized away node "Systolic_Top:conv1_inst|ofmap_mem:o_mem|altsyncram:mem_rtl_0|altsyncram_beu1:auto_generated|ram_block1a347" File: C:/Users/dnare/Desktop/289Q_Projects_Consolidated/Output_Stationary_Full_project/Full_project/db/altsyncram_beu1.tdf Line: 10448
        Warning (14320): Synthesized away node "Systolic_Top:conv1_inst|ofmap_mem:o_mem|altsyncram:mem_rtl_0|altsyncram_beu1:auto_generated|ram_block1a348" File: C:/Users/dnare/Desktop/289Q_Projects_Consolidated/Output_Stationary_Full_project/Full_project/db/altsyncram_beu1.tdf Line: 10478
        Warning (14320): Synthesized away node "Systolic_Top:conv1_inst|ofmap_mem:o_mem|altsyncram:mem_rtl_0|altsyncram_beu1:auto_generated|ram_block1a349" File: C:/Users/dnare/Desktop/289Q_Projects_Consolidated/Output_Stationary_Full_project/Full_project/db/altsyncram_beu1.tdf Line: 10508
        Warning (14320): Synthesized away node "Systolic_Top:conv1_inst|ofmap_mem:o_mem|altsyncram:mem_rtl_0|altsyncram_beu1:auto_generated|ram_block1a350" File: C:/Users/dnare/Desktop/289Q_Projects_Consolidated/Output_Stationary_Full_project/Full_project/db/altsyncram_beu1.tdf Line: 10538
        Warning (14320): Synthesized away node "Systolic_Top:conv1_inst|ofmap_mem:o_mem|altsyncram:mem_rtl_0|altsyncram_beu1:auto_generated|ram_block1a351" File: C:/Users/dnare/Desktop/289Q_Projects_Consolidated/Output_Stationary_Full_project/Full_project/db/altsyncram_beu1.tdf Line: 10568
        Warning (14320): Synthesized away node "Systolic_Top:conv1_inst|ofmap_mem:o_mem|altsyncram:mem_rtl_0|altsyncram_beu1:auto_generated|ram_block1a352" File: C:/Users/dnare/Desktop/289Q_Projects_Consolidated/Output_Stationary_Full_project/Full_project/db/altsyncram_beu1.tdf Line: 10598
        Warning (14320): Synthesized away node "Systolic_Top:conv1_inst|ofmap_mem:o_mem|altsyncram:mem_rtl_0|altsyncram_beu1:auto_generated|ram_block1a353" File: C:/Users/dnare/Desktop/289Q_Projects_Consolidated/Output_Stationary_Full_project/Full_project/db/altsyncram_beu1.tdf Line: 10628
        Warning (14320): Synthesized away node "Systolic_Top:conv1_inst|ofmap_mem:o_mem|altsyncram:mem_rtl_0|altsyncram_beu1:auto_generated|ram_block1a354" File: C:/Users/dnare/Desktop/289Q_Projects_Consolidated/Output_Stationary_Full_project/Full_project/db/altsyncram_beu1.tdf Line: 10658
        Warning (14320): Synthesized away node "Systolic_Top:conv1_inst|ofmap_mem:o_mem|altsyncram:mem_rtl_0|altsyncram_beu1:auto_generated|ram_block1a355" File: C:/Users/dnare/Desktop/289Q_Projects_Consolidated/Output_Stationary_Full_project/Full_project/db/altsyncram_beu1.tdf Line: 10688
        Warning (14320): Synthesized away node "Systolic_Top:conv1_inst|ofmap_mem:o_mem|altsyncram:mem_rtl_0|altsyncram_beu1:auto_generated|ram_block1a356" File: C:/Users/dnare/Desktop/289Q_Projects_Consolidated/Output_Stationary_Full_project/Full_project/db/altsyncram_beu1.tdf Line: 10718
        Warning (14320): Synthesized away node "Systolic_Top:conv1_inst|ofmap_mem:o_mem|altsyncram:mem_rtl_0|altsyncram_beu1:auto_generated|ram_block1a357" File: C:/Users/dnare/Desktop/289Q_Projects_Consolidated/Output_Stationary_Full_project/Full_project/db/altsyncram_beu1.tdf Line: 10748
        Warning (14320): Synthesized away node "Systolic_Top:conv1_inst|ofmap_mem:o_mem|altsyncram:mem_rtl_0|altsyncram_beu1:auto_generated|ram_block1a358" File: C:/Users/dnare/Desktop/289Q_Projects_Consolidated/Output_Stationary_Full_project/Full_project/db/altsyncram_beu1.tdf Line: 10778
        Warning (14320): Synthesized away node "Systolic_Top:conv1_inst|ofmap_mem:o_mem|altsyncram:mem_rtl_0|altsyncram_beu1:auto_generated|ram_block1a359" File: C:/Users/dnare/Desktop/289Q_Projects_Consolidated/Output_Stationary_Full_project/Full_project/db/altsyncram_beu1.tdf Line: 10808
        Warning (14320): Synthesized away node "Systolic_Top:conv1_inst|ofmap_mem:o_mem|altsyncram:mem_rtl_0|altsyncram_beu1:auto_generated|ram_block1a360" File: C:/Users/dnare/Desktop/289Q_Projects_Consolidated/Output_Stationary_Full_project/Full_project/db/altsyncram_beu1.tdf Line: 10838
        Warning (14320): Synthesized away node "Systolic_Top:conv1_inst|ofmap_mem:o_mem|altsyncram:mem_rtl_0|altsyncram_beu1:auto_generated|ram_block1a361" File: C:/Users/dnare/Desktop/289Q_Projects_Consolidated/Output_Stationary_Full_project/Full_project/db/altsyncram_beu1.tdf Line: 10868
        Warning (14320): Synthesized away node "Systolic_Top:conv1_inst|ofmap_mem:o_mem|altsyncram:mem_rtl_0|altsyncram_beu1:auto_generated|ram_block1a362" File: C:/Users/dnare/Desktop/289Q_Projects_Consolidated/Output_Stationary_Full_project/Full_project/db/altsyncram_beu1.tdf Line: 10898
        Warning (14320): Synthesized away node "Systolic_Top:conv1_inst|ofmap_mem:o_mem|altsyncram:mem_rtl_0|altsyncram_beu1:auto_generated|ram_block1a363" File: C:/Users/dnare/Desktop/289Q_Projects_Consolidated/Output_Stationary_Full_project/Full_project/db/altsyncram_beu1.tdf Line: 10928
        Warning (14320): Synthesized away node "Systolic_Top:conv1_inst|ofmap_mem:o_mem|altsyncram:mem_rtl_0|altsyncram_beu1:auto_generated|ram_block1a364" File: C:/Users/dnare/Desktop/289Q_Projects_Consolidated/Output_Stationary_Full_project/Full_project/db/altsyncram_beu1.tdf Line: 10958
        Warning (14320): Synthesized away node "Systolic_Top:conv1_inst|ofmap_mem:o_mem|altsyncram:mem_rtl_0|altsyncram_beu1:auto_generated|ram_block1a365" File: C:/Users/dnare/Desktop/289Q_Projects_Consolidated/Output_Stationary_Full_project/Full_project/db/altsyncram_beu1.tdf Line: 10988
        Warning (14320): Synthesized away node "Systolic_Top:conv1_inst|ofmap_mem:o_mem|altsyncram:mem_rtl_0|altsyncram_beu1:auto_generated|ram_block1a366" File: C:/Users/dnare/Desktop/289Q_Projects_Consolidated/Output_Stationary_Full_project/Full_project/db/altsyncram_beu1.tdf Line: 11018
        Warning (14320): Synthesized away node "Systolic_Top:conv1_inst|ofmap_mem:o_mem|altsyncram:mem_rtl_0|altsyncram_beu1:auto_generated|ram_block1a367" File: C:/Users/dnare/Desktop/289Q_Projects_Consolidated/Output_Stationary_Full_project/Full_project/db/altsyncram_beu1.tdf Line: 11048
        Warning (14320): Synthesized away node "Systolic_Top:conv1_inst|ofmap_mem:o_mem|altsyncram:mem_rtl_0|altsyncram_beu1:auto_generated|ram_block1a368" File: C:/Users/dnare/Desktop/289Q_Projects_Consolidated/Output_Stationary_Full_project/Full_project/db/altsyncram_beu1.tdf Line: 11078
        Warning (14320): Synthesized away node "Systolic_Top:conv1_inst|ofmap_mem:o_mem|altsyncram:mem_rtl_0|altsyncram_beu1:auto_generated|ram_block1a369" File: C:/Users/dnare/Desktop/289Q_Projects_Consolidated/Output_Stationary_Full_project/Full_project/db/altsyncram_beu1.tdf Line: 11108
        Warning (14320): Synthesized away node "Systolic_Top:conv1_inst|ofmap_mem:o_mem|altsyncram:mem_rtl_0|altsyncram_beu1:auto_generated|ram_block1a370" File: C:/Users/dnare/Desktop/289Q_Projects_Consolidated/Output_Stationary_Full_project/Full_project/db/altsyncram_beu1.tdf Line: 11138
        Warning (14320): Synthesized away node "Systolic_Top:conv1_inst|ofmap_mem:o_mem|altsyncram:mem_rtl_0|altsyncram_beu1:auto_generated|ram_block1a371" File: C:/Users/dnare/Desktop/289Q_Projects_Consolidated/Output_Stationary_Full_project/Full_project/db/altsyncram_beu1.tdf Line: 11168
        Warning (14320): Synthesized away node "Systolic_Top:conv1_inst|ofmap_mem:o_mem|altsyncram:mem_rtl_0|altsyncram_beu1:auto_generated|ram_block1a372" File: C:/Users/dnare/Desktop/289Q_Projects_Consolidated/Output_Stationary_Full_project/Full_project/db/altsyncram_beu1.tdf Line: 11198
        Warning (14320): Synthesized away node "Systolic_Top:conv1_inst|ofmap_mem:o_mem|altsyncram:mem_rtl_0|altsyncram_beu1:auto_generated|ram_block1a373" File: C:/Users/dnare/Desktop/289Q_Projects_Consolidated/Output_Stationary_Full_project/Full_project/db/altsyncram_beu1.tdf Line: 11228
        Warning (14320): Synthesized away node "Systolic_Top:conv1_inst|ofmap_mem:o_mem|altsyncram:mem_rtl_0|altsyncram_beu1:auto_generated|ram_block1a374" File: C:/Users/dnare/Desktop/289Q_Projects_Consolidated/Output_Stationary_Full_project/Full_project/db/altsyncram_beu1.tdf Line: 11258
        Warning (14320): Synthesized away node "Systolic_Top:conv1_inst|ofmap_mem:o_mem|altsyncram:mem_rtl_0|altsyncram_beu1:auto_generated|ram_block1a375" File: C:/Users/dnare/Desktop/289Q_Projects_Consolidated/Output_Stationary_Full_project/Full_project/db/altsyncram_beu1.tdf Line: 11288
        Warning (14320): Synthesized away node "Systolic_Top:conv1_inst|ofmap_mem:o_mem|altsyncram:mem_rtl_0|altsyncram_beu1:auto_generated|ram_block1a376" File: C:/Users/dnare/Desktop/289Q_Projects_Consolidated/Output_Stationary_Full_project/Full_project/db/altsyncram_beu1.tdf Line: 11318
        Warning (14320): Synthesized away node "Systolic_Top:conv1_inst|ofmap_mem:o_mem|altsyncram:mem_rtl_0|altsyncram_beu1:auto_generated|ram_block1a377" File: C:/Users/dnare/Desktop/289Q_Projects_Consolidated/Output_Stationary_Full_project/Full_project/db/altsyncram_beu1.tdf Line: 11348
        Warning (14320): Synthesized away node "Systolic_Top:conv1_inst|ofmap_mem:o_mem|altsyncram:mem_rtl_0|altsyncram_beu1:auto_generated|ram_block1a378" File: C:/Users/dnare/Desktop/289Q_Projects_Consolidated/Output_Stationary_Full_project/Full_project/db/altsyncram_beu1.tdf Line: 11378
        Warning (14320): Synthesized away node "Systolic_Top:conv1_inst|ofmap_mem:o_mem|altsyncram:mem_rtl_0|altsyncram_beu1:auto_generated|ram_block1a379" File: C:/Users/dnare/Desktop/289Q_Projects_Consolidated/Output_Stationary_Full_project/Full_project/db/altsyncram_beu1.tdf Line: 11408
        Warning (14320): Synthesized away node "Systolic_Top:conv1_inst|ofmap_mem:o_mem|altsyncram:mem_rtl_0|altsyncram_beu1:auto_generated|ram_block1a380" File: C:/Users/dnare/Desktop/289Q_Projects_Consolidated/Output_Stationary_Full_project/Full_project/db/altsyncram_beu1.tdf Line: 11438
        Warning (14320): Synthesized away node "Systolic_Top:conv1_inst|ofmap_mem:o_mem|altsyncram:mem_rtl_0|altsyncram_beu1:auto_generated|ram_block1a381" File: C:/Users/dnare/Desktop/289Q_Projects_Consolidated/Output_Stationary_Full_project/Full_project/db/altsyncram_beu1.tdf Line: 11468
        Warning (14320): Synthesized away node "Systolic_Top:conv1_inst|ofmap_mem:o_mem|altsyncram:mem_rtl_0|altsyncram_beu1:auto_generated|ram_block1a382" File: C:/Users/dnare/Desktop/289Q_Projects_Consolidated/Output_Stationary_Full_project/Full_project/db/altsyncram_beu1.tdf Line: 11498
        Warning (14320): Synthesized away node "Systolic_Top:conv1_inst|ofmap_mem:o_mem|altsyncram:mem_rtl_0|altsyncram_beu1:auto_generated|ram_block1a383" File: C:/Users/dnare/Desktop/289Q_Projects_Consolidated/Output_Stationary_Full_project/Full_project/db/altsyncram_beu1.tdf Line: 11528
        Warning (14320): Synthesized away node "Systolic_Top:conv1_inst|ofmap_mem:o_mem|altsyncram:mem_rtl_0|altsyncram_beu1:auto_generated|ram_block1a384" File: C:/Users/dnare/Desktop/289Q_Projects_Consolidated/Output_Stationary_Full_project/Full_project/db/altsyncram_beu1.tdf Line: 11558
        Warning (14320): Synthesized away node "Systolic_Top:conv1_inst|ofmap_mem:o_mem|altsyncram:mem_rtl_0|altsyncram_beu1:auto_generated|ram_block1a385" File: C:/Users/dnare/Desktop/289Q_Projects_Consolidated/Output_Stationary_Full_project/Full_project/db/altsyncram_beu1.tdf Line: 11588
        Warning (14320): Synthesized away node "Systolic_Top:conv1_inst|ofmap_mem:o_mem|altsyncram:mem_rtl_0|altsyncram_beu1:auto_generated|ram_block1a386" File: C:/Users/dnare/Desktop/289Q_Projects_Consolidated/Output_Stationary_Full_project/Full_project/db/altsyncram_beu1.tdf Line: 11618
        Warning (14320): Synthesized away node "Systolic_Top:conv1_inst|ofmap_mem:o_mem|altsyncram:mem_rtl_0|altsyncram_beu1:auto_generated|ram_block1a387" File: C:/Users/dnare/Desktop/289Q_Projects_Consolidated/Output_Stationary_Full_project/Full_project/db/altsyncram_beu1.tdf Line: 11648
        Warning (14320): Synthesized away node "Systolic_Top:conv1_inst|ofmap_mem:o_mem|altsyncram:mem_rtl_0|altsyncram_beu1:auto_generated|ram_block1a388" File: C:/Users/dnare/Desktop/289Q_Projects_Consolidated/Output_Stationary_Full_project/Full_project/db/altsyncram_beu1.tdf Line: 11678
        Warning (14320): Synthesized away node "Systolic_Top:conv1_inst|ofmap_mem:o_mem|altsyncram:mem_rtl_0|altsyncram_beu1:auto_generated|ram_block1a389" File: C:/Users/dnare/Desktop/289Q_Projects_Consolidated/Output_Stationary_Full_project/Full_project/db/altsyncram_beu1.tdf Line: 11708
        Warning (14320): Synthesized away node "Systolic_Top:conv1_inst|ofmap_mem:o_mem|altsyncram:mem_rtl_0|altsyncram_beu1:auto_generated|ram_block1a390" File: C:/Users/dnare/Desktop/289Q_Projects_Consolidated/Output_Stationary_Full_project/Full_project/db/altsyncram_beu1.tdf Line: 11738
        Warning (14320): Synthesized away node "Systolic_Top:conv1_inst|ofmap_mem:o_mem|altsyncram:mem_rtl_0|altsyncram_beu1:auto_generated|ram_block1a391" File: C:/Users/dnare/Desktop/289Q_Projects_Consolidated/Output_Stationary_Full_project/Full_project/db/altsyncram_beu1.tdf Line: 11768
        Warning (14320): Synthesized away node "Systolic_Top:conv1_inst|ofmap_mem:o_mem|altsyncram:mem_rtl_0|altsyncram_beu1:auto_generated|ram_block1a392" File: C:/Users/dnare/Desktop/289Q_Projects_Consolidated/Output_Stationary_Full_project/Full_project/db/altsyncram_beu1.tdf Line: 11798
        Warning (14320): Synthesized away node "Systolic_Top:conv1_inst|ofmap_mem:o_mem|altsyncram:mem_rtl_0|altsyncram_beu1:auto_generated|ram_block1a393" File: C:/Users/dnare/Desktop/289Q_Projects_Consolidated/Output_Stationary_Full_project/Full_project/db/altsyncram_beu1.tdf Line: 11828
        Warning (14320): Synthesized away node "Systolic_Top:conv1_inst|ofmap_mem:o_mem|altsyncram:mem_rtl_0|altsyncram_beu1:auto_generated|ram_block1a394" File: C:/Users/dnare/Desktop/289Q_Projects_Consolidated/Output_Stationary_Full_project/Full_project/db/altsyncram_beu1.tdf Line: 11858
        Warning (14320): Synthesized away node "Systolic_Top:conv1_inst|ofmap_mem:o_mem|altsyncram:mem_rtl_0|altsyncram_beu1:auto_generated|ram_block1a395" File: C:/Users/dnare/Desktop/289Q_Projects_Consolidated/Output_Stationary_Full_project/Full_project/db/altsyncram_beu1.tdf Line: 11888
        Warning (14320): Synthesized away node "Systolic_Top:conv1_inst|ofmap_mem:o_mem|altsyncram:mem_rtl_0|altsyncram_beu1:auto_generated|ram_block1a396" File: C:/Users/dnare/Desktop/289Q_Projects_Consolidated/Output_Stationary_Full_project/Full_project/db/altsyncram_beu1.tdf Line: 11918
        Warning (14320): Synthesized away node "Systolic_Top:conv1_inst|ofmap_mem:o_mem|altsyncram:mem_rtl_0|altsyncram_beu1:auto_generated|ram_block1a397" File: C:/Users/dnare/Desktop/289Q_Projects_Consolidated/Output_Stationary_Full_project/Full_project/db/altsyncram_beu1.tdf Line: 11948
        Warning (14320): Synthesized away node "Systolic_Top:conv1_inst|ofmap_mem:o_mem|altsyncram:mem_rtl_0|altsyncram_beu1:auto_generated|ram_block1a398" File: C:/Users/dnare/Desktop/289Q_Projects_Consolidated/Output_Stationary_Full_project/Full_project/db/altsyncram_beu1.tdf Line: 11978
        Warning (14320): Synthesized away node "Systolic_Top:conv1_inst|ofmap_mem:o_mem|altsyncram:mem_rtl_0|altsyncram_beu1:auto_generated|ram_block1a399" File: C:/Users/dnare/Desktop/289Q_Projects_Consolidated/Output_Stationary_Full_project/Full_project/db/altsyncram_beu1.tdf Line: 12008
        Warning (14320): Synthesized away node "Systolic_Top:conv1_inst|ofmap_mem:o_mem|altsyncram:mem_rtl_0|altsyncram_beu1:auto_generated|ram_block1a400" File: C:/Users/dnare/Desktop/289Q_Projects_Consolidated/Output_Stationary_Full_project/Full_project/db/altsyncram_beu1.tdf Line: 12038
        Warning (14320): Synthesized away node "Systolic_Top:conv1_inst|ofmap_mem:o_mem|altsyncram:mem_rtl_0|altsyncram_beu1:auto_generated|ram_block1a401" File: C:/Users/dnare/Desktop/289Q_Projects_Consolidated/Output_Stationary_Full_project/Full_project/db/altsyncram_beu1.tdf Line: 12068
        Warning (14320): Synthesized away node "Systolic_Top:conv1_inst|ofmap_mem:o_mem|altsyncram:mem_rtl_0|altsyncram_beu1:auto_generated|ram_block1a402" File: C:/Users/dnare/Desktop/289Q_Projects_Consolidated/Output_Stationary_Full_project/Full_project/db/altsyncram_beu1.tdf Line: 12098
        Warning (14320): Synthesized away node "Systolic_Top:conv1_inst|ofmap_mem:o_mem|altsyncram:mem_rtl_0|altsyncram_beu1:auto_generated|ram_block1a403" File: C:/Users/dnare/Desktop/289Q_Projects_Consolidated/Output_Stationary_Full_project/Full_project/db/altsyncram_beu1.tdf Line: 12128
        Warning (14320): Synthesized away node "Systolic_Top:conv1_inst|ofmap_mem:o_mem|altsyncram:mem_rtl_0|altsyncram_beu1:auto_generated|ram_block1a404" File: C:/Users/dnare/Desktop/289Q_Projects_Consolidated/Output_Stationary_Full_project/Full_project/db/altsyncram_beu1.tdf Line: 12158
        Warning (14320): Synthesized away node "Systolic_Top:conv1_inst|ofmap_mem:o_mem|altsyncram:mem_rtl_0|altsyncram_beu1:auto_generated|ram_block1a405" File: C:/Users/dnare/Desktop/289Q_Projects_Consolidated/Output_Stationary_Full_project/Full_project/db/altsyncram_beu1.tdf Line: 12188
        Warning (14320): Synthesized away node "Systolic_Top:conv1_inst|ofmap_mem:o_mem|altsyncram:mem_rtl_0|altsyncram_beu1:auto_generated|ram_block1a406" File: C:/Users/dnare/Desktop/289Q_Projects_Consolidated/Output_Stationary_Full_project/Full_project/db/altsyncram_beu1.tdf Line: 12218
        Warning (14320): Synthesized away node "Systolic_Top:conv1_inst|ofmap_mem:o_mem|altsyncram:mem_rtl_0|altsyncram_beu1:auto_generated|ram_block1a407" File: C:/Users/dnare/Desktop/289Q_Projects_Consolidated/Output_Stationary_Full_project/Full_project/db/altsyncram_beu1.tdf Line: 12248
        Warning (14320): Synthesized away node "Systolic_Top:conv1_inst|ofmap_mem:o_mem|altsyncram:mem_rtl_0|altsyncram_beu1:auto_generated|ram_block1a408" File: C:/Users/dnare/Desktop/289Q_Projects_Consolidated/Output_Stationary_Full_project/Full_project/db/altsyncram_beu1.tdf Line: 12278
        Warning (14320): Synthesized away node "Systolic_Top:conv1_inst|ofmap_mem:o_mem|altsyncram:mem_rtl_0|altsyncram_beu1:auto_generated|ram_block1a409" File: C:/Users/dnare/Desktop/289Q_Projects_Consolidated/Output_Stationary_Full_project/Full_project/db/altsyncram_beu1.tdf Line: 12308
        Warning (14320): Synthesized away node "Systolic_Top:conv1_inst|ofmap_mem:o_mem|altsyncram:mem_rtl_0|altsyncram_beu1:auto_generated|ram_block1a410" File: C:/Users/dnare/Desktop/289Q_Projects_Consolidated/Output_Stationary_Full_project/Full_project/db/altsyncram_beu1.tdf Line: 12338
        Warning (14320): Synthesized away node "Systolic_Top:conv1_inst|ofmap_mem:o_mem|altsyncram:mem_rtl_0|altsyncram_beu1:auto_generated|ram_block1a411" File: C:/Users/dnare/Desktop/289Q_Projects_Consolidated/Output_Stationary_Full_project/Full_project/db/altsyncram_beu1.tdf Line: 12368
        Warning (14320): Synthesized away node "Systolic_Top:conv1_inst|ofmap_mem:o_mem|altsyncram:mem_rtl_0|altsyncram_beu1:auto_generated|ram_block1a412" File: C:/Users/dnare/Desktop/289Q_Projects_Consolidated/Output_Stationary_Full_project/Full_project/db/altsyncram_beu1.tdf Line: 12398
        Warning (14320): Synthesized away node "Systolic_Top:conv1_inst|ofmap_mem:o_mem|altsyncram:mem_rtl_0|altsyncram_beu1:auto_generated|ram_block1a413" File: C:/Users/dnare/Desktop/289Q_Projects_Consolidated/Output_Stationary_Full_project/Full_project/db/altsyncram_beu1.tdf Line: 12428
        Warning (14320): Synthesized away node "Systolic_Top:conv1_inst|ofmap_mem:o_mem|altsyncram:mem_rtl_0|altsyncram_beu1:auto_generated|ram_block1a414" File: C:/Users/dnare/Desktop/289Q_Projects_Consolidated/Output_Stationary_Full_project/Full_project/db/altsyncram_beu1.tdf Line: 12458
        Warning (14320): Synthesized away node "Systolic_Top:conv1_inst|ofmap_mem:o_mem|altsyncram:mem_rtl_0|altsyncram_beu1:auto_generated|ram_block1a415" File: C:/Users/dnare/Desktop/289Q_Projects_Consolidated/Output_Stationary_Full_project/Full_project/db/altsyncram_beu1.tdf Line: 12488
        Warning (14320): Synthesized away node "Systolic_Top:conv1_inst|ofmap_mem:o_mem|altsyncram:mem_rtl_0|altsyncram_beu1:auto_generated|ram_block1a416" File: C:/Users/dnare/Desktop/289Q_Projects_Consolidated/Output_Stationary_Full_project/Full_project/db/altsyncram_beu1.tdf Line: 12518
        Warning (14320): Synthesized away node "Systolic_Top:conv1_inst|ofmap_mem:o_mem|altsyncram:mem_rtl_0|altsyncram_beu1:auto_generated|ram_block1a417" File: C:/Users/dnare/Desktop/289Q_Projects_Consolidated/Output_Stationary_Full_project/Full_project/db/altsyncram_beu1.tdf Line: 12548
        Warning (14320): Synthesized away node "Systolic_Top:conv1_inst|ofmap_mem:o_mem|altsyncram:mem_rtl_0|altsyncram_beu1:auto_generated|ram_block1a418" File: C:/Users/dnare/Desktop/289Q_Projects_Consolidated/Output_Stationary_Full_project/Full_project/db/altsyncram_beu1.tdf Line: 12578
        Warning (14320): Synthesized away node "Systolic_Top:conv1_inst|ofmap_mem:o_mem|altsyncram:mem_rtl_0|altsyncram_beu1:auto_generated|ram_block1a419" File: C:/Users/dnare/Desktop/289Q_Projects_Consolidated/Output_Stationary_Full_project/Full_project/db/altsyncram_beu1.tdf Line: 12608
        Warning (14320): Synthesized away node "Systolic_Top:conv1_inst|ofmap_mem:o_mem|altsyncram:mem_rtl_0|altsyncram_beu1:auto_generated|ram_block1a420" File: C:/Users/dnare/Desktop/289Q_Projects_Consolidated/Output_Stationary_Full_project/Full_project/db/altsyncram_beu1.tdf Line: 12638
        Warning (14320): Synthesized away node "Systolic_Top:conv1_inst|ofmap_mem:o_mem|altsyncram:mem_rtl_0|altsyncram_beu1:auto_generated|ram_block1a421" File: C:/Users/dnare/Desktop/289Q_Projects_Consolidated/Output_Stationary_Full_project/Full_project/db/altsyncram_beu1.tdf Line: 12668
        Warning (14320): Synthesized away node "Systolic_Top:conv1_inst|ofmap_mem:o_mem|altsyncram:mem_rtl_0|altsyncram_beu1:auto_generated|ram_block1a422" File: C:/Users/dnare/Desktop/289Q_Projects_Consolidated/Output_Stationary_Full_project/Full_project/db/altsyncram_beu1.tdf Line: 12698
        Warning (14320): Synthesized away node "Systolic_Top:conv1_inst|ofmap_mem:o_mem|altsyncram:mem_rtl_0|altsyncram_beu1:auto_generated|ram_block1a423" File: C:/Users/dnare/Desktop/289Q_Projects_Consolidated/Output_Stationary_Full_project/Full_project/db/altsyncram_beu1.tdf Line: 12728
        Warning (14320): Synthesized away node "Systolic_Top:conv1_inst|ofmap_mem:o_mem|altsyncram:mem_rtl_0|altsyncram_beu1:auto_generated|ram_block1a424" File: C:/Users/dnare/Desktop/289Q_Projects_Consolidated/Output_Stationary_Full_project/Full_project/db/altsyncram_beu1.tdf Line: 12758
        Warning (14320): Synthesized away node "Systolic_Top:conv1_inst|ofmap_mem:o_mem|altsyncram:mem_rtl_0|altsyncram_beu1:auto_generated|ram_block1a425" File: C:/Users/dnare/Desktop/289Q_Projects_Consolidated/Output_Stationary_Full_project/Full_project/db/altsyncram_beu1.tdf Line: 12788
        Warning (14320): Synthesized away node "Systolic_Top:conv1_inst|ofmap_mem:o_mem|altsyncram:mem_rtl_0|altsyncram_beu1:auto_generated|ram_block1a426" File: C:/Users/dnare/Desktop/289Q_Projects_Consolidated/Output_Stationary_Full_project/Full_project/db/altsyncram_beu1.tdf Line: 12818
        Warning (14320): Synthesized away node "Systolic_Top:conv1_inst|ofmap_mem:o_mem|altsyncram:mem_rtl_0|altsyncram_beu1:auto_generated|ram_block1a427" File: C:/Users/dnare/Desktop/289Q_Projects_Consolidated/Output_Stationary_Full_project/Full_project/db/altsyncram_beu1.tdf Line: 12848
        Warning (14320): Synthesized away node "Systolic_Top:conv1_inst|ofmap_mem:o_mem|altsyncram:mem_rtl_0|altsyncram_beu1:auto_generated|ram_block1a428" File: C:/Users/dnare/Desktop/289Q_Projects_Consolidated/Output_Stationary_Full_project/Full_project/db/altsyncram_beu1.tdf Line: 12878
        Warning (14320): Synthesized away node "Systolic_Top:conv1_inst|ofmap_mem:o_mem|altsyncram:mem_rtl_0|altsyncram_beu1:auto_generated|ram_block1a429" File: C:/Users/dnare/Desktop/289Q_Projects_Consolidated/Output_Stationary_Full_project/Full_project/db/altsyncram_beu1.tdf Line: 12908
        Warning (14320): Synthesized away node "Systolic_Top:conv1_inst|ofmap_mem:o_mem|altsyncram:mem_rtl_0|altsyncram_beu1:auto_generated|ram_block1a430" File: C:/Users/dnare/Desktop/289Q_Projects_Consolidated/Output_Stationary_Full_project/Full_project/db/altsyncram_beu1.tdf Line: 12938
        Warning (14320): Synthesized away node "Systolic_Top:conv1_inst|ofmap_mem:o_mem|altsyncram:mem_rtl_0|altsyncram_beu1:auto_generated|ram_block1a431" File: C:/Users/dnare/Desktop/289Q_Projects_Consolidated/Output_Stationary_Full_project/Full_project/db/altsyncram_beu1.tdf Line: 12968
        Warning (14320): Synthesized away node "Systolic_Top:conv1_inst|ofmap_mem:o_mem|altsyncram:mem_rtl_0|altsyncram_beu1:auto_generated|ram_block1a432" File: C:/Users/dnare/Desktop/289Q_Projects_Consolidated/Output_Stationary_Full_project/Full_project/db/altsyncram_beu1.tdf Line: 12998
        Warning (14320): Synthesized away node "Systolic_Top:conv1_inst|ofmap_mem:o_mem|altsyncram:mem_rtl_0|altsyncram_beu1:auto_generated|ram_block1a433" File: C:/Users/dnare/Desktop/289Q_Projects_Consolidated/Output_Stationary_Full_project/Full_project/db/altsyncram_beu1.tdf Line: 13028
        Warning (14320): Synthesized away node "Systolic_Top:conv1_inst|ofmap_mem:o_mem|altsyncram:mem_rtl_0|altsyncram_beu1:auto_generated|ram_block1a434" File: C:/Users/dnare/Desktop/289Q_Projects_Consolidated/Output_Stationary_Full_project/Full_project/db/altsyncram_beu1.tdf Line: 13058
        Warning (14320): Synthesized away node "Systolic_Top:conv1_inst|ofmap_mem:o_mem|altsyncram:mem_rtl_0|altsyncram_beu1:auto_generated|ram_block1a435" File: C:/Users/dnare/Desktop/289Q_Projects_Consolidated/Output_Stationary_Full_project/Full_project/db/altsyncram_beu1.tdf Line: 13088
        Warning (14320): Synthesized away node "Systolic_Top:conv1_inst|ofmap_mem:o_mem|altsyncram:mem_rtl_0|altsyncram_beu1:auto_generated|ram_block1a436" File: C:/Users/dnare/Desktop/289Q_Projects_Consolidated/Output_Stationary_Full_project/Full_project/db/altsyncram_beu1.tdf Line: 13118
        Warning (14320): Synthesized away node "Systolic_Top:conv1_inst|ofmap_mem:o_mem|altsyncram:mem_rtl_0|altsyncram_beu1:auto_generated|ram_block1a437" File: C:/Users/dnare/Desktop/289Q_Projects_Consolidated/Output_Stationary_Full_project/Full_project/db/altsyncram_beu1.tdf Line: 13148
        Warning (14320): Synthesized away node "Systolic_Top:conv1_inst|ofmap_mem:o_mem|altsyncram:mem_rtl_0|altsyncram_beu1:auto_generated|ram_block1a438" File: C:/Users/dnare/Desktop/289Q_Projects_Consolidated/Output_Stationary_Full_project/Full_project/db/altsyncram_beu1.tdf Line: 13178
        Warning (14320): Synthesized away node "Systolic_Top:conv1_inst|ofmap_mem:o_mem|altsyncram:mem_rtl_0|altsyncram_beu1:auto_generated|ram_block1a439" File: C:/Users/dnare/Desktop/289Q_Projects_Consolidated/Output_Stationary_Full_project/Full_project/db/altsyncram_beu1.tdf Line: 13208
        Warning (14320): Synthesized away node "Systolic_Top:conv1_inst|ofmap_mem:o_mem|altsyncram:mem_rtl_0|altsyncram_beu1:auto_generated|ram_block1a440" File: C:/Users/dnare/Desktop/289Q_Projects_Consolidated/Output_Stationary_Full_project/Full_project/db/altsyncram_beu1.tdf Line: 13238
        Warning (14320): Synthesized away node "Systolic_Top:conv1_inst|ofmap_mem:o_mem|altsyncram:mem_rtl_0|altsyncram_beu1:auto_generated|ram_block1a441" File: C:/Users/dnare/Desktop/289Q_Projects_Consolidated/Output_Stationary_Full_project/Full_project/db/altsyncram_beu1.tdf Line: 13268
        Warning (14320): Synthesized away node "Systolic_Top:conv1_inst|ofmap_mem:o_mem|altsyncram:mem_rtl_0|altsyncram_beu1:auto_generated|ram_block1a442" File: C:/Users/dnare/Desktop/289Q_Projects_Consolidated/Output_Stationary_Full_project/Full_project/db/altsyncram_beu1.tdf Line: 13298
        Warning (14320): Synthesized away node "Systolic_Top:conv1_inst|ofmap_mem:o_mem|altsyncram:mem_rtl_0|altsyncram_beu1:auto_generated|ram_block1a443" File: C:/Users/dnare/Desktop/289Q_Projects_Consolidated/Output_Stationary_Full_project/Full_project/db/altsyncram_beu1.tdf Line: 13328
        Warning (14320): Synthesized away node "Systolic_Top:conv1_inst|ofmap_mem:o_mem|altsyncram:mem_rtl_0|altsyncram_beu1:auto_generated|ram_block1a444" File: C:/Users/dnare/Desktop/289Q_Projects_Consolidated/Output_Stationary_Full_project/Full_project/db/altsyncram_beu1.tdf Line: 13358
        Warning (14320): Synthesized away node "Systolic_Top:conv1_inst|ofmap_mem:o_mem|altsyncram:mem_rtl_0|altsyncram_beu1:auto_generated|ram_block1a445" File: C:/Users/dnare/Desktop/289Q_Projects_Consolidated/Output_Stationary_Full_project/Full_project/db/altsyncram_beu1.tdf Line: 13388
        Warning (14320): Synthesized away node "Systolic_Top:conv1_inst|ofmap_mem:o_mem|altsyncram:mem_rtl_0|altsyncram_beu1:auto_generated|ram_block1a446" File: C:/Users/dnare/Desktop/289Q_Projects_Consolidated/Output_Stationary_Full_project/Full_project/db/altsyncram_beu1.tdf Line: 13418
        Warning (14320): Synthesized away node "Systolic_Top:conv1_inst|ofmap_mem:o_mem|altsyncram:mem_rtl_0|altsyncram_beu1:auto_generated|ram_block1a447" File: C:/Users/dnare/Desktop/289Q_Projects_Consolidated/Output_Stationary_Full_project/Full_project/db/altsyncram_beu1.tdf Line: 13448
        Warning (14320): Synthesized away node "Systolic_Top:conv1_inst|ofmap_mem:o_mem|altsyncram:mem_rtl_0|altsyncram_beu1:auto_generated|ram_block1a448" File: C:/Users/dnare/Desktop/289Q_Projects_Consolidated/Output_Stationary_Full_project/Full_project/db/altsyncram_beu1.tdf Line: 13478
        Warning (14320): Synthesized away node "Systolic_Top:conv1_inst|ofmap_mem:o_mem|altsyncram:mem_rtl_0|altsyncram_beu1:auto_generated|ram_block1a449" File: C:/Users/dnare/Desktop/289Q_Projects_Consolidated/Output_Stationary_Full_project/Full_project/db/altsyncram_beu1.tdf Line: 13508
        Warning (14320): Synthesized away node "Systolic_Top:conv1_inst|ofmap_mem:o_mem|altsyncram:mem_rtl_0|altsyncram_beu1:auto_generated|ram_block1a450" File: C:/Users/dnare/Desktop/289Q_Projects_Consolidated/Output_Stationary_Full_project/Full_project/db/altsyncram_beu1.tdf Line: 13538
        Warning (14320): Synthesized away node "Systolic_Top:conv1_inst|ofmap_mem:o_mem|altsyncram:mem_rtl_0|altsyncram_beu1:auto_generated|ram_block1a451" File: C:/Users/dnare/Desktop/289Q_Projects_Consolidated/Output_Stationary_Full_project/Full_project/db/altsyncram_beu1.tdf Line: 13568
        Warning (14320): Synthesized away node "Systolic_Top:conv1_inst|ofmap_mem:o_mem|altsyncram:mem_rtl_0|altsyncram_beu1:auto_generated|ram_block1a452" File: C:/Users/dnare/Desktop/289Q_Projects_Consolidated/Output_Stationary_Full_project/Full_project/db/altsyncram_beu1.tdf Line: 13598
        Warning (14320): Synthesized away node "Systolic_Top:conv1_inst|ofmap_mem:o_mem|altsyncram:mem_rtl_0|altsyncram_beu1:auto_generated|ram_block1a453" File: C:/Users/dnare/Desktop/289Q_Projects_Consolidated/Output_Stationary_Full_project/Full_project/db/altsyncram_beu1.tdf Line: 13628
        Warning (14320): Synthesized away node "Systolic_Top:conv1_inst|ofmap_mem:o_mem|altsyncram:mem_rtl_0|altsyncram_beu1:auto_generated|ram_block1a454" File: C:/Users/dnare/Desktop/289Q_Projects_Consolidated/Output_Stationary_Full_project/Full_project/db/altsyncram_beu1.tdf Line: 13658
        Warning (14320): Synthesized away node "Systolic_Top:conv1_inst|ofmap_mem:o_mem|altsyncram:mem_rtl_0|altsyncram_beu1:auto_generated|ram_block1a455" File: C:/Users/dnare/Desktop/289Q_Projects_Consolidated/Output_Stationary_Full_project/Full_project/db/altsyncram_beu1.tdf Line: 13688
        Warning (14320): Synthesized away node "Systolic_Top:conv1_inst|ofmap_mem:o_mem|altsyncram:mem_rtl_0|altsyncram_beu1:auto_generated|ram_block1a456" File: C:/Users/dnare/Desktop/289Q_Projects_Consolidated/Output_Stationary_Full_project/Full_project/db/altsyncram_beu1.tdf Line: 13718
        Warning (14320): Synthesized away node "Systolic_Top:conv1_inst|ofmap_mem:o_mem|altsyncram:mem_rtl_0|altsyncram_beu1:auto_generated|ram_block1a457" File: C:/Users/dnare/Desktop/289Q_Projects_Consolidated/Output_Stationary_Full_project/Full_project/db/altsyncram_beu1.tdf Line: 13748
        Warning (14320): Synthesized away node "Systolic_Top:conv1_inst|ofmap_mem:o_mem|altsyncram:mem_rtl_0|altsyncram_beu1:auto_generated|ram_block1a458" File: C:/Users/dnare/Desktop/289Q_Projects_Consolidated/Output_Stationary_Full_project/Full_project/db/altsyncram_beu1.tdf Line: 13778
        Warning (14320): Synthesized away node "Systolic_Top:conv1_inst|ofmap_mem:o_mem|altsyncram:mem_rtl_0|altsyncram_beu1:auto_generated|ram_block1a459" File: C:/Users/dnare/Desktop/289Q_Projects_Consolidated/Output_Stationary_Full_project/Full_project/db/altsyncram_beu1.tdf Line: 13808
        Warning (14320): Synthesized away node "Systolic_Top:conv1_inst|ofmap_mem:o_mem|altsyncram:mem_rtl_0|altsyncram_beu1:auto_generated|ram_block1a460" File: C:/Users/dnare/Desktop/289Q_Projects_Consolidated/Output_Stationary_Full_project/Full_project/db/altsyncram_beu1.tdf Line: 13838
        Warning (14320): Synthesized away node "Systolic_Top:conv1_inst|ofmap_mem:o_mem|altsyncram:mem_rtl_0|altsyncram_beu1:auto_generated|ram_block1a461" File: C:/Users/dnare/Desktop/289Q_Projects_Consolidated/Output_Stationary_Full_project/Full_project/db/altsyncram_beu1.tdf Line: 13868
        Warning (14320): Synthesized away node "Systolic_Top:conv1_inst|ofmap_mem:o_mem|altsyncram:mem_rtl_0|altsyncram_beu1:auto_generated|ram_block1a462" File: C:/Users/dnare/Desktop/289Q_Projects_Consolidated/Output_Stationary_Full_project/Full_project/db/altsyncram_beu1.tdf Line: 13898
        Warning (14320): Synthesized away node "Systolic_Top:conv1_inst|ofmap_mem:o_mem|altsyncram:mem_rtl_0|altsyncram_beu1:auto_generated|ram_block1a463" File: C:/Users/dnare/Desktop/289Q_Projects_Consolidated/Output_Stationary_Full_project/Full_project/db/altsyncram_beu1.tdf Line: 13928
        Warning (14320): Synthesized away node "Systolic_Top:conv1_inst|ofmap_mem:o_mem|altsyncram:mem_rtl_0|altsyncram_beu1:auto_generated|ram_block1a464" File: C:/Users/dnare/Desktop/289Q_Projects_Consolidated/Output_Stationary_Full_project/Full_project/db/altsyncram_beu1.tdf Line: 13958
        Warning (14320): Synthesized away node "Systolic_Top:conv1_inst|ofmap_mem:o_mem|altsyncram:mem_rtl_0|altsyncram_beu1:auto_generated|ram_block1a465" File: C:/Users/dnare/Desktop/289Q_Projects_Consolidated/Output_Stationary_Full_project/Full_project/db/altsyncram_beu1.tdf Line: 13988
        Warning (14320): Synthesized away node "Systolic_Top:conv1_inst|ofmap_mem:o_mem|altsyncram:mem_rtl_0|altsyncram_beu1:auto_generated|ram_block1a466" File: C:/Users/dnare/Desktop/289Q_Projects_Consolidated/Output_Stationary_Full_project/Full_project/db/altsyncram_beu1.tdf Line: 14018
        Warning (14320): Synthesized away node "Systolic_Top:conv1_inst|ofmap_mem:o_mem|altsyncram:mem_rtl_0|altsyncram_beu1:auto_generated|ram_block1a467" File: C:/Users/dnare/Desktop/289Q_Projects_Consolidated/Output_Stationary_Full_project/Full_project/db/altsyncram_beu1.tdf Line: 14048
        Warning (14320): Synthesized away node "Systolic_Top:conv1_inst|ofmap_mem:o_mem|altsyncram:mem_rtl_0|altsyncram_beu1:auto_generated|ram_block1a468" File: C:/Users/dnare/Desktop/289Q_Projects_Consolidated/Output_Stationary_Full_project/Full_project/db/altsyncram_beu1.tdf Line: 14078
        Warning (14320): Synthesized away node "Systolic_Top:conv1_inst|ofmap_mem:o_mem|altsyncram:mem_rtl_0|altsyncram_beu1:auto_generated|ram_block1a469" File: C:/Users/dnare/Desktop/289Q_Projects_Consolidated/Output_Stationary_Full_project/Full_project/db/altsyncram_beu1.tdf Line: 14108
        Warning (14320): Synthesized away node "Systolic_Top:conv1_inst|ofmap_mem:o_mem|altsyncram:mem_rtl_0|altsyncram_beu1:auto_generated|ram_block1a470" File: C:/Users/dnare/Desktop/289Q_Projects_Consolidated/Output_Stationary_Full_project/Full_project/db/altsyncram_beu1.tdf Line: 14138
        Warning (14320): Synthesized away node "Systolic_Top:conv1_inst|ofmap_mem:o_mem|altsyncram:mem_rtl_0|altsyncram_beu1:auto_generated|ram_block1a471" File: C:/Users/dnare/Desktop/289Q_Projects_Consolidated/Output_Stationary_Full_project/Full_project/db/altsyncram_beu1.tdf Line: 14168
        Warning (14320): Synthesized away node "Systolic_Top:conv1_inst|ofmap_mem:o_mem|altsyncram:mem_rtl_0|altsyncram_beu1:auto_generated|ram_block1a472" File: C:/Users/dnare/Desktop/289Q_Projects_Consolidated/Output_Stationary_Full_project/Full_project/db/altsyncram_beu1.tdf Line: 14198
        Warning (14320): Synthesized away node "Systolic_Top:conv1_inst|ofmap_mem:o_mem|altsyncram:mem_rtl_0|altsyncram_beu1:auto_generated|ram_block1a473" File: C:/Users/dnare/Desktop/289Q_Projects_Consolidated/Output_Stationary_Full_project/Full_project/db/altsyncram_beu1.tdf Line: 14228
        Warning (14320): Synthesized away node "Systolic_Top:conv1_inst|ofmap_mem:o_mem|altsyncram:mem_rtl_0|altsyncram_beu1:auto_generated|ram_block1a474" File: C:/Users/dnare/Desktop/289Q_Projects_Consolidated/Output_Stationary_Full_project/Full_project/db/altsyncram_beu1.tdf Line: 14258
        Warning (14320): Synthesized away node "Systolic_Top:conv1_inst|ofmap_mem:o_mem|altsyncram:mem_rtl_0|altsyncram_beu1:auto_generated|ram_block1a475" File: C:/Users/dnare/Desktop/289Q_Projects_Consolidated/Output_Stationary_Full_project/Full_project/db/altsyncram_beu1.tdf Line: 14288
        Warning (14320): Synthesized away node "Systolic_Top:conv1_inst|ofmap_mem:o_mem|altsyncram:mem_rtl_0|altsyncram_beu1:auto_generated|ram_block1a476" File: C:/Users/dnare/Desktop/289Q_Projects_Consolidated/Output_Stationary_Full_project/Full_project/db/altsyncram_beu1.tdf Line: 14318
        Warning (14320): Synthesized away node "Systolic_Top:conv1_inst|ofmap_mem:o_mem|altsyncram:mem_rtl_0|altsyncram_beu1:auto_generated|ram_block1a477" File: C:/Users/dnare/Desktop/289Q_Projects_Consolidated/Output_Stationary_Full_project/Full_project/db/altsyncram_beu1.tdf Line: 14348
        Warning (14320): Synthesized away node "Systolic_Top:conv1_inst|ofmap_mem:o_mem|altsyncram:mem_rtl_0|altsyncram_beu1:auto_generated|ram_block1a478" File: C:/Users/dnare/Desktop/289Q_Projects_Consolidated/Output_Stationary_Full_project/Full_project/db/altsyncram_beu1.tdf Line: 14378
        Warning (14320): Synthesized away node "Systolic_Top:conv1_inst|ofmap_mem:o_mem|altsyncram:mem_rtl_0|altsyncram_beu1:auto_generated|ram_block1a479" File: C:/Users/dnare/Desktop/289Q_Projects_Consolidated/Output_Stationary_Full_project/Full_project/db/altsyncram_beu1.tdf Line: 14408
        Warning (14320): Synthesized away node "Systolic_Top:conv1_inst|ofmap_mem:o_mem|altsyncram:mem_rtl_0|altsyncram_beu1:auto_generated|ram_block1a480" File: C:/Users/dnare/Desktop/289Q_Projects_Consolidated/Output_Stationary_Full_project/Full_project/db/altsyncram_beu1.tdf Line: 14438
        Warning (14320): Synthesized away node "Systolic_Top:conv1_inst|ofmap_mem:o_mem|altsyncram:mem_rtl_0|altsyncram_beu1:auto_generated|ram_block1a481" File: C:/Users/dnare/Desktop/289Q_Projects_Consolidated/Output_Stationary_Full_project/Full_project/db/altsyncram_beu1.tdf Line: 14468
        Warning (14320): Synthesized away node "Systolic_Top:conv1_inst|ofmap_mem:o_mem|altsyncram:mem_rtl_0|altsyncram_beu1:auto_generated|ram_block1a482" File: C:/Users/dnare/Desktop/289Q_Projects_Consolidated/Output_Stationary_Full_project/Full_project/db/altsyncram_beu1.tdf Line: 14498
        Warning (14320): Synthesized away node "Systolic_Top:conv1_inst|ofmap_mem:o_mem|altsyncram:mem_rtl_0|altsyncram_beu1:auto_generated|ram_block1a483" File: C:/Users/dnare/Desktop/289Q_Projects_Consolidated/Output_Stationary_Full_project/Full_project/db/altsyncram_beu1.tdf Line: 14528
        Warning (14320): Synthesized away node "Systolic_Top:conv1_inst|ofmap_mem:o_mem|altsyncram:mem_rtl_0|altsyncram_beu1:auto_generated|ram_block1a484" File: C:/Users/dnare/Desktop/289Q_Projects_Consolidated/Output_Stationary_Full_project/Full_project/db/altsyncram_beu1.tdf Line: 14558
        Warning (14320): Synthesized away node "Systolic_Top:conv1_inst|ofmap_mem:o_mem|altsyncram:mem_rtl_0|altsyncram_beu1:auto_generated|ram_block1a485" File: C:/Users/dnare/Desktop/289Q_Projects_Consolidated/Output_Stationary_Full_project/Full_project/db/altsyncram_beu1.tdf Line: 14588
        Warning (14320): Synthesized away node "Systolic_Top:conv1_inst|ofmap_mem:o_mem|altsyncram:mem_rtl_0|altsyncram_beu1:auto_generated|ram_block1a486" File: C:/Users/dnare/Desktop/289Q_Projects_Consolidated/Output_Stationary_Full_project/Full_project/db/altsyncram_beu1.tdf Line: 14618
        Warning (14320): Synthesized away node "Systolic_Top:conv1_inst|ofmap_mem:o_mem|altsyncram:mem_rtl_0|altsyncram_beu1:auto_generated|ram_block1a487" File: C:/Users/dnare/Desktop/289Q_Projects_Consolidated/Output_Stationary_Full_project/Full_project/db/altsyncram_beu1.tdf Line: 14648
        Warning (14320): Synthesized away node "Systolic_Top:conv1_inst|ofmap_mem:o_mem|altsyncram:mem_rtl_0|altsyncram_beu1:auto_generated|ram_block1a488" File: C:/Users/dnare/Desktop/289Q_Projects_Consolidated/Output_Stationary_Full_project/Full_project/db/altsyncram_beu1.tdf Line: 14678
        Warning (14320): Synthesized away node "Systolic_Top:conv1_inst|ofmap_mem:o_mem|altsyncram:mem_rtl_0|altsyncram_beu1:auto_generated|ram_block1a489" File: C:/Users/dnare/Desktop/289Q_Projects_Consolidated/Output_Stationary_Full_project/Full_project/db/altsyncram_beu1.tdf Line: 14708
        Warning (14320): Synthesized away node "Systolic_Top:conv1_inst|ofmap_mem:o_mem|altsyncram:mem_rtl_0|altsyncram_beu1:auto_generated|ram_block1a490" File: C:/Users/dnare/Desktop/289Q_Projects_Consolidated/Output_Stationary_Full_project/Full_project/db/altsyncram_beu1.tdf Line: 14738
        Warning (14320): Synthesized away node "Systolic_Top:conv1_inst|ofmap_mem:o_mem|altsyncram:mem_rtl_0|altsyncram_beu1:auto_generated|ram_block1a491" File: C:/Users/dnare/Desktop/289Q_Projects_Consolidated/Output_Stationary_Full_project/Full_project/db/altsyncram_beu1.tdf Line: 14768
        Warning (14320): Synthesized away node "Systolic_Top:conv1_inst|ofmap_mem:o_mem|altsyncram:mem_rtl_0|altsyncram_beu1:auto_generated|ram_block1a492" File: C:/Users/dnare/Desktop/289Q_Projects_Consolidated/Output_Stationary_Full_project/Full_project/db/altsyncram_beu1.tdf Line: 14798
        Warning (14320): Synthesized away node "Systolic_Top:conv1_inst|ofmap_mem:o_mem|altsyncram:mem_rtl_0|altsyncram_beu1:auto_generated|ram_block1a493" File: C:/Users/dnare/Desktop/289Q_Projects_Consolidated/Output_Stationary_Full_project/Full_project/db/altsyncram_beu1.tdf Line: 14828
        Warning (14320): Synthesized away node "Systolic_Top:conv1_inst|ofmap_mem:o_mem|altsyncram:mem_rtl_0|altsyncram_beu1:auto_generated|ram_block1a494" File: C:/Users/dnare/Desktop/289Q_Projects_Consolidated/Output_Stationary_Full_project/Full_project/db/altsyncram_beu1.tdf Line: 14858
        Warning (14320): Synthesized away node "Systolic_Top:conv1_inst|ofmap_mem:o_mem|altsyncram:mem_rtl_0|altsyncram_beu1:auto_generated|ram_block1a495" File: C:/Users/dnare/Desktop/289Q_Projects_Consolidated/Output_Stationary_Full_project/Full_project/db/altsyncram_beu1.tdf Line: 14888
        Warning (14320): Synthesized away node "Systolic_Top:conv1_inst|ofmap_mem:o_mem|altsyncram:mem_rtl_0|altsyncram_beu1:auto_generated|ram_block1a496" File: C:/Users/dnare/Desktop/289Q_Projects_Consolidated/Output_Stationary_Full_project/Full_project/db/altsyncram_beu1.tdf Line: 14918
        Warning (14320): Synthesized away node "Systolic_Top:conv1_inst|ofmap_mem:o_mem|altsyncram:mem_rtl_0|altsyncram_beu1:auto_generated|ram_block1a497" File: C:/Users/dnare/Desktop/289Q_Projects_Consolidated/Output_Stationary_Full_project/Full_project/db/altsyncram_beu1.tdf Line: 14948
        Warning (14320): Synthesized away node "Systolic_Top:conv1_inst|ofmap_mem:o_mem|altsyncram:mem_rtl_0|altsyncram_beu1:auto_generated|ram_block1a498" File: C:/Users/dnare/Desktop/289Q_Projects_Consolidated/Output_Stationary_Full_project/Full_project/db/altsyncram_beu1.tdf Line: 14978
        Warning (14320): Synthesized away node "Systolic_Top:conv1_inst|ofmap_mem:o_mem|altsyncram:mem_rtl_0|altsyncram_beu1:auto_generated|ram_block1a499" File: C:/Users/dnare/Desktop/289Q_Projects_Consolidated/Output_Stationary_Full_project/Full_project/db/altsyncram_beu1.tdf Line: 15008
        Warning (14320): Synthesized away node "Systolic_Top:conv1_inst|ofmap_mem:o_mem|altsyncram:mem_rtl_0|altsyncram_beu1:auto_generated|ram_block1a500" File: C:/Users/dnare/Desktop/289Q_Projects_Consolidated/Output_Stationary_Full_project/Full_project/db/altsyncram_beu1.tdf Line: 15038
        Warning (14320): Synthesized away node "Systolic_Top:conv1_inst|ofmap_mem:o_mem|altsyncram:mem_rtl_0|altsyncram_beu1:auto_generated|ram_block1a501" File: C:/Users/dnare/Desktop/289Q_Projects_Consolidated/Output_Stationary_Full_project/Full_project/db/altsyncram_beu1.tdf Line: 15068
        Warning (14320): Synthesized away node "Systolic_Top:conv1_inst|ofmap_mem:o_mem|altsyncram:mem_rtl_0|altsyncram_beu1:auto_generated|ram_block1a502" File: C:/Users/dnare/Desktop/289Q_Projects_Consolidated/Output_Stationary_Full_project/Full_project/db/altsyncram_beu1.tdf Line: 15098
        Warning (14320): Synthesized away node "Systolic_Top:conv1_inst|ofmap_mem:o_mem|altsyncram:mem_rtl_0|altsyncram_beu1:auto_generated|ram_block1a503" File: C:/Users/dnare/Desktop/289Q_Projects_Consolidated/Output_Stationary_Full_project/Full_project/db/altsyncram_beu1.tdf Line: 15128
        Warning (14320): Synthesized away node "Systolic_Top:conv1_inst|ofmap_mem:o_mem|altsyncram:mem_rtl_0|altsyncram_beu1:auto_generated|ram_block1a504" File: C:/Users/dnare/Desktop/289Q_Projects_Consolidated/Output_Stationary_Full_project/Full_project/db/altsyncram_beu1.tdf Line: 15158
        Warning (14320): Synthesized away node "Systolic_Top:conv1_inst|ofmap_mem:o_mem|altsyncram:mem_rtl_0|altsyncram_beu1:auto_generated|ram_block1a505" File: C:/Users/dnare/Desktop/289Q_Projects_Consolidated/Output_Stationary_Full_project/Full_project/db/altsyncram_beu1.tdf Line: 15188
        Warning (14320): Synthesized away node "Systolic_Top:conv1_inst|ofmap_mem:o_mem|altsyncram:mem_rtl_0|altsyncram_beu1:auto_generated|ram_block1a506" File: C:/Users/dnare/Desktop/289Q_Projects_Consolidated/Output_Stationary_Full_project/Full_project/db/altsyncram_beu1.tdf Line: 15218
        Warning (14320): Synthesized away node "Systolic_Top:conv1_inst|ofmap_mem:o_mem|altsyncram:mem_rtl_0|altsyncram_beu1:auto_generated|ram_block1a507" File: C:/Users/dnare/Desktop/289Q_Projects_Consolidated/Output_Stationary_Full_project/Full_project/db/altsyncram_beu1.tdf Line: 15248
        Warning (14320): Synthesized away node "Systolic_Top:conv1_inst|ofmap_mem:o_mem|altsyncram:mem_rtl_0|altsyncram_beu1:auto_generated|ram_block1a508" File: C:/Users/dnare/Desktop/289Q_Projects_Consolidated/Output_Stationary_Full_project/Full_project/db/altsyncram_beu1.tdf Line: 15278
        Warning (14320): Synthesized away node "Systolic_Top:conv1_inst|ofmap_mem:o_mem|altsyncram:mem_rtl_0|altsyncram_beu1:auto_generated|ram_block1a509" File: C:/Users/dnare/Desktop/289Q_Projects_Consolidated/Output_Stationary_Full_project/Full_project/db/altsyncram_beu1.tdf Line: 15308
        Warning (14320): Synthesized away node "Systolic_Top:conv1_inst|ofmap_mem:o_mem|altsyncram:mem_rtl_0|altsyncram_beu1:auto_generated|ram_block1a510" File: C:/Users/dnare/Desktop/289Q_Projects_Consolidated/Output_Stationary_Full_project/Full_project/db/altsyncram_beu1.tdf Line: 15338
        Warning (14320): Synthesized away node "Systolic_Top:conv1_inst|ofmap_mem:o_mem|altsyncram:mem_rtl_0|altsyncram_beu1:auto_generated|ram_block1a511" File: C:/Users/dnare/Desktop/289Q_Projects_Consolidated/Output_Stationary_Full_project/Full_project/db/altsyncram_beu1.tdf Line: 15368
Warning (14284): Synthesized away the following node(s):
    Warning (14285): Synthesized away the following RAM node(s):
        Warning (14320): Synthesized away node "Systolic_Top:conv1_inst|weight_mem:w_mem|altsyncram:mem_rtl_0|altsyncram_4nf1:auto_generated|ram_block1a64" File: C:/Users/dnare/Desktop/289Q_Projects_Consolidated/Output_Stationary_Full_project/Full_project/db/altsyncram_4nf1.tdf Line: 1379
        Warning (14320): Synthesized away node "Systolic_Top:conv1_inst|weight_mem:w_mem|altsyncram:mem_rtl_0|altsyncram_4nf1:auto_generated|ram_block1a65" File: C:/Users/dnare/Desktop/289Q_Projects_Consolidated/Output_Stationary_Full_project/Full_project/db/altsyncram_4nf1.tdf Line: 1400
        Warning (14320): Synthesized away node "Systolic_Top:conv1_inst|weight_mem:w_mem|altsyncram:mem_rtl_0|altsyncram_4nf1:auto_generated|ram_block1a66" File: C:/Users/dnare/Desktop/289Q_Projects_Consolidated/Output_Stationary_Full_project/Full_project/db/altsyncram_4nf1.tdf Line: 1421
        Warning (14320): Synthesized away node "Systolic_Top:conv1_inst|weight_mem:w_mem|altsyncram:mem_rtl_0|altsyncram_4nf1:auto_generated|ram_block1a67" File: C:/Users/dnare/Desktop/289Q_Projects_Consolidated/Output_Stationary_Full_project/Full_project/db/altsyncram_4nf1.tdf Line: 1442
        Warning (14320): Synthesized away node "Systolic_Top:conv1_inst|weight_mem:w_mem|altsyncram:mem_rtl_0|altsyncram_4nf1:auto_generated|ram_block1a68" File: C:/Users/dnare/Desktop/289Q_Projects_Consolidated/Output_Stationary_Full_project/Full_project/db/altsyncram_4nf1.tdf Line: 1463
        Warning (14320): Synthesized away node "Systolic_Top:conv1_inst|weight_mem:w_mem|altsyncram:mem_rtl_0|altsyncram_4nf1:auto_generated|ram_block1a69" File: C:/Users/dnare/Desktop/289Q_Projects_Consolidated/Output_Stationary_Full_project/Full_project/db/altsyncram_4nf1.tdf Line: 1484
        Warning (14320): Synthesized away node "Systolic_Top:conv1_inst|weight_mem:w_mem|altsyncram:mem_rtl_0|altsyncram_4nf1:auto_generated|ram_block1a70" File: C:/Users/dnare/Desktop/289Q_Projects_Consolidated/Output_Stationary_Full_project/Full_project/db/altsyncram_4nf1.tdf Line: 1505
        Warning (14320): Synthesized away node "Systolic_Top:conv1_inst|weight_mem:w_mem|altsyncram:mem_rtl_0|altsyncram_4nf1:auto_generated|ram_block1a71" File: C:/Users/dnare/Desktop/289Q_Projects_Consolidated/Output_Stationary_Full_project/Full_project/db/altsyncram_4nf1.tdf Line: 1526
        Warning (14320): Synthesized away node "Systolic_Top:conv1_inst|weight_mem:w_mem|altsyncram:mem_rtl_0|altsyncram_4nf1:auto_generated|ram_block1a72" File: C:/Users/dnare/Desktop/289Q_Projects_Consolidated/Output_Stationary_Full_project/Full_project/db/altsyncram_4nf1.tdf Line: 1547
        Warning (14320): Synthesized away node "Systolic_Top:conv1_inst|weight_mem:w_mem|altsyncram:mem_rtl_0|altsyncram_4nf1:auto_generated|ram_block1a73" File: C:/Users/dnare/Desktop/289Q_Projects_Consolidated/Output_Stationary_Full_project/Full_project/db/altsyncram_4nf1.tdf Line: 1568
        Warning (14320): Synthesized away node "Systolic_Top:conv1_inst|weight_mem:w_mem|altsyncram:mem_rtl_0|altsyncram_4nf1:auto_generated|ram_block1a74" File: C:/Users/dnare/Desktop/289Q_Projects_Consolidated/Output_Stationary_Full_project/Full_project/db/altsyncram_4nf1.tdf Line: 1589
        Warning (14320): Synthesized away node "Systolic_Top:conv1_inst|weight_mem:w_mem|altsyncram:mem_rtl_0|altsyncram_4nf1:auto_generated|ram_block1a75" File: C:/Users/dnare/Desktop/289Q_Projects_Consolidated/Output_Stationary_Full_project/Full_project/db/altsyncram_4nf1.tdf Line: 1610
        Warning (14320): Synthesized away node "Systolic_Top:conv1_inst|weight_mem:w_mem|altsyncram:mem_rtl_0|altsyncram_4nf1:auto_generated|ram_block1a76" File: C:/Users/dnare/Desktop/289Q_Projects_Consolidated/Output_Stationary_Full_project/Full_project/db/altsyncram_4nf1.tdf Line: 1631
        Warning (14320): Synthesized away node "Systolic_Top:conv1_inst|weight_mem:w_mem|altsyncram:mem_rtl_0|altsyncram_4nf1:auto_generated|ram_block1a77" File: C:/Users/dnare/Desktop/289Q_Projects_Consolidated/Output_Stationary_Full_project/Full_project/db/altsyncram_4nf1.tdf Line: 1652
        Warning (14320): Synthesized away node "Systolic_Top:conv1_inst|weight_mem:w_mem|altsyncram:mem_rtl_0|altsyncram_4nf1:auto_generated|ram_block1a78" File: C:/Users/dnare/Desktop/289Q_Projects_Consolidated/Output_Stationary_Full_project/Full_project/db/altsyncram_4nf1.tdf Line: 1673
        Warning (14320): Synthesized away node "Systolic_Top:conv1_inst|weight_mem:w_mem|altsyncram:mem_rtl_0|altsyncram_4nf1:auto_generated|ram_block1a79" File: C:/Users/dnare/Desktop/289Q_Projects_Consolidated/Output_Stationary_Full_project/Full_project/db/altsyncram_4nf1.tdf Line: 1694
        Warning (14320): Synthesized away node "Systolic_Top:conv1_inst|weight_mem:w_mem|altsyncram:mem_rtl_0|altsyncram_4nf1:auto_generated|ram_block1a80" File: C:/Users/dnare/Desktop/289Q_Projects_Consolidated/Output_Stationary_Full_project/Full_project/db/altsyncram_4nf1.tdf Line: 1715
        Warning (14320): Synthesized away node "Systolic_Top:conv1_inst|weight_mem:w_mem|altsyncram:mem_rtl_0|altsyncram_4nf1:auto_generated|ram_block1a81" File: C:/Users/dnare/Desktop/289Q_Projects_Consolidated/Output_Stationary_Full_project/Full_project/db/altsyncram_4nf1.tdf Line: 1736
        Warning (14320): Synthesized away node "Systolic_Top:conv1_inst|weight_mem:w_mem|altsyncram:mem_rtl_0|altsyncram_4nf1:auto_generated|ram_block1a82" File: C:/Users/dnare/Desktop/289Q_Projects_Consolidated/Output_Stationary_Full_project/Full_project/db/altsyncram_4nf1.tdf Line: 1757
        Warning (14320): Synthesized away node "Systolic_Top:conv1_inst|weight_mem:w_mem|altsyncram:mem_rtl_0|altsyncram_4nf1:auto_generated|ram_block1a83" File: C:/Users/dnare/Desktop/289Q_Projects_Consolidated/Output_Stationary_Full_project/Full_project/db/altsyncram_4nf1.tdf Line: 1778
        Warning (14320): Synthesized away node "Systolic_Top:conv1_inst|weight_mem:w_mem|altsyncram:mem_rtl_0|altsyncram_4nf1:auto_generated|ram_block1a84" File: C:/Users/dnare/Desktop/289Q_Projects_Consolidated/Output_Stationary_Full_project/Full_project/db/altsyncram_4nf1.tdf Line: 1799
        Warning (14320): Synthesized away node "Systolic_Top:conv1_inst|weight_mem:w_mem|altsyncram:mem_rtl_0|altsyncram_4nf1:auto_generated|ram_block1a85" File: C:/Users/dnare/Desktop/289Q_Projects_Consolidated/Output_Stationary_Full_project/Full_project/db/altsyncram_4nf1.tdf Line: 1820
        Warning (14320): Synthesized away node "Systolic_Top:conv1_inst|weight_mem:w_mem|altsyncram:mem_rtl_0|altsyncram_4nf1:auto_generated|ram_block1a86" File: C:/Users/dnare/Desktop/289Q_Projects_Consolidated/Output_Stationary_Full_project/Full_project/db/altsyncram_4nf1.tdf Line: 1841
        Warning (14320): Synthesized away node "Systolic_Top:conv1_inst|weight_mem:w_mem|altsyncram:mem_rtl_0|altsyncram_4nf1:auto_generated|ram_block1a87" File: C:/Users/dnare/Desktop/289Q_Projects_Consolidated/Output_Stationary_Full_project/Full_project/db/altsyncram_4nf1.tdf Line: 1862
        Warning (14320): Synthesized away node "Systolic_Top:conv1_inst|weight_mem:w_mem|altsyncram:mem_rtl_0|altsyncram_4nf1:auto_generated|ram_block1a88" File: C:/Users/dnare/Desktop/289Q_Projects_Consolidated/Output_Stationary_Full_project/Full_project/db/altsyncram_4nf1.tdf Line: 1883
        Warning (14320): Synthesized away node "Systolic_Top:conv1_inst|weight_mem:w_mem|altsyncram:mem_rtl_0|altsyncram_4nf1:auto_generated|ram_block1a89" File: C:/Users/dnare/Desktop/289Q_Projects_Consolidated/Output_Stationary_Full_project/Full_project/db/altsyncram_4nf1.tdf Line: 1904
        Warning (14320): Synthesized away node "Systolic_Top:conv1_inst|weight_mem:w_mem|altsyncram:mem_rtl_0|altsyncram_4nf1:auto_generated|ram_block1a90" File: C:/Users/dnare/Desktop/289Q_Projects_Consolidated/Output_Stationary_Full_project/Full_project/db/altsyncram_4nf1.tdf Line: 1925
        Warning (14320): Synthesized away node "Systolic_Top:conv1_inst|weight_mem:w_mem|altsyncram:mem_rtl_0|altsyncram_4nf1:auto_generated|ram_block1a91" File: C:/Users/dnare/Desktop/289Q_Projects_Consolidated/Output_Stationary_Full_project/Full_project/db/altsyncram_4nf1.tdf Line: 1946
        Warning (14320): Synthesized away node "Systolic_Top:conv1_inst|weight_mem:w_mem|altsyncram:mem_rtl_0|altsyncram_4nf1:auto_generated|ram_block1a92" File: C:/Users/dnare/Desktop/289Q_Projects_Consolidated/Output_Stationary_Full_project/Full_project/db/altsyncram_4nf1.tdf Line: 1967
        Warning (14320): Synthesized away node "Systolic_Top:conv1_inst|weight_mem:w_mem|altsyncram:mem_rtl_0|altsyncram_4nf1:auto_generated|ram_block1a93" File: C:/Users/dnare/Desktop/289Q_Projects_Consolidated/Output_Stationary_Full_project/Full_project/db/altsyncram_4nf1.tdf Line: 1988
        Warning (14320): Synthesized away node "Systolic_Top:conv1_inst|weight_mem:w_mem|altsyncram:mem_rtl_0|altsyncram_4nf1:auto_generated|ram_block1a94" File: C:/Users/dnare/Desktop/289Q_Projects_Consolidated/Output_Stationary_Full_project/Full_project/db/altsyncram_4nf1.tdf Line: 2009
        Warning (14320): Synthesized away node "Systolic_Top:conv1_inst|weight_mem:w_mem|altsyncram:mem_rtl_0|altsyncram_4nf1:auto_generated|ram_block1a95" File: C:/Users/dnare/Desktop/289Q_Projects_Consolidated/Output_Stationary_Full_project/Full_project/db/altsyncram_4nf1.tdf Line: 2030
        Warning (14320): Synthesized away node "Systolic_Top:conv1_inst|weight_mem:w_mem|altsyncram:mem_rtl_0|altsyncram_4nf1:auto_generated|ram_block1a96" File: C:/Users/dnare/Desktop/289Q_Projects_Consolidated/Output_Stationary_Full_project/Full_project/db/altsyncram_4nf1.tdf Line: 2051
        Warning (14320): Synthesized away node "Systolic_Top:conv1_inst|weight_mem:w_mem|altsyncram:mem_rtl_0|altsyncram_4nf1:auto_generated|ram_block1a97" File: C:/Users/dnare/Desktop/289Q_Projects_Consolidated/Output_Stationary_Full_project/Full_project/db/altsyncram_4nf1.tdf Line: 2072
        Warning (14320): Synthesized away node "Systolic_Top:conv1_inst|weight_mem:w_mem|altsyncram:mem_rtl_0|altsyncram_4nf1:auto_generated|ram_block1a98" File: C:/Users/dnare/Desktop/289Q_Projects_Consolidated/Output_Stationary_Full_project/Full_project/db/altsyncram_4nf1.tdf Line: 2093
        Warning (14320): Synthesized away node "Systolic_Top:conv1_inst|weight_mem:w_mem|altsyncram:mem_rtl_0|altsyncram_4nf1:auto_generated|ram_block1a99" File: C:/Users/dnare/Desktop/289Q_Projects_Consolidated/Output_Stationary_Full_project/Full_project/db/altsyncram_4nf1.tdf Line: 2114
        Warning (14320): Synthesized away node "Systolic_Top:conv1_inst|weight_mem:w_mem|altsyncram:mem_rtl_0|altsyncram_4nf1:auto_generated|ram_block1a100" File: C:/Users/dnare/Desktop/289Q_Projects_Consolidated/Output_Stationary_Full_project/Full_project/db/altsyncram_4nf1.tdf Line: 2135
        Warning (14320): Synthesized away node "Systolic_Top:conv1_inst|weight_mem:w_mem|altsyncram:mem_rtl_0|altsyncram_4nf1:auto_generated|ram_block1a101" File: C:/Users/dnare/Desktop/289Q_Projects_Consolidated/Output_Stationary_Full_project/Full_project/db/altsyncram_4nf1.tdf Line: 2156
        Warning (14320): Synthesized away node "Systolic_Top:conv1_inst|weight_mem:w_mem|altsyncram:mem_rtl_0|altsyncram_4nf1:auto_generated|ram_block1a102" File: C:/Users/dnare/Desktop/289Q_Projects_Consolidated/Output_Stationary_Full_project/Full_project/db/altsyncram_4nf1.tdf Line: 2177
        Warning (14320): Synthesized away node "Systolic_Top:conv1_inst|weight_mem:w_mem|altsyncram:mem_rtl_0|altsyncram_4nf1:auto_generated|ram_block1a103" File: C:/Users/dnare/Desktop/289Q_Projects_Consolidated/Output_Stationary_Full_project/Full_project/db/altsyncram_4nf1.tdf Line: 2198
        Warning (14320): Synthesized away node "Systolic_Top:conv1_inst|weight_mem:w_mem|altsyncram:mem_rtl_0|altsyncram_4nf1:auto_generated|ram_block1a104" File: C:/Users/dnare/Desktop/289Q_Projects_Consolidated/Output_Stationary_Full_project/Full_project/db/altsyncram_4nf1.tdf Line: 2219
        Warning (14320): Synthesized away node "Systolic_Top:conv1_inst|weight_mem:w_mem|altsyncram:mem_rtl_0|altsyncram_4nf1:auto_generated|ram_block1a105" File: C:/Users/dnare/Desktop/289Q_Projects_Consolidated/Output_Stationary_Full_project/Full_project/db/altsyncram_4nf1.tdf Line: 2240
        Warning (14320): Synthesized away node "Systolic_Top:conv1_inst|weight_mem:w_mem|altsyncram:mem_rtl_0|altsyncram_4nf1:auto_generated|ram_block1a106" File: C:/Users/dnare/Desktop/289Q_Projects_Consolidated/Output_Stationary_Full_project/Full_project/db/altsyncram_4nf1.tdf Line: 2261
        Warning (14320): Synthesized away node "Systolic_Top:conv1_inst|weight_mem:w_mem|altsyncram:mem_rtl_0|altsyncram_4nf1:auto_generated|ram_block1a107" File: C:/Users/dnare/Desktop/289Q_Projects_Consolidated/Output_Stationary_Full_project/Full_project/db/altsyncram_4nf1.tdf Line: 2282
        Warning (14320): Synthesized away node "Systolic_Top:conv1_inst|weight_mem:w_mem|altsyncram:mem_rtl_0|altsyncram_4nf1:auto_generated|ram_block1a108" File: C:/Users/dnare/Desktop/289Q_Projects_Consolidated/Output_Stationary_Full_project/Full_project/db/altsyncram_4nf1.tdf Line: 2303
        Warning (14320): Synthesized away node "Systolic_Top:conv1_inst|weight_mem:w_mem|altsyncram:mem_rtl_0|altsyncram_4nf1:auto_generated|ram_block1a109" File: C:/Users/dnare/Desktop/289Q_Projects_Consolidated/Output_Stationary_Full_project/Full_project/db/altsyncram_4nf1.tdf Line: 2324
        Warning (14320): Synthesized away node "Systolic_Top:conv1_inst|weight_mem:w_mem|altsyncram:mem_rtl_0|altsyncram_4nf1:auto_generated|ram_block1a110" File: C:/Users/dnare/Desktop/289Q_Projects_Consolidated/Output_Stationary_Full_project/Full_project/db/altsyncram_4nf1.tdf Line: 2345
        Warning (14320): Synthesized away node "Systolic_Top:conv1_inst|weight_mem:w_mem|altsyncram:mem_rtl_0|altsyncram_4nf1:auto_generated|ram_block1a111" File: C:/Users/dnare/Desktop/289Q_Projects_Consolidated/Output_Stationary_Full_project/Full_project/db/altsyncram_4nf1.tdf Line: 2366
        Warning (14320): Synthesized away node "Systolic_Top:conv1_inst|weight_mem:w_mem|altsyncram:mem_rtl_0|altsyncram_4nf1:auto_generated|ram_block1a112" File: C:/Users/dnare/Desktop/289Q_Projects_Consolidated/Output_Stationary_Full_project/Full_project/db/altsyncram_4nf1.tdf Line: 2387
        Warning (14320): Synthesized away node "Systolic_Top:conv1_inst|weight_mem:w_mem|altsyncram:mem_rtl_0|altsyncram_4nf1:auto_generated|ram_block1a113" File: C:/Users/dnare/Desktop/289Q_Projects_Consolidated/Output_Stationary_Full_project/Full_project/db/altsyncram_4nf1.tdf Line: 2408
        Warning (14320): Synthesized away node "Systolic_Top:conv1_inst|weight_mem:w_mem|altsyncram:mem_rtl_0|altsyncram_4nf1:auto_generated|ram_block1a114" File: C:/Users/dnare/Desktop/289Q_Projects_Consolidated/Output_Stationary_Full_project/Full_project/db/altsyncram_4nf1.tdf Line: 2429
        Warning (14320): Synthesized away node "Systolic_Top:conv1_inst|weight_mem:w_mem|altsyncram:mem_rtl_0|altsyncram_4nf1:auto_generated|ram_block1a115" File: C:/Users/dnare/Desktop/289Q_Projects_Consolidated/Output_Stationary_Full_project/Full_project/db/altsyncram_4nf1.tdf Line: 2450
        Warning (14320): Synthesized away node "Systolic_Top:conv1_inst|weight_mem:w_mem|altsyncram:mem_rtl_0|altsyncram_4nf1:auto_generated|ram_block1a116" File: C:/Users/dnare/Desktop/289Q_Projects_Consolidated/Output_Stationary_Full_project/Full_project/db/altsyncram_4nf1.tdf Line: 2471
        Warning (14320): Synthesized away node "Systolic_Top:conv1_inst|weight_mem:w_mem|altsyncram:mem_rtl_0|altsyncram_4nf1:auto_generated|ram_block1a117" File: C:/Users/dnare/Desktop/289Q_Projects_Consolidated/Output_Stationary_Full_project/Full_project/db/altsyncram_4nf1.tdf Line: 2492
        Warning (14320): Synthesized away node "Systolic_Top:conv1_inst|weight_mem:w_mem|altsyncram:mem_rtl_0|altsyncram_4nf1:auto_generated|ram_block1a118" File: C:/Users/dnare/Desktop/289Q_Projects_Consolidated/Output_Stationary_Full_project/Full_project/db/altsyncram_4nf1.tdf Line: 2513
        Warning (14320): Synthesized away node "Systolic_Top:conv1_inst|weight_mem:w_mem|altsyncram:mem_rtl_0|altsyncram_4nf1:auto_generated|ram_block1a119" File: C:/Users/dnare/Desktop/289Q_Projects_Consolidated/Output_Stationary_Full_project/Full_project/db/altsyncram_4nf1.tdf Line: 2534
        Warning (14320): Synthesized away node "Systolic_Top:conv1_inst|weight_mem:w_mem|altsyncram:mem_rtl_0|altsyncram_4nf1:auto_generated|ram_block1a120" File: C:/Users/dnare/Desktop/289Q_Projects_Consolidated/Output_Stationary_Full_project/Full_project/db/altsyncram_4nf1.tdf Line: 2555
        Warning (14320): Synthesized away node "Systolic_Top:conv1_inst|weight_mem:w_mem|altsyncram:mem_rtl_0|altsyncram_4nf1:auto_generated|ram_block1a121" File: C:/Users/dnare/Desktop/289Q_Projects_Consolidated/Output_Stationary_Full_project/Full_project/db/altsyncram_4nf1.tdf Line: 2576
        Warning (14320): Synthesized away node "Systolic_Top:conv1_inst|weight_mem:w_mem|altsyncram:mem_rtl_0|altsyncram_4nf1:auto_generated|ram_block1a122" File: C:/Users/dnare/Desktop/289Q_Projects_Consolidated/Output_Stationary_Full_project/Full_project/db/altsyncram_4nf1.tdf Line: 2597
        Warning (14320): Synthesized away node "Systolic_Top:conv1_inst|weight_mem:w_mem|altsyncram:mem_rtl_0|altsyncram_4nf1:auto_generated|ram_block1a123" File: C:/Users/dnare/Desktop/289Q_Projects_Consolidated/Output_Stationary_Full_project/Full_project/db/altsyncram_4nf1.tdf Line: 2618
        Warning (14320): Synthesized away node "Systolic_Top:conv1_inst|weight_mem:w_mem|altsyncram:mem_rtl_0|altsyncram_4nf1:auto_generated|ram_block1a124" File: C:/Users/dnare/Desktop/289Q_Projects_Consolidated/Output_Stationary_Full_project/Full_project/db/altsyncram_4nf1.tdf Line: 2639
        Warning (14320): Synthesized away node "Systolic_Top:conv1_inst|weight_mem:w_mem|altsyncram:mem_rtl_0|altsyncram_4nf1:auto_generated|ram_block1a125" File: C:/Users/dnare/Desktop/289Q_Projects_Consolidated/Output_Stationary_Full_project/Full_project/db/altsyncram_4nf1.tdf Line: 2660
        Warning (14320): Synthesized away node "Systolic_Top:conv1_inst|weight_mem:w_mem|altsyncram:mem_rtl_0|altsyncram_4nf1:auto_generated|ram_block1a126" File: C:/Users/dnare/Desktop/289Q_Projects_Consolidated/Output_Stationary_Full_project/Full_project/db/altsyncram_4nf1.tdf Line: 2681
        Warning (14320): Synthesized away node "Systolic_Top:conv1_inst|weight_mem:w_mem|altsyncram:mem_rtl_0|altsyncram_4nf1:auto_generated|ram_block1a127" File: C:/Users/dnare/Desktop/289Q_Projects_Consolidated/Output_Stationary_Full_project/Full_project/db/altsyncram_4nf1.tdf Line: 2702
Info (286030): Timing-Driven Synthesis is running
Info (17049): 273 registers lost all their fanouts during netlist optimizations.
Info (17036): Removed 3 MSB VCC or GND address nodes from RAM block "Systolic_Top:conv2_inst|ofmap_mem:o_mem|altsyncram:mem_rtl_0|altsyncram_beu1:auto_generated|ALTSYNCRAM" File: C:/Users/dnare/Desktop/289Q_Projects_Consolidated/Output_Stationary_Full_project/Full_project/db/altsyncram_beu1.tdf Line: 518
Info (17036): Removed 3 MSB VCC or GND address nodes from RAM block "Systolic_Top:conv2_inst|weight_mem:w_mem|altsyncram:mem_rtl_0|altsyncram_2qf1:auto_generated|ALTSYNCRAM" File: C:/Users/dnare/Desktop/289Q_Projects_Consolidated/Output_Stationary_Full_project/Full_project/db/altsyncram_2qf1.tdf Line: 35
Info (17036): Removed 6 MSB VCC or GND address nodes from RAM block "Systolic_Top:conv1_inst|weight_mem:w_mem|altsyncram:mem_rtl_0|altsyncram_4nf1:auto_generated|ALTSYNCRAM" File: C:/Users/dnare/Desktop/289Q_Projects_Consolidated/Output_Stationary_Full_project/Full_project/db/altsyncram_4nf1.tdf Line: 707
Info (144001): Generated suppressed messages file C:/Users/dnare/Desktop/289Q_Projects_Consolidated/Output_Stationary_Full_project/Full_project/output_files/model_top.map.smsg
Info (16010): Generating hard_block partition "hard_block:auto_generated_inst"
    Info (16011): Adding 0 node(s), including 0 DDIO, 0 PLL, 0 transceiver and 0 LCELL
Info (21057): Implemented 17018 device resources after synthesis - the final resource count might be different
    Info (21058): Implemented 3 input pins
    Info (21059): Implemented 18 output pins
    Info (21061): Implemented 15912 logic cells
    Info (21064): Implemented 1056 RAM segments
    Info (21062): Implemented 29 DSP elements
Info: Quartus Prime Analysis & Synthesis was successful. 0 errors, 376 warnings
    Info: Peak virtual memory: 5108 megabytes
    Info: Processing ended: Thu Jun 11 14:54:01 2026
    Info: Elapsed time: 00:18:57
    Info: Total CPU time (on all processors): 00:17:39


+------------------------------------------+
; Analysis & Synthesis Suppressed Messages ;
+------------------------------------------+
The suppressed messages can be found in C:/Users/dnare/Desktop/289Q_Projects_Consolidated/Output_Stationary_Full_project/Full_project/output_files/model_top.map.smsg.


